Course_id,Course_title,Course_description,Course_level,Course_competencies,Course_instructor,Course_prerequisites,Course_slot,Course_capacity,Course_department,course_overall_rating,Course_industryfit,Course_credits
AMD5050,Minor Project,"Minor Project introduces core concepts and practical techniques related to minor project.
Students will learn theory and hands-on skills, with assignments and projects to apply knowledge.",5.0,"['Technical Writing', 'Project Management', 'Research']",ROHIT S NAIR,[],X,15.0,AMD,3.56,[],0.0
AMD7100,M.Tech. Cornerstone Project,"M.Tech. Cornerstone Project introduces core concepts and practical techniques related to m.tech. cornerstone project.
Students will learn theory and hands-on skills, with assignments and projects to apply knowledge.",7.0,"['Technical Writing', 'Project Management', 'Research']",ARJUN SHARMA,[],X,30.0,AMD,1.1,[],0.0
AMD8021,M.S.(R) Thesis,"M.S.(R) Thesis introduces core concepts and practical techniques related to m.s.(r) thesis.
Students will learn theory and hands-on skills, with assignments and projects to apply knowledge.",8.0,"['Technical Writing', 'Project Management', 'Research']",RITABRATA THAKUR,[],X,30.0,AMD,2.1,[],0.0
AMD812,Major Project Part-Ii,"Major Project Part-Ii introduces core concepts and practical techniques related to major project part-ii.
Students will learn theory and hands-on skills, with assignments and projects to apply knowledge.",8.0,"['Technical Writing', 'Project Management', 'Research']",ARJUN SHARMA,[],X,60.0,AMD,1.89,[],0.0
AML1050,Engineering Thermodynamics,"Engineering Thermodynamics introduces core concepts and practical techniques related to engineering thermodynamics.
Students will learn theory and hands-on skills, with assignments and projects to apply knowledge.",1.0,"['Modeling & Simulation', 'Problem Solving', 'Engineering Analysis']",ANUPAM DEWAN,[],X,35.0,AML,3.95,[],3.0
AML5060,Submarine Design,"Submarine Design introduces core concepts and practical techniques related to submarine design.
Students will learn theory and hands-on skills, with assignments and projects to apply knowledge.",5.0,"['Modeling & Simulation', 'Problem Solving', 'Engineering Analysis']",KIRAN RAMESH,[],X,15.0,AML,3.71,[],3.0
AML5080,Structural Design Of Ships,"Structural Design Of Ships introduces core concepts and practical techniques related to structural design of ships.
Students will learn theory and hands-on skills, with assignments and projects to apply knowledge.",5.0,"['Modeling & Simulation', 'Problem Solving', 'Engineering Analysis']",ROHIT S NAIR,[],X,15.0,AML,4.57,[],3.0
AML7050,Experimental Methods For Solids &Amp; Fluids,"Experimental Methods For Solids &Amp; Fluids introduces core concepts and practical techniques related to experimental methods for solids &amp; fluids.
Students will learn theory and hands-on skills, with assignments and projects to apply knowledge.",7.0,"['Modeling & Simulation', 'Problem Solving', 'Engineering Analysis']",VIKRANT TIWARI,[],B,60.0,AML,1.35,[],2.0
AML7060,Advanced Dynamics,"Advanced Dynamics introduces core concepts and practical techniques related to advanced dynamics.
Students will learn theory and hands-on skills, with assignments and projects to apply knowledge.",7.0,"['Modeling & Simulation', 'Problem Solving', 'Engineering Analysis']",RAJDIP NAYEK,[],F,60.0,AML,2.69,[],3.0
AML7070,Finite Element Method,"Finite Element Method introduces core concepts and practical techniques related to finite element method.
Students will learn theory and hands-on skills, with assignments and projects to apply knowledge.",7.0,"['Foundational Knowledge', 'Problem Solving']",BADRI PRASAD PATEL,[],D,60.0,AML,1.12,[],3.0
AML7080,Computational Fluid Dynamics,"Computational Fluid Dynamics introduces core concepts and practical techniques related to computational fluid dynamics.
Students will learn theory and hands-on skills, with assignments and projects to apply knowledge.",7.0,"['Modeling & Simulation', 'Problem Solving', 'Engineering Analysis']",SAWAN SUMAN SINHA,[],E,60.0,AML,1.87,[],3.0
AML7090,Systems Engineering And Design,"Systems Engineering And Design introduces core concepts and practical techniques related to systems engineering and design.
Students will learn theory and hands-on skills, with assignments and projects to apply knowledge.",7.0,"['Debugging', 'Modeling & Simulation', 'Software Design', 'Programming', 'Engineering Analysis', 'Problem Solving', 'System Design']",VAMSI KRISHNA CHALAMALLA,[],B,60.0,AML,3.02,"['SDE', 'Software Engineer', 'Developer']",1.0
AML7210,Theory Of Plates And Shells,"Theory Of Plates And Shells introduces core concepts and practical techniques related to theory of plates and shells.
Students will learn theory and hands-on skills, with assignments and projects to apply knowledge.",7.0,"['Foundational Knowledge', 'Problem Solving']",NIKHIL WALANI,[],J,15.0,AML,1.11,[],3.0
AML7220,Stability Of Structures,"Stability Of Structures introduces core concepts and practical techniques related to stability of structures.
Students will learn theory and hands-on skills, with assignments and projects to apply knowledge.",7.0,"['Foundational Knowledge', 'Problem Solving']",MALOY KUMAR SINGHA,[],H,15.0,AML,1.8,[],3.0
AML7270,Fatigue Failure And Design,"Fatigue Failure And Design introduces core concepts and practical techniques related to fatigue failure and design.
Students will learn theory and hands-on skills, with assignments and projects to apply knowledge.",7.0,"['Modeling & Simulation', 'Problem Solving', 'Engineering Analysis']",RITWIK BANDYOPADHYAY,[],H,15.0,AML,3.6,[],3.0
AML7400,Environmental Fluid Dynamics,"Environmental Fluid Dynamics introduces core concepts and practical techniques related to environmental fluid dynamics.
Students will learn theory and hands-on skills, with assignments and projects to apply knowledge.",7.0,"['Modeling & Simulation', 'Problem Solving', 'Engineering Analysis']",RITABRATA THAKUR,[],X,15.0,AML,3.18,[],3.0
AML7410,Physics Of Turbulent Flows,"Physics Of Turbulent Flows introduces core concepts and practical techniques related to physics of turbulent flows.
Students will learn theory and hands-on skills, with assignments and projects to apply knowledge.",7.0,"['Foundational Knowledge', 'Problem Solving']",S.V. VEERAVALLI,[],X,15.0,AML,1.88,[],3.0
AML7420,Turbulence And Its Modeling,"Turbulence And Its Modeling introduces core concepts and practical techniques related to turbulence and its modeling.
Students will learn theory and hands-on skills, with assignments and projects to apply knowledge.",7.0,"['Foundational Knowledge', 'Problem Solving']",GAURAV CHOPRA,[],J,15.0,AML,3.36,[],3.0
AML7440,Hydrodynamic Stability,"Hydrodynamic Stability introduces core concepts and practical techniques related to hydrodynamic stability.
Students will learn theory and hands-on skills, with assignments and projects to apply knowledge.",7.0,"['Foundational Knowledge', 'Problem Solving']",SANJEEV SANGHI,[],X,15.0,AML,4.24,[],3.0
AML7600,Continuum Mechanics,"Continuum Mechanics introduces core concepts and practical techniques related to continuum mechanics.
Students will learn theory and hands-on skills, with assignments and projects to apply knowledge.",7.0,"['Modeling & Simulation', 'Problem Solving', 'Engineering Analysis']",ARJUN SHARMA,[],X,15.0,AML,1.03,[],3.0
AML7610,Fluid Structure Interaction,"Fluid Structure Interaction introduces core concepts and practical techniques related to fluid structure interaction.
Students will learn theory and hands-on skills, with assignments and projects to apply knowledge.",7.0,"['Modeling & Simulation', 'Problem Solving', 'Engineering Analysis']",NARSING KUMAR JHA,[],H,15.0,AML,4.22,[],3.0
AML7650,Special Topics In Engineering Mechanics,"Special Topics In Engineering Mechanics introduces core concepts and practical techniques related to special topics in engineering mechanics.
Students will learn theory and hands-on skills, with assignments and projects to apply knowledge.",7.0,"['Modeling & Simulation', 'Problem Solving', 'Engineering Analysis']",S.V. VEERAVALLI,[],X,15.0,AML,3.79,[],3.0
AML7830,Digital Twins,"Digital Twins introduces core concepts and practical techniques related to digital twins.
Students will learn theory and hands-on skills, with assignments and projects to apply knowledge.",7.0,"['Foundational Knowledge', 'Problem Solving']",SOUVIK CHAKRABORTY,[],C,15.0,AML,2.36,[],3.0
AML7840,Parallel And High Performance Computing For Mechanics,"Parallel And High Performance Computing For Mechanics introduces core concepts and practical techniques related to parallel and high performance computing for mechanics.
Students will learn theory and hands-on skills, with assignments and projects to apply knowledge.",7.0,"['Modeling & Simulation', 'Problem Solving', 'Engineering Analysis']",PRAPANCH NAIR,[],A,15.0,AML,1.62,[],3.0
AML7870,Topology And Shape Optimization,"Topology And Shape Optimization introduces core concepts and practical techniques related to topology and shape optimization.
Students will learn theory and hands-on skills, with assignments and projects to apply knowledge.",7.0,"['Foundational Knowledge', 'Problem Solving']",PRATEEK GUPTA,[],A,15.0,AML,4.83,[],3.0
AML820,Advances In Fluid Engineering,"Advances In Fluid Engineering introduces core concepts and practical techniques related to advances in fluid engineering.
Students will learn theory and hands-on skills, with assignments and projects to apply knowledge.",8.0,"['Modeling & Simulation', 'Problem Solving', 'Engineering Analysis']",S.V. VEERAVALLI,[],X,15.0,AML,2.35,[],3.0
AML8200,Plasticity,"Plasticity introduces core concepts and practical techniques related to plasticity.
Students will learn theory and hands-on skills, with assignments and projects to apply knowledge.",8.0,"['Foundational Knowledge', 'Problem Solving']",SABYASACHI CHATTERJEE,[],X,15.0,AML,1.37,[],3.0
AML833,Applied Plasticity,"Applied Plasticity introduces core concepts and practical techniques related to applied plasticity.
Students will learn theory and hands-on skills, with assignments and projects to apply knowledge.",8.0,"['Foundational Knowledge', 'Problem Solving']",SABYASACHI CHATTERJEE,[],X,15.0,AML,1.39,[],3.0
AML834,Structural Stability,"Structural Stability introduces core concepts and practical techniques related to structural stability.
Students will learn theory and hands-on skills, with assignments and projects to apply knowledge.",8.0,"['Modeling & Simulation', 'Problem Solving', 'Engineering Analysis']",MALOY KUMAR SINGHA,[],H,15.0,AML,4.39,[],3.0
AML840,Advances In Solid Mechanics,"Advances In Solid Mechanics introduces core concepts and practical techniques related to advances in solid mechanics.
Students will learn theory and hands-on skills, with assignments and projects to apply knowledge.",8.0,"['Modeling & Simulation', 'Problem Solving', 'Engineering Analysis']",S.V. VEERAVALLI,[],X,15.0,AML,3.41,[],3.0
AMN8010,M.Tech. Teaching Practicum,"M.Tech. Teaching Practicum introduces core concepts and practical techniques related to m.tech. teaching practicum.
Students will learn theory and hands-on skills, with assignments and projects to apply knowledge.",8.0,"['Foundational Knowledge', 'Problem Solving']",SABYASACHI CHATTERJEE,[],X,30.0,AMN,4.23,[],0.0
AMN8011,M.S.(R) Teaching Practicum,"M.S.(R) Teaching Practicum introduces core concepts and practical techniques related to m.s.(r) teaching practicum.
Students will learn theory and hands-on skills, with assignments and projects to apply knowledge.",8.0,"['Foundational Knowledge', 'Problem Solving']",RITABRATA THAKUR,[],X,30.0,AMN,3.92,[],0.0
AMN8012,Ph.D. Teaching Practicum,"Ph.D. Teaching Practicum introduces core concepts and practical techniques related to ph.d. teaching practicum.
Students will learn theory and hands-on skills, with assignments and projects to apply knowledge.",8.0,"['Foundational Knowledge', 'Problem Solving']",RITABRATA THAKUR,[],X,30.0,AMN,3.14,[],0.0
AMN8020,M.Tech. Research Practicum,"M.Tech. Research Practicum introduces core concepts and practical techniques related to m.tech. research practicum.
Students will learn theory and hands-on skills, with assignments and projects to apply knowledge.",8.0,"['Technical Writing', 'Project Management', 'Research']",SABYASACHI CHATTERJEE,[],X,30.0,AMN,4.89,[],0.0
AMN8021,M.S.(R) Research Practicum,"M.S.(R) Research Practicum introduces core concepts and practical techniques related to m.s.(r) research practicum.
Students will learn theory and hands-on skills, with assignments and projects to apply knowledge.",8.0,"['Technical Writing', 'Project Management', 'Research']",RITWIK BANDYOPADHYAY,[],X,30.0,AMN,2.51,[],0.0
AMN8022,Ph.D. Research Practicum,"Ph.D. Research Practicum introduces core concepts and practical techniques related to ph.d. research practicum.
Students will learn theory and hands-on skills, with assignments and projects to apply knowledge.",8.0,"['Technical Writing', 'Project Management', 'Research']",RITWIK BANDYOPADHYAY,[],X,30.0,AMN,3.21,[],0.0
AMP7100,Research Communication And Professional Ethics In Mechanics,"Research Communication And Professional Ethics In Mechanics introduces core concepts and practical techniques related to research communication and professional ethics in mechanics.
Students will learn theory and hands-on skills, with assignments and projects to apply knowledge.",7.0,"['Modeling & Simulation', 'Engineering Analysis', 'Technical Writing', 'Project Management', 'Problem Solving', 'Research']",NIKHIL WALANI,[],X,90.0,AMP,4.32,[],0.0
AMT5090,Industrial Attachment,"Industrial Attachment introduces core concepts and practical techniques related to industrial attachment.
Students will learn theory and hands-on skills, with assignments and projects to apply knowledge.",5.0,"['Foundational Knowledge', 'Problem Solving']",KIRAN RAMESH,[],X,15.0,AMT,3.47,[],0.0
APD412,B.Tech Project Ii,"B.Tech Project Ii introduces core concepts and practical techniques related to b.tech project ii.
Students will learn theory and hands-on skills, with assignments and projects to apply knowledge.",4.0,"['Technical Writing', 'Project Management', 'Research']",PRATEEK GUPTA,[],X,60.0,APD,4.45,[],0.0
APD811,Major Project Part-I,"Major Project Part-I introduces core concepts and practical techniques related to major project part-i.
Students will learn theory and hands-on skills, with assignments and projects to apply knowledge.",8.0,"['Technical Writing', 'Project Management', 'Research']",ARJUN SHARMA,[],X,10.0,APD,3.31,[],0.0
APD895,Ms Research Project,"Ms Research Project introduces core concepts and practical techniques related to ms research project.
Students will learn theory and hands-on skills, with assignments and projects to apply knowledge.",8.0,"['Technical Writing', 'Project Management', 'Research']",SITIKANTHA ROY,[],X,30.0,APD,3.82,[],0.0
APL103,Experimental Methods,"Experimental Methods introduces core concepts and practical techniques related to experimental methods.
Students will learn theory and hands-on skills, with assignments and projects to apply knowledge.",1.0,"['Foundational Knowledge', 'Problem Solving']",MURALI RAMAN CHOLEMARI,[],E,60.0,APL,1.18,[],3.0
APL105,Mechanics Of Solids And Fluids,"Mechanics Of Solids And Fluids introduces core concepts and practical techniques related to mechanics of solids and fluids.
Students will learn theory and hands-on skills, with assignments and projects to apply knowledge.",1.0,"['Modeling & Simulation', 'Problem Solving', 'Engineering Analysis']","SRIHARI SANKARASARMA VEMURI , SUSHMA SANTAPURI",[],A,200.0,APL,1.91,[],3.0
APL109,Numerical Methods & Computations,"Numerical Methods & Computations introduces core concepts and practical techniques related to numerical methods & computations.
Students will learn theory and hands-on skills, with assignments and projects to apply knowledge.",1.0,"['Foundational Knowledge', 'Problem Solving']",ARGHYA SAMANTA,[],D,60.0,APL,2.16,[],3.0
APL206,Engineering Thermodynamics,"Engineering Thermodynamics introduces core concepts and practical techniques related to engineering thermodynamics.
Students will learn theory and hands-on skills, with assignments and projects to apply knowledge.",2.0,"['Modeling & Simulation', 'Problem Solving', 'Engineering Analysis']",GAURAV SINGH,[],H,60.0,APL,1.32,[],2.0
APL306,Vibration,"Vibration introduces core concepts and practical techniques related to vibration.
Students will learn theory and hands-on skills, with assignments and projects to apply knowledge.",3.0,"['Foundational Knowledge', 'Problem Solving']",SANTOSH KAPURIA,[],F,15.0,APL,1.93,[],3.0
APL311,Introduction To Finite Element Method,"Introduction To Finite Element Method introduces core concepts and practical techniques related to introduction to finite element method.
Students will learn theory and hands-on skills, with assignments and projects to apply knowledge.",3.0,"['Foundational Knowledge', 'Problem Solving']",PUNEET MAHAJAN,[],C,60.0,APL,1.4,[],3.0
APL321,Introduction To Computational Fluid Dynamics,"Introduction To Computational Fluid Dynamics introduces core concepts and practical techniques related to introduction to computational fluid dynamics.
Students will learn theory and hands-on skills, with assignments and projects to apply knowledge.",3.0,"['Modeling & Simulation', 'Problem Solving', 'Engineering Analysis']",AMITABH BHATTACHARYA,[],D,60.0,APL,2.11,[],3.0
APL331,Advanced Mechanics Of Solids,"Advanced Mechanics Of Solids introduces core concepts and practical techniques related to advanced mechanics of solids.
Students will learn theory and hands-on skills, with assignments and projects to apply knowledge.",3.0,"['Modeling & Simulation', 'Problem Solving', 'Engineering Analysis']",AJEET KUMAR,[],J,60.0,APL,3.54,[],3.0
APL402,Fluid Solid Interaction,"Fluid Solid Interaction introduces core concepts and practical techniques related to fluid solid interaction.
Students will learn theory and hands-on skills, with assignments and projects to apply knowledge.",4.0,"['Modeling & Simulation', 'Problem Solving', 'Engineering Analysis']",NARSING KUMAR JHA,[],H,15.0,APL,2.46,[],3.0
APL405,Machine Learning In Mechanics,"Machine Learning In Mechanics introduces core concepts and practical techniques related to machine learning in mechanics.
Students will learn theory and hands-on skills, with assignments and projects to apply knowledge.",4.0,"['Modeling & Simulation', 'ML Basics', 'Model Evaluation', 'Engineering Analysis', 'Data Analysis', 'Statistics', 'Problem Solving']",ARPIT KUMAR AGRAWAL,[],F,60.0,APL,2.48,"['DATA SCIENCE', 'ML ROLES', 'MLE ENGINEER']",2.0
APL424,Introduction To Hydrodynamics Stability,"Introduction To Hydrodynamics Stability introduces core concepts and practical techniques related to introduction to hydrodynamics stability.
Students will learn theory and hands-on skills, with assignments and projects to apply knowledge.",4.0,"['Modeling & Simulation', 'Problem Solving', 'Engineering Analysis']",SANJEEV SANGHI,[],X,15.0,APL,1.84,[],3.0
APL433,Introduction To Plates And Shells,"Introduction To Plates And Shells introduces core concepts and practical techniques related to introduction to plates and shells.
Students will learn theory and hands-on skills, with assignments and projects to apply knowledge.",4.0,"['Foundational Knowledge', 'Problem Solving']",NIKHIL WALANI,[],J,15.0,APL,2.07,[],3.0
APL440,Parallel Proc. In Comp. Mech.,"Parallel Proc. In Comp. Mech. introduces core concepts and practical techniques related to parallel proc. in comp. mech..
Students will learn theory and hands-on skills, with assignments and projects to apply knowledge.",4.0,"['Foundational Knowledge', 'Problem Solving']",PRAPANCH NAIR,[],A,15.0,APL,4.75,[],3.0
APL452,Introduction To Digital Twins,"Introduction To Digital Twins introduces core concepts and practical techniques related to introduction to digital twins.
Students will learn theory and hands-on skills, with assignments and projects to apply knowledge.",4.0,"['Foundational Knowledge', 'Problem Solving']",SOUVIK CHAKRABORTY,[],C,15.0,APL,3.59,[],2.0
APL701,Continuum Mechanics,"Continuum Mechanics introduces core concepts and practical techniques related to continuum mechanics.
Students will learn theory and hands-on skills, with assignments and projects to apply knowledge.",7.0,"['Modeling & Simulation', 'Problem Solving', 'Engineering Analysis']",ARJUN SHARMA,[],X,15.0,APL,3.44,[],3.0
APL711,Advanced Fluid Mechanics,"Advanced Fluid Mechanics introduces core concepts and practical techniques related to advanced fluid mechanics.
Students will learn theory and hands-on skills, with assignments and projects to apply knowledge.",7.0,"['Modeling & Simulation', 'Problem Solving', 'Engineering Analysis']",PRATEEK GUPTA,[],J,30.0,APL,1.68,[],3.0
APL713,Turbulence And Its Modeling,"Turbulence And Its Modeling introduces core concepts and practical techniques related to turbulence and its modeling.
Students will learn theory and hands-on skills, with assignments and projects to apply knowledge.",7.0,"['Foundational Knowledge', 'Problem Solving']",GAURAV CHOPRA,[],J,15.0,APL,3.92,[],3.0
APL715,Physics Of Turbulent Flows,"Physics Of Turbulent Flows introduces core concepts and practical techniques related to physics of turbulent flows.
Students will learn theory and hands-on skills, with assignments and projects to apply knowledge.",7.0,"['Foundational Knowledge', 'Problem Solving']",S.V. VEERAVALLI,[],X,15.0,APL,1.65,[],3.0
APL746,Environmental Fluid Dynamics,"Environmental Fluid Dynamics introduces core concepts and practical techniques related to environmental fluid dynamics.
Students will learn theory and hands-on skills, with assignments and projects to apply knowledge.",7.0,"['Modeling & Simulation', 'Problem Solving', 'Engineering Analysis']",RITABRATA THAKUR,[],X,15.0,APL,2.52,[],3.0
APL787,Fatigue Failure And Design,"Fatigue Failure And Design introduces core concepts and practical techniques related to fatigue failure and design.
Students will learn theory and hands-on skills, with assignments and projects to apply knowledge.",7.0,"['Modeling & Simulation', 'Problem Solving', 'Engineering Analysis']",RITWIK BANDYOPADHYAY,[],H,15.0,APL,4.96,[],3.0
APL796,Advanced Solid Mechanics,"Advanced Solid Mechanics introduces core concepts and practical techniques related to advanced solid mechanics.
Students will learn theory and hands-on skills, with assignments and projects to apply knowledge.",7.0,"['Modeling & Simulation', 'Problem Solving', 'Engineering Analysis']",GAURAV SINGH,[],H,0.0,APL,3.56,[],3.0
BSD8095,Ms(R) Research Project,"Ms(R) Research Project introduces core concepts and practical techniques related to ms(r) research project.
Students will learn theory and hands-on skills, with assignments and projects to apply knowledge.",8.0,"['Technical Writing', 'Project Management', 'Research']",MONIKA AGGARWAL,[],X,30.0,BSD,3.23,[],0.0
BSD895,Major Project (Msr),"Major Project (Msr) introduces core concepts and practical techniques related to major project (msr).
Students will learn theory and hands-on skills, with assignments and projects to apply knowledge.",8.0,"['Technical Writing', 'Project Management', 'Research']",MONIKA AGGARWAL,[],X,30.0,BSD,3.74,[],0.0
BSN7010,Research Practicum,"Research Practicum introduces core concepts and practical techniques related to research practicum.
Students will learn theory and hands-on skills, with assignments and projects to apply knowledge.",7.0,"['Technical Writing', 'Project Management', 'Research']",MONIKA AGGARWAL,[],X,30.0,BSN,4.37,[],0.0
BSN7020,Teaching Practicum,"Teaching Practicum introduces core concepts and practical techniques related to teaching practicum.
Students will learn theory and hands-on skills, with assignments and projects to apply knowledge.",7.0,"['Foundational Knowledge', 'Problem Solving']",MONIKA AGGARWAL,[],X,30.0,BSN,4.1,[],0.0
BSQ7091,Research Communication,"Research Communication introduces core concepts and practical techniques related to research communication.
Students will learn theory and hands-on skills, with assignments and projects to apply knowledge.",7.0,"['Technical Writing', 'Project Management', 'Research']",ARPAN KUMAR KAR,[],X,30.0,BSQ,1.92,[],1.0
JTD802,Major Project Part-Ii,"Major Project Part-Ii introduces core concepts and practical techniques related to major project part-ii.
Students will learn theory and hands-on skills, with assignments and projects to apply knowledge.",8.0,"['Technical Writing', 'Project Management', 'Research']",MONIKA AGGARWAL,[],X,30.0,JTD,1.13,[],0.0
BBD452,Major Project Part 2 (Bb1),"Major Project Part 2 (Bb1) introduces core concepts and practical techniques related to major project part 2 (bb1).
Students will learn theory and hands-on skills, with assignments and projects to apply knowledge.",4.0,"['Technical Writing', 'Project Management', 'Research']",KUMARI PRITI SINHA,[],Q,7.0,BBD,2.26,[],0.0
BBD8058,Cornerstone Project,"Cornerstone Project introduces core concepts and practical techniques related to cornerstone project.
Students will learn theory and hands-on skills, with assignments and projects to apply knowledge.",8.0,"['Technical Writing', 'Project Management', 'Research']",AMIT DAS,[],Q,60.0,BBD,2.07,[],0.0
BBD856,Mtp Part-Ii,"Mtp Part-Ii introduces core concepts and practical techniques related to mtp part-ii.
Students will learn theory and hands-on skills, with assignments and projects to apply knowledge.",8.0,"['Foundational Knowledge', 'Problem Solving']",AMIT DAS,[],Q,60.0,BBD,1.84,[],0.0
BBD895,Major Project (Msr),"Major Project (Msr) introduces core concepts and practical techniques related to major project (msr).
Students will learn theory and hands-on skills, with assignments and projects to apply knowledge.",8.0,"['Technical Writing', 'Project Management', 'Research']",ASHISH MISRA,[],Q,60.0,BBD,4.77,[],0.0
BBL1201,Mass And Energy Balances In Biochemical Engineering,"Mass And Energy Balances In Biochemical Engineering introduces core concepts and practical techniques related to mass and energy balances in biochemical engineering.
Students will learn theory and hands-on skills, with assignments and projects to apply knowledge.",1.0,"['Modeling & Simulation', 'Problem Solving', 'Engineering Analysis']",ASHISH MISRA,[],C,90.0,BBL,4.51,[],3.0
BBL342,Physical And Chemical Properties Of Biomolecules,"Physical And Chemical Properties Of Biomolecules introduces core concepts and practical techniques related to physical and chemical properties of biomolecules.
Students will learn theory and hands-on skills, with assignments and projects to apply knowledge.",3.0,"['Foundational Knowledge', 'Problem Solving']",AMIT DAS,[],H,30.0,BBL,2.26,[],2.0
BBL431,Bioprocess Technology,"Bioprocess Technology introduces core concepts and practical techniques related to bioprocess technology.
Students will learn theory and hands-on skills, with assignments and projects to apply knowledge.",4.0,"['Foundational Knowledge', 'Problem Solving']","PREETI SRIVASTAVA   , T.R.SREEKRISHNAN",[],E,90.0,BBL,3.62,[],2.0
BBL432,Fluid Solid Systems,"Fluid Solid Systems introduces core concepts and practical techniques related to fluid solid systems.
Students will learn theory and hands-on skills, with assignments and projects to apply knowledge.",4.0,"['Debugging', 'Modeling & Simulation', 'Software Design', 'Programming', 'Engineering Analysis', 'Problem Solving', 'System Design']",KUMARI PRITI SINHA,[],H,90.0,BBL,2.58,"['SDE', 'Software Engineer', 'Developer']",2.0
BBL433,Enzyme Science And Engineering,"Enzyme Science And Engineering introduces core concepts and practical techniques related to enzyme science and engineering.
Students will learn theory and hands-on skills, with assignments and projects to apply knowledge.",4.0,"['Modeling & Simulation', 'Problem Solving', 'Engineering Analysis']",RAVI KRISHNAN ELANGOVAN,[],D,90.0,BBL,4.66,[],3.0
BBL434,Bioinformatics,"Bioinformatics introduces core concepts and practical techniques related to bioinformatics.
Students will learn theory and hands-on skills, with assignments and projects to apply knowledge.",4.0,"['Foundational Knowledge', 'Problem Solving']",ISHAAN GUPTA,[],F,90.0,BBL,2.84,[],2.0
BBL7031,Bioseparation Engineering,"Bioseparation Engineering introduces core concepts and practical techniques related to bioseparation engineering.
Students will learn theory and hands-on skills, with assignments and projects to apply knowledge.",7.0,"['Modeling & Simulation', 'Problem Solving', 'Engineering Analysis']",KRISHNA JYOTI MUKHERJEE,[],F,60.0,BBL,2.06,[],3.0
BBL7036,Dynamics Of Microbial Systems,"Dynamics Of Microbial Systems introduces core concepts and practical techniques related to dynamics of microbial systems.
Students will learn theory and hands-on skills, with assignments and projects to apply knowledge.",7.0,"['Debugging', 'Modeling & Simulation', 'Software Design', 'Programming', 'Engineering Analysis', 'Problem Solving', 'System Design']",ANJAN ROY,[],J,30.0,BBL,1.99,"['SDE', 'Software Engineer', 'Developer']",3.0
BBL7074,Biomolecular Engineering,"Biomolecular Engineering introduces core concepts and practical techniques related to biomolecular engineering.
Students will learn theory and hands-on skills, with assignments and projects to apply knowledge.",7.0,"['Modeling & Simulation', 'Problem Solving', 'Engineering Analysis']",PREETI SRIVASTAVA,[],D,60.0,BBL,3.25,[],3.0
BBL7075,Bioreaction Engineering,"Bioreaction Engineering introduces core concepts and practical techniques related to bioreaction engineering.
Students will learn theory and hands-on skills, with assignments and projects to apply knowledge.",7.0,"['Modeling & Simulation', 'Problem Solving', 'Engineering Analysis']",ATUL NARANG,[],B,60.0,BBL,2.05,[],3.0
BBL7142,Biological Waste Treatment,"Biological Waste Treatment introduces core concepts and practical techniques related to biological waste treatment.
Students will learn theory and hands-on skills, with assignments and projects to apply knowledge.",7.0,"['Foundational Knowledge', 'Problem Solving']",SHAIKH ZIAUDDIN AHAMMAD,[],AB,5.0,BBL,3.34,[],3.0
BBL7149,Cancer Cell Biology,"Cancer Cell Biology introduces core concepts and practical techniques related to cancer cell biology.
Students will learn theory and hands-on skills, with assignments and projects to apply knowledge.",7.0,"['Foundational Knowledge', 'Problem Solving']",RITU KULSHRESHTHA,[],J,10.0,BBL,4.59,[],3.0
BBL7157,Electromicrobiology And Bioelectrochemical Systems,"Electromicrobiology And Bioelectrochemical Systems introduces core concepts and practical techniques related to electromicrobiology and bioelectrochemical systems.
Students will learn theory and hands-on skills, with assignments and projects to apply knowledge.",7.0,"['Programming', 'Software Design', 'Debugging', 'System Design']",LUCINDA ELIZABETH DOYLE,[],AB,30.0,BBL,2.6,"['SDE', 'Software Engineer', 'Developer']",3.0
BBL731,Bioseparation Engineering,"Bioseparation Engineering introduces core concepts and practical techniques related to bioseparation engineering.
Students will learn theory and hands-on skills, with assignments and projects to apply knowledge.",7.0,"['Modeling & Simulation', 'Problem Solving', 'Engineering Analysis']",KRISHNA JYOTI MUKHERJEE,[],F,60.0,BBL,1.88,[],3.0
BBL736,Dynamics Of Microbial Systems,"Dynamics Of Microbial Systems introduces core concepts and practical techniques related to dynamics of microbial systems.
Students will learn theory and hands-on skills, with assignments and projects to apply knowledge.",7.0,"['Debugging', 'Modeling & Simulation', 'Software Design', 'Programming', 'Engineering Analysis', 'Problem Solving', 'System Design']",ANJAN ROY,[],J,30.0,BBL,4.99,"['SDE', 'Software Engineer', 'Developer']",3.0
BBL742,Biological Waste Treatment,"Biological Waste Treatment introduces core concepts and practical techniques related to biological waste treatment.
Students will learn theory and hands-on skills, with assignments and projects to apply knowledge.",7.0,"['Foundational Knowledge', 'Problem Solving']",SHAIKH ZIAUDDIN AHAMMAD,[],AB,25.0,BBL,3.04,[],3.0
BBL746,Current Topics In Biochemicalengineering And Biote,"Current Topics In Biochemicalengineering And Biote introduces core concepts and practical techniques related to current topics in biochemicalengineering and biote.
Students will learn theory and hands-on skills, with assignments and projects to apply knowledge.",7.0,"['Modeling & Simulation', 'Problem Solving', 'Engineering Analysis']",JATIN PANWAR,[],H,30.0,BBL,1.36,[],3.0
BBL747,Bionanotechnology,"Bionanotechnology introduces core concepts and practical techniques related to bionanotechnology.
Students will learn theory and hands-on skills, with assignments and projects to apply knowledge.",7.0,"['Foundational Knowledge', 'Problem Solving']",PRASHANT MISHRA,[],J,30.0,BBL,1.19,[],3.0
BBL749,Cancer Cell Biology,"Cancer Cell Biology introduces core concepts and practical techniques related to cancer cell biology.
Students will learn theory and hands-on skills, with assignments and projects to apply knowledge.",7.0,"['Foundational Knowledge', 'Problem Solving']",RITU KULSHRESHTHA,[],J,20.0,BBL,1.44,[],3.0
BBL757,Electromicrobiology And Bioelectrochemical Systems,"Electromicrobiology And Bioelectrochemical Systems introduces core concepts and practical techniques related to electromicrobiology and bioelectrochemical systems.
Students will learn theory and hands-on skills, with assignments and projects to apply knowledge.",7.0,"['Programming', 'Software Design', 'Debugging', 'System Design']",LUCINDA ELIZABETH DOYLE,[],AB,30.0,BBL,3.51,"['SDE', 'Software Engineer', 'Developer']",3.0
BBL774,Biomolecular Engineering,"Biomolecular Engineering introduces core concepts and practical techniques related to biomolecular engineering.
Students will learn theory and hands-on skills, with assignments and projects to apply knowledge.",7.0,"['Modeling & Simulation', 'Problem Solving', 'Engineering Analysis']",PREETI SRIVASTAVA,[],D,60.0,BBL,4.17,[],3.0
BBL775,Bioreaction Engineering,"Bioreaction Engineering introduces core concepts and practical techniques related to bioreaction engineering.
Students will learn theory and hands-on skills, with assignments and projects to apply knowledge.",7.0,"['Modeling & Simulation', 'Problem Solving', 'Engineering Analysis']",ATUL NARANG,[],B,60.0,BBL,2.69,[],3.0
BBQ301,Seminar Course - I,"Seminar Course - I introduces core concepts and practical techniques related to seminar course - i.
Students will learn theory and hands-on skills, with assignments and projects to apply knowledge.",3.0,"['Technical Writing', 'Project Management', 'Research']",SUNIL NATH,[],P,30.0,BBQ,1.25,[],0.0
BBQ302,Seminar Course - Ii,"Seminar Course - Ii introduces core concepts and practical techniques related to seminar course - ii.
Students will learn theory and hands-on skills, with assignments and projects to apply knowledge.",3.0,"['Technical Writing', 'Project Management', 'Research']",SUNIL NATH,[],P,30.0,BBQ,2.53,[],0.0
JCD891,Minor Project,"Minor Project introduces core concepts and practical techniques related to minor project.
Students will learn theory and hands-on skills, with assignments and projects to apply knowledge.",8.0,"['Technical Writing', 'Project Management', 'Research']",ASHOK KUMAR BHATEJA,[],P,30.0,JCD,4.98,[],0.0
JCD892,M.Tech. Project Part-I,"M.Tech. Project Part-I introduces core concepts and practical techniques related to m.tech. project part-i.
Students will learn theory and hands-on skills, with assignments and projects to apply knowledge.",8.0,"['Technical Writing', 'Project Management', 'Research']",ASHOK KUMAR BHATEJA,[],P,30.0,JCD,3.12,[],0.0
JCD893,M.Tech Project Part-Ii,"M.Tech Project Part-Ii introduces core concepts and practical techniques related to m.tech project part-ii.
Students will learn theory and hands-on skills, with assignments and projects to apply knowledge.",8.0,"['Technical Writing', 'Project Management', 'Research']",ASHOK KUMAR BHATEJA,[],P,30.0,JCD,4.88,[],0.0
CRD8022,Cornerstone Project,"Cornerstone Project introduces core concepts and practical techniques related to cornerstone project.
Students will learn theory and hands-on skills, with assignments and projects to apply knowledge.",8.0,"['Technical Writing', 'Project Management', 'Research']",NEEL KANTH  KUNDU,[],P,40.0,CRD,4.44,[],0.0
CRD812,Major Project Part 2,"Major Project Part 2 introduces core concepts and practical techniques related to major project part 2.
Students will learn theory and hands-on skills, with assignments and projects to apply knowledge.",8.0,"['Technical Writing', 'Project Management', 'Research']",NEEL KANTH  KUNDU,[],P,40.0,CRD,1.05,[],0.0
CRL7002,Architectures And Algorithms For Dssp (Data Science And Signal Processing) Systems,"Architectures And Algorithms For Dssp (Data Science And Signal Processing) Systems introduces core concepts and practical techniques related to architectures and algorithms for dssp (data science and signal processing) systems.
Students will learn theory and hands-on skills, with assignments and projects to apply knowledge.",7.0,"['Debugging', 'Software Design', 'ML Basics', 'Programming', 'Model Evaluation', 'Data Analysis', 'Statistics', 'System Design']","ARUN KUMAR   , MONIKA AGGARWAL","['ENGMATH101', 'DS102']",E,40.0,CRL,3.88,"['DATA SCIENCE', 'ML ROLES', 'MLE ENGINEER']",2.0
CRL7004,Sensor Array Signal Processing,"Sensor Array Signal Processing introduces core concepts and practical techniques related to sensor array signal processing.
Students will learn theory and hands-on skills, with assignments and projects to apply knowledge.",7.0,"['Foundational Knowledge', 'Problem Solving']",NEEL KANTH  KUNDU,"['ENGMATH101', 'DS102']",X,30.0,CRL,3.73,[],3.0
CRL7005,Machine Learning For Data Science And Signal Processing,"Machine Learning For Data Science And Signal Processing introduces core concepts and practical techniques related to machine learning for data science and signal processing.
Students will learn theory and hands-on skills, with assignments and projects to apply knowledge.",7.0,"['Statistics', 'Data Analysis', 'Model Evaluation', 'ML Basics']","AAKASH  ARORA , AAKASH  JOHRY , PRABHU BABU","['ENGMATH101', 'DS102']",X,25.0,CRL,3.15,"['DATA SCIENCE', 'ML ROLES', 'MLE ENGINEER']",2.0
CRL7008,Sonar System Engineering,"Sonar System Engineering introduces core concepts and practical techniques related to sonar system engineering.
Students will learn theory and hands-on skills, with assignments and projects to apply knowledge.",7.0,"['Debugging', 'Modeling & Simulation', 'Software Design', 'Programming', 'Engineering Analysis', 'Problem Solving', 'System Design']",ARUN KUMAR,"['ENGMATH101', 'DS102']",J,25.0,CRL,2.07,"['SDE', 'Software Engineer', 'Developer']",3.0
CRL7012,Rf And Microwave Active Circuits,"Rf And Microwave Active Circuits introduces core concepts and practical techniques related to rf and microwave active circuits.
Students will learn theory and hands-on skills, with assignments and projects to apply knowledge.",7.0,"['Foundational Knowledge', 'Problem Solving']","VIGYANSHU  MISHRA , ANANJAN BASU","['ENGMATH101', 'DS102']",A,30.0,CRL,3.56,[],3.0
CRL7016,Microwave Filters For Wireless System Design,"Microwave Filters For Wireless System Design introduces core concepts and practical techniques related to microwave filters for wireless system design.
Students will learn theory and hands-on skills, with assignments and projects to apply knowledge.",7.0,"['Debugging', 'Modeling & Simulation', 'Software Design', 'Programming', 'Engineering Analysis', 'Problem Solving', 'System Design']",KIRTI DHWAJ,"['ENGMATH101', 'DS102']",X,60.0,CRL,1.45,"['SDE', 'Software Engineer', 'Developer']",3.0
CRL7024,Rf And Microwave Measurements,"Rf And Microwave Measurements introduces core concepts and practical techniques related to rf and microwave measurements.
Students will learn theory and hands-on skills, with assignments and projects to apply knowledge.",7.0,"['Foundational Knowledge', 'Problem Solving']","VIKRANT  KAIM , KIRILL  KLIONOVSKI","['ENGMATH101', 'DS102']",B,40.0,CRL,2.74,[],3.0
CRL7052,Quantum Computations And Algorithms,"Quantum Computations And Algorithms introduces core concepts and practical techniques related to quantum computations and algorithms.
Students will learn theory and hands-on skills, with assignments and projects to apply knowledge.",7.0,"['Foundational Knowledge', 'Problem Solving']",MONIKA AGGARWAL,"['ENGMATH101', 'DS102']",X,25.0,CRL,2.81,[],2.0
CRL7071,Microelectronics Packaging And Integration,"Microelectronics Packaging And Integration introduces core concepts and practical techniques related to microelectronics packaging and integration.
Students will learn theory and hands-on skills, with assignments and projects to apply knowledge.",7.0,"['Foundational Knowledge', 'Problem Solving']",PUSHPAPRAJ SINGH,"['ENGMATH101', 'DS102']",X,60.0,CRL,4.82,[],3.0
CRL712,Rf And Microwave Active Circuits,"Rf And Microwave Active Circuits introduces core concepts and practical techniques related to rf and microwave active circuits.
Students will learn theory and hands-on skills, with assignments and projects to apply knowledge.",7.0,"['Foundational Knowledge', 'Problem Solving']","VIGYANSHU  MISHRA , ANANJAN BASU","['ENGMATH101', 'DS102']",A,30.0,CRL,4.5,[],3.0
CRL7525,Advanced Memory Technologies,"Advanced Memory Technologies introduces core concepts and practical techniques related to advanced memory technologies.
Students will learn theory and hands-on skills, with assignments and projects to apply knowledge.",7.0,"['Foundational Knowledge', 'Problem Solving']",RAHUL MISHRA,"['ENGMATH101', 'DS102']",F,60.0,CRL,2.05,[],3.0
CRN7080,Teaching Research Practicum,"Teaching Research Practicum introduces core concepts and practical techniques related to teaching research practicum.
Students will learn theory and hands-on skills, with assignments and projects to apply knowledge.",7.0,"['Technical Writing', 'Project Management', 'Research']",NEEL KANTH  KUNDU,[],P,40.0,CRN,3.0,[],0.0
CRP7023,Fabrication Techniques For Rf And Microwave Devices,"Fabrication Techniques For Rf And Microwave Devices introduces core concepts and practical techniques related to fabrication techniques for rf and microwave devices.
Students will learn theory and hands-on skills, with assignments and projects to apply knowledge.",7.0,"['Foundational Knowledge', 'Problem Solving']",SAMARESH DAS,[],P,20.0,CRP,1.71,[],1.0
CRP723,Fabrication Techniques For Rf & Microwave Devices,"Fabrication Techniques For Rf & Microwave Devices introduces core concepts and practical techniques related to fabrication techniques for rf & microwave devices.
Students will learn theory and hands-on skills, with assignments and projects to apply knowledge.",7.0,"['Foundational Knowledge', 'Problem Solving']",SAMARESH DAS,[],P,20.0,CRP,4.65,[],1.0
ASD390,Minor Area Project,"Minor Area Project introduces core concepts and practical techniques related to minor area project.
Students will learn theory and hands-on skills, with assignments and projects to apply knowledge.",3.0,"['Technical Writing', 'Project Management', 'Research']",RAVI KUMAR KUNCHALA,[],Q,5.0,ASD,4.48,[],0.0
ASD7100,Cornerstone Project (Mtech In Atmospheric-Oceanic Science And Technology),"Cornerstone Project (Mtech In Atmospheric-Oceanic Science And Technology) introduces core concepts and practical techniques related to cornerstone project (mtech in atmospheric-oceanic science and technology).
Students will learn theory and hands-on skills, with assignments and projects to apply knowledge.",7.0,"['Technical Writing', 'Project Management', 'Research']",SAMIRAN MANDAL,[],X,15.0,ASD,2.19,[],0.0
ASD882,Project-Ii,"Project-Ii introduces core concepts and practical techniques related to project-ii.
Students will learn theory and hands-on skills, with assignments and projects to apply knowledge.",8.0,"['Technical Writing', 'Project Management', 'Research']",SARVESH KUMAR DUBEY,[],Q,10.0,ASD,3.56,[],0.0
ASD895,Ms Research Project,"Ms Research Project introduces core concepts and practical techniques related to ms research project.
Students will learn theory and hands-on skills, with assignments and projects to apply knowledge.",8.0,"['Technical Writing', 'Project Management', 'Research']",SARVESH KUMAR DUBEY,[],X,5.0,ASD,3.44,[],0.0
ASL350,Introduction Tooceanography,"Introduction Tooceanography introduces core concepts and practical techniques related to introduction tooceanography.
Students will learn theory and hands-on skills, with assignments and projects to apply knowledge.",3.0,"['Foundational Knowledge', 'Problem Solving']",VIMAL KOUL,[],F,60.0,ASL,1.61,[],3.0
ASL380,Climate Modeling,"Climate Modeling introduces core concepts and practical techniques related to climate modeling.
Students will learn theory and hands-on skills, with assignments and projects to apply knowledge.",3.0,"['Foundational Knowledge', 'Problem Solving']",SAROJ KANTA MISHRA,[],M,75.0,ASL,4.05,[],3.0
ASL385,Fundamentals Of Air Pollution Science,"Fundamentals Of Air Pollution Science introduces core concepts and practical techniques related to fundamentals of air pollution science.
Students will learn theory and hands-on skills, with assignments and projects to apply knowledge.",3.0,"['Foundational Knowledge', 'Problem Solving']",SAJEEV PHILIP,[],M,40.0,ASL,3.16,[],3.0
ASL735,Atmospheric Chemistry And Air,"Atmospheric Chemistry And Air introduces core concepts and practical techniques related to atmospheric chemistry and air.
Students will learn theory and hands-on skills, with assignments and projects to apply knowledge.",7.0,"['Foundational Knowledge', 'Problem Solving']",RAVI KUMAR KUNCHALA,[],D,15.0,ASL,4.11,[],3.0
ASL7350,Atmospheric Chemistry And Air Pollution,"Atmospheric Chemistry And Air Pollution introduces core concepts and practical techniques related to atmospheric chemistry and air pollution.
Students will learn theory and hands-on skills, with assignments and projects to apply knowledge.",7.0,"['Foundational Knowledge', 'Problem Solving']",RAVI KUMAR KUNCHALA,[],D,15.0,ASL,3.12,[],3.0
ASL736,Science Of Climate Change,"Science Of Climate Change introduces core concepts and practical techniques related to science of climate change.
Students will learn theory and hands-on skills, with assignments and projects to apply knowledge.",7.0,"['Foundational Knowledge', 'Problem Solving']",SAURABH RATHORE,[],E,15.0,ASL,1.0,[],3.0
ASL7360,Science Of Climate Change,"Science Of Climate Change introduces core concepts and practical techniques related to science of climate change.
Students will learn theory and hands-on skills, with assignments and projects to apply knowledge.",7.0,"['Foundational Knowledge', 'Problem Solving']",SAURABH RATHORE,[],E,15.0,ASL,2.3,[],3.0
ASL737,Physical And Dynamical Oceanography,"Physical And Dynamical Oceanography introduces core concepts and practical techniques related to physical and dynamical oceanography.
Students will learn theory and hands-on skills, with assignments and projects to apply knowledge.",7.0,"['Foundational Knowledge', 'Problem Solving']",SAMIRAN MANDAL,[],M,15.0,ASL,1.08,[],3.0
ASL7370,Physical And Dynamical Oceanography,"Physical And Dynamical Oceanography introduces core concepts and practical techniques related to physical and dynamical oceanography.
Students will learn theory and hands-on skills, with assignments and projects to apply knowledge.",7.0,"['Foundational Knowledge', 'Problem Solving']",SAMIRAN MANDAL,[],M,15.0,ASL,4.72,[],3.0
ASL738,Numerical Modeling Of The Atmosphere And Ocean,"Numerical Modeling Of The Atmosphere And Ocean introduces core concepts and practical techniques related to numerical modeling of the atmosphere and ocean.
Students will learn theory and hands-on skills, with assignments and projects to apply knowledge.",7.0,"['Foundational Knowledge', 'Problem Solving']",ABHISHEK SAVITA,[],AA,8.0,ASL,4.51,[],2.0
ASL7380,Numerical Modeling Of The Atmosphere And Ocean,"Numerical Modeling Of The Atmosphere And Ocean introduces core concepts and practical techniques related to numerical modeling of the atmosphere and ocean.
Students will learn theory and hands-on skills, with assignments and projects to apply knowledge.",7.0,"['Foundational Knowledge', 'Problem Solving']",ABHISHEK SAVITA,[],AA,8.0,ASL,4.33,[],2.0
ASL753,Atmospheric Aerosols,"Atmospheric Aerosols introduces core concepts and practical techniques related to atmospheric aerosols.
Students will learn theory and hands-on skills, with assignments and projects to apply knowledge.",7.0,"['Foundational Knowledge', 'Problem Solving']",SHAHZAD GANI,[],B,15.0,ASL,2.23,[],3.0
ASL7530,Atmospheric Aerosols,"Atmospheric Aerosols introduces core concepts and practical techniques related to atmospheric aerosols.
Students will learn theory and hands-on skills, with assignments and projects to apply knowledge.",7.0,"['Foundational Knowledge', 'Problem Solving']",SHAHZAD GANI,[],B,15.0,ASL,1.23,[],3.0
ASL754,Cloud Physics,"Cloud Physics introduces core concepts and practical techniques related to cloud physics.
Students will learn theory and hands-on skills, with assignments and projects to apply knowledge.",7.0,"['Foundational Knowledge', 'Problem Solving']",DILIP GANGULY,[],B,20.0,ASL,4.51,[],3.0
ASL7540,Cloud Physics,"Cloud Physics introduces core concepts and practical techniques related to cloud physics.
Students will learn theory and hands-on skills, with assignments and projects to apply knowledge.",7.0,"['Foundational Knowledge', 'Problem Solving']",DILIP GANGULY,[],B,20.0,ASL,4.79,[],3.0
ASL757,Tropical Weather And Climate,"Tropical Weather And Climate introduces core concepts and practical techniques related to tropical weather and climate.
Students will learn theory and hands-on skills, with assignments and projects to apply knowledge.",7.0,"['Foundational Knowledge', 'Problem Solving']",SANDEEP  SUKUMARAN,[],H,15.0,ASL,1.34,[],3.0
ASL7570,Tropical Weather And Climate,"Tropical Weather And Climate introduces core concepts and practical techniques related to tropical weather and climate.
Students will learn theory and hands-on skills, with assignments and projects to apply knowledge.",7.0,"['Foundational Knowledge', 'Problem Solving']",SANDEEP  SUKUMARAN,[],H,15.0,ASL,2.94,[],3.0
ASL765,Impacts Of Climate Change And Air Pollution On Human Health,"Impacts Of Climate Change And Air Pollution On Human Health introduces core concepts and practical techniques related to impacts of climate change and air pollution on human health.
Students will learn theory and hands-on skills, with assignments and projects to apply knowledge.",7.0,"['Foundational Knowledge', 'Problem Solving']",SAGNIK DEY,[],A,15.0,ASL,1.28,[],3.0
ASL7650,Impacts Of Climate Change And Air Pollution On Human Health,"Impacts Of Climate Change And Air Pollution On Human Health introduces core concepts and practical techniques related to impacts of climate change and air pollution on human health.
Students will learn theory and hands-on skills, with assignments and projects to apply knowledge.",7.0,"['Foundational Knowledge', 'Problem Solving']",SAGNIK DEY,[],A,10.0,ASL,4.04,[],3.0
ASL7980,Climate Science Communication,"Climate Science Communication introduces core concepts and practical techniques related to climate science communication.
Students will learn theory and hands-on skills, with assignments and projects to apply knowledge.",7.0,"['Foundational Knowledge', 'Problem Solving']",SHAHZAD GANI,[],AB,30.0,ASL,4.06,[],1.0
ASL851,Special Topics In Climate,"Special Topics In Climate introduces core concepts and practical techniques related to special topics in climate.
Students will learn theory and hands-on skills, with assignments and projects to apply knowledge.",8.0,"['Foundational Knowledge', 'Problem Solving']",YAMA DIXIT,[],X,5.0,ASL,1.51,[],3.0
ASL8510,Special Topics In Climate,"Special Topics In Climate introduces core concepts and practical techniques related to special topics in climate.
Students will learn theory and hands-on skills, with assignments and projects to apply knowledge.",8.0,"['Foundational Knowledge', 'Problem Solving']",YAMA DIXIT,[],X,5.0,ASL,2.9,[],3.0
ASN7770,Teaching And Research Practicum,"Teaching And Research Practicum introduces core concepts and practical techniques related to teaching and research practicum.
Students will learn theory and hands-on skills, with assignments and projects to apply knowledge.",7.0,"['Technical Writing', 'Project Management', 'Research']",SAURABH RATHORE,[],Q,100.0,ASN,3.2,[],0.0
ASP820,Advanced Data Analysis For Weather And Climate,"Advanced Data Analysis For Weather And Climate introduces core concepts and practical techniques related to advanced data analysis for weather and climate.
Students will learn theory and hands-on skills, with assignments and projects to apply knowledge.",8.0,"['Statistics', 'Data Analysis', 'Model Evaluation', 'ML Basics']",SARVESH KUMAR DUBEY,"['ENGMATH101', 'DS102']",F,16.0,ASP,2.06,"['DATA SCIENCE', 'ML ROLES', 'MLE ENGINEER']",1.0
CTD7005,Cornerstone Project,"Cornerstone Project introduces core concepts and practical techniques related to cornerstone project.
Students will learn theory and hands-on skills, with assignments and projects to apply knowledge.",7.0,"['Technical Writing', 'Project Management', 'Research']",SANTANU KUMAR MISHRA,[],X,30.0,CTD,4.49,[],0.0
CTD801,Major Project Part-I,"Major Project Part-I introduces core concepts and practical techniques related to major project part-i.
Students will learn theory and hands-on skills, with assignments and projects to apply knowledge.",8.0,"['Technical Writing', 'Project Management', 'Research']",MANDEEP  SINGH RANA,[],X,20.0,CTD,2.69,[],0.0
CTD802,Major Project Part-Ii,"Major Project Part-Ii introduces core concepts and practical techniques related to major project part-ii.
Students will learn theory and hands-on skills, with assignments and projects to apply knowledge.",8.0,"['Technical Writing', 'Project Management', 'Research']",MANDEEP  SINGH RANA,[],X,20.0,CTD,1.85,[],0.0
CTD895,Ms Research Project,"Ms Research Project introduces core concepts and practical techniques related to ms research project.
Students will learn theory and hands-on skills, with assignments and projects to apply knowledge.",8.0,"['Technical Writing', 'Project Management', 'Research']",SAURABH  SAXENA,[],X,30.0,CTD,3.16,[],0.0
CTL7008,Design And Control Of Ev Powertrain,"Design And Control Of Ev Powertrain introduces core concepts and practical techniques related to design and control of ev powertrain.
Students will learn theory and hands-on skills, with assignments and projects to apply knowledge.",7.0,"['Modeling & Simulation', 'Problem Solving', 'Engineering Analysis']",KRISHNA RAJ RAMACHANDRAN POTTI,[],X,30.0,CTL,3.92,[],2.0
CTL7011,Embedded Systems For Automotive Sector,"Embedded Systems For Automotive Sector introduces core concepts and practical techniques related to embedded systems for automotive sector.
Students will learn theory and hands-on skills, with assignments and projects to apply knowledge.",7.0,"['Programming', 'Software Design', 'Debugging', 'System Design']",MANDEEP  SINGH RANA,[],AC,30.0,CTL,1.8,"['SDE', 'Software Engineer', 'Developer']",3.0
CTL7013,Connected And Autonomous Vehicles,"Connected And Autonomous Vehicles introduces core concepts and practical techniques related to connected and autonomous vehicles.
Students will learn theory and hands-on skills, with assignments and projects to apply knowledge.",7.0,"['Foundational Knowledge', 'Problem Solving']",GOKULNATH THANDAVARAYAN,[],B,30.0,CTL,2.25,[],3.0
CTL7027,Materials For Electric Vehicle Applications,"Materials For Electric Vehicle Applications introduces core concepts and practical techniques related to materials for electric vehicle applications.
Students will learn theory and hands-on skills, with assignments and projects to apply knowledge.",7.0,"['Modeling & Simulation', 'Problem Solving', 'Engineering Analysis']","DEEPAK KUMAR   , SAPTARSHI BASAK",[],M,30.0,CTL,4.98,[],3.0
CTL7031,Automotive Noise And Condition Monitoring,"Automotive Noise And Condition Monitoring introduces core concepts and practical techniques related to automotive noise and condition monitoring.
Students will learn theory and hands-on skills, with assignments and projects to apply knowledge.",7.0,"['Foundational Knowledge', 'Problem Solving']",SHAHAB FATIMA,[],J,30.0,CTL,3.6,[],3.0
CTL7032,Vehicle Propulsion And Transmissions,"Vehicle Propulsion And Transmissions introduces core concepts and practical techniques related to vehicle propulsion and transmissions.
Students will learn theory and hands-on skills, with assignments and projects to apply knowledge.",7.0,"['Foundational Knowledge', 'Problem Solving']",HUSAIN KANCHWALA,[],AB,30.0,CTL,2.75,[],3.0
CTL7036,Design Of Motors For Automotive Application,"Design Of Motors For Automotive Application introduces core concepts and practical techniques related to design of motors for automotive application.
Students will learn theory and hands-on skills, with assignments and projects to apply knowledge.",7.0,"['Modeling & Simulation', 'Problem Solving', 'Engineering Analysis']",SAPTARSHI BASAK,[],K,30.0,CTL,3.07,[],3.0
CTL7050,Applied Machine Learning For Ev Diagnostics And Prognostics,"Applied Machine Learning For Ev Diagnostics And Prognostics introduces core concepts and practical techniques related to applied machine learning for ev diagnostics and prognostics.
Students will learn theory and hands-on skills, with assignments and projects to apply knowledge.",7.0,"['Statistics', 'Data Analysis', 'Model Evaluation', 'ML Basics']",SAURABH  SAXENA,[],D,30.0,CTL,1.48,"['DATA SCIENCE', 'ML ROLES', 'MLE ENGINEER']",3.0
CTL7053,Fundamentals Of Ev Electronics,"Fundamentals Of Ev Electronics introduces core concepts and practical techniques related to fundamentals of ev electronics.
Students will learn theory and hands-on skills, with assignments and projects to apply knowledge.",7.0,"['Foundational Knowledge', 'Problem Solving']",SANTANU KUMAR MISHRA,[],E,30.0,CTL,1.9,[],3.0
CTL711,Embedded Systems For Automotive Sector,"Embedded Systems For Automotive Sector introduces core concepts and practical techniques related to embedded systems for automotive sector.
Students will learn theory and hands-on skills, with assignments and projects to apply knowledge.",7.0,"['Programming', 'Software Design', 'Debugging', 'System Design']",MANDEEP  SINGH RANA,[],AC,30.0,CTL,2.35,"['SDE', 'Software Engineer', 'Developer']",3.0
CTL713,Connected And Autonomous Vehicles,"Connected And Autonomous Vehicles introduces core concepts and practical techniques related to connected and autonomous vehicles.
Students will learn theory and hands-on skills, with assignments and projects to apply knowledge.",7.0,"['Foundational Knowledge', 'Problem Solving']",GOKULNATH THANDAVARAYAN,[],B,30.0,CTL,3.35,[],3.0
CTL717,Power Electronics And Drives For Electric Vehicles,"Power Electronics And Drives For Electric Vehicles introduces core concepts and practical techniques related to power electronics and drives for electric vehicles.
Students will learn theory and hands-on skills, with assignments and projects to apply knowledge.",7.0,"['Foundational Knowledge', 'Problem Solving']",KRISHNA RAJ RAMACHANDRAN POTTI,[],X,30.0,CTL,1.92,[],3.0
CTL727,Materials For Electric Vehicle Applications,"Materials For Electric Vehicle Applications introduces core concepts and practical techniques related to materials for electric vehicle applications.
Students will learn theory and hands-on skills, with assignments and projects to apply knowledge.",7.0,"['Modeling & Simulation', 'Problem Solving', 'Engineering Analysis']","DEEPAK KUMAR   , SAPTARSHI BASAK",[],M,30.0,CTL,1.88,[],3.0
CTL731,Automotive Noise And Condition Monitoring,"Automotive Noise And Condition Monitoring introduces core concepts and practical techniques related to automotive noise and condition monitoring.
Students will learn theory and hands-on skills, with assignments and projects to apply knowledge.",7.0,"['Foundational Knowledge', 'Problem Solving']",SHAHAB FATIMA,[],J,30.0,CTL,1.28,[],3.0
CTL732,Advanced Vehicle Propulsion,"Advanced Vehicle Propulsion introduces core concepts and practical techniques related to advanced vehicle propulsion.
Students will learn theory and hands-on skills, with assignments and projects to apply knowledge.",7.0,"['Foundational Knowledge', 'Problem Solving']",HUSAIN KANCHWALA,[],AB,30.0,CTL,3.52,[],3.0
,Design Of Motors For Automotive Application,"Design Of Motors For Automotive Application introduces core concepts and practical techniques related to design of motors for automotive application.
Students will learn theory and hands-on skills, with assignments and projects to apply knowledge.",,"['Modeling & Simulation', 'Problem Solving', 'Engineering Analysis']",SAPTARSHI BASAK,[],K,30.0,,1.92,[],3.0
CTL736,,"An elective course covering specialized topics.
Provides practical exposure and foundational concepts.",7.0,"['Foundational Knowledge', 'Problem Solving']",,[],,,CTL,4.62,[],0.0
CTN7001,Teaching And Research Practicum,"Teaching And Research Practicum introduces core concepts and practical techniques related to teaching and research practicum.
Students will learn theory and hands-on skills, with assignments and projects to apply knowledge.",7.0,"['Technical Writing', 'Project Management', 'Research']",MANDEEP  SINGH RANA,[],X,30.0,CTN,4.44,[],0.0
CTN7003,Teaching And Research Practicum,"Teaching And Research Practicum introduces core concepts and practical techniques related to teaching and research practicum.
Students will learn theory and hands-on skills, with assignments and projects to apply knowledge.",7.0,"['Technical Writing', 'Project Management', 'Research']",SAURABH  SAXENA,[],X,40.0,CTN,1.28,[],0.0
CTP7006,Ev Electrical System Lab.,"Ev Electrical System Lab. introduces core concepts and practical techniques related to ev electrical system lab..
Students will learn theory and hands-on skills, with assignments and projects to apply knowledge.",7.0,"['Programming', 'Software Design', 'Debugging', 'System Design']","MANDEEP  SINGH RANA , GOKULNATH THANDAVARAYAN",[],AA1,30.0,CTP,1.95,"['SDE', 'Software Engineer', 'Developer']",1.0
CTP7010,Ev Mechanical Systems Lab,"Ev Mechanical Systems Lab introduces core concepts and practical techniques related to ev mechanical systems lab.
Students will learn theory and hands-on skills, with assignments and projects to apply knowledge.",7.0,"['Programming', 'Software Design', 'Debugging', 'System Design']","HUSAIN KANCHWALA , GOKULNATH THANDAVARAYAN",[],AA1,30.0,CTP,3.68,"['SDE', 'Software Engineer', 'Developer']",1.0
BMD801,Major Project-I,"Major Project-I introduces core concepts and practical techniques related to major project-i.
Students will learn theory and hands-on skills, with assignments and projects to apply knowledge.",8.0,"['Technical Writing', 'Project Management', 'Research']",AARAT PRATYAKSH KALRA,[],X,30.0,BMD,1.86,[],0.0
BMD8010,Major Project I,"Major Project I introduces core concepts and practical techniques related to major project i.
Students will learn theory and hands-on skills, with assignments and projects to apply knowledge.",8.0,"['Technical Writing', 'Project Management', 'Research']",AARAT PRATYAKSH KALRA,[],X,30.0,BMD,1.53,[],0.0
BMD802,Major Project-2,"Major Project-2 introduces core concepts and practical techniques related to major project-2.
Students will learn theory and hands-on skills, with assignments and projects to apply knowledge.",8.0,"['Technical Writing', 'Project Management', 'Research']",PRADIPTA  MUKHERJEE,[],X,60.0,BMD,4.74,[],0.0
BMD8020,Major Project Ii,"Major Project Ii introduces core concepts and practical techniques related to major project ii.
Students will learn theory and hands-on skills, with assignments and projects to apply knowledge.",8.0,"['Technical Writing', 'Project Management', 'Research']",PRADIPTA  MUKHERJEE,[],X,30.0,BMD,3.28,[],0.0
BMD895,Ms Research Project,"Ms Research Project introduces core concepts and practical techniques related to ms research project.
Students will learn theory and hands-on skills, with assignments and projects to apply knowledge.",8.0,"['Technical Writing', 'Project Management', 'Research']","PRIYA  VASHISTH , AARAT PRATYAKSH KALRA",[],X,30.0,BMD,2.89,[],0.0
BMD8950,Ms Research Project,"Ms Research Project introduces core concepts and practical techniques related to ms research project.
Students will learn theory and hands-on skills, with assignments and projects to apply knowledge.",8.0,"['Technical Writing', 'Project Management', 'Research']","PRIYA  VASHISTH , AARAT PRATYAKSH KALRA",[],X,30.0,BMD,4.14,[],0.0
BML706,Chemistry For Human Health: Principles And Applications,"Chemistry For Human Health: Principles And Applications introduces core concepts and practical techniques related to chemistry for human health: principles and applications.
Students will learn theory and hands-on skills, with assignments and projects to apply knowledge.",7.0,"['Foundational Knowledge', 'Problem Solving']",AARAT PRATYAKSH KALRA,"['ENGMATH101', 'DS102']",H,30.0,BML,4.23,[],1.0
BML707,Molecular Bioengineering For Human Health,"Molecular Bioengineering For Human Health introduces core concepts and practical techniques related to molecular bioengineering for human health.
Students will learn theory and hands-on skills, with assignments and projects to apply knowledge.",7.0,"['Modeling & Simulation', 'Problem Solving', 'Engineering Analysis']",SARVESH KUMAR SRIVASTAVA,"['ENGMATH101', 'DS102']",K,60.0,BML,1.76,[],3.0
BML7070,Molecular Bioengineering For Human Health,"Molecular Bioengineering For Human Health introduces core concepts and practical techniques related to molecular bioengineering for human health.
Students will learn theory and hands-on skills, with assignments and projects to apply knowledge.",7.0,"['Modeling & Simulation', 'Problem Solving', 'Engineering Analysis']",SARVESH KUMAR SRIVASTAVA,"['ENGMATH101', 'DS102']",K,60.0,BML,1.39,[],3.0
BML735,Biomedical Signal And Image Pr,"Biomedical Signal And Image Pr introduces core concepts and practical techniques related to biomedical signal and image pr.
Students will learn theory and hands-on skills, with assignments and projects to apply knowledge.",7.0,"['Foundational Knowledge', 'Problem Solving']",ANUP SINGH,"['ENGMATH101', 'DS102']",AD,60.0,BML,2.72,[],2.0
BML7350,Biomedical Signal And Image Processing,"Biomedical Signal And Image Processing introduces core concepts and practical techniques related to biomedical signal and image processing.
Students will learn theory and hands-on skills, with assignments and projects to apply knowledge.",7.0,"['Foundational Knowledge', 'Problem Solving']","ANUP SINGH   , AMIT MEHNDIRATTA","['ENGMATH101', 'DS102']",AD,60.0,BML,2.69,[],2.0
BML738,Biomedical Data Analysis,"Biomedical Data Analysis introduces core concepts and practical techniques related to biomedical data analysis.
Students will learn theory and hands-on skills, with assignments and projects to apply knowledge.",7.0,"['Statistics', 'Data Analysis', 'Model Evaluation', 'ML Basics']",PRADIPTA  MUKHERJEE,"['ENGMATH101', 'DS102']",E,60.0,BML,2.87,"['DATA SCIENCE', 'ML ROLES', 'MLE ENGINEER']",3.0
BML7380,Biomedical Data Analysis,"Biomedical Data Analysis introduces core concepts and practical techniques related to biomedical data analysis.
Students will learn theory and hands-on skills, with assignments and projects to apply knowledge.",7.0,"['Statistics', 'Data Analysis', 'Model Evaluation', 'ML Basics']",PRADIPTA  MUKHERJEE,"['ENGMATH101', 'DS102']",E,60.0,BML,3.92,"['DATA SCIENCE', 'ML ROLES', 'MLE ENGINEER']",3.0
BML740,Biomedical Instrumentation,"Biomedical Instrumentation introduces core concepts and practical techniques related to biomedical instrumentation.
Students will learn theory and hands-on skills, with assignments and projects to apply knowledge.",7.0,"['Foundational Knowledge', 'Problem Solving']","BISWARUP MUKHERJEE , DEEPAK JOSHI","['ENGMATH101', 'DS102']",B,60.0,BML,3.69,[],3.0
BML7400,Biomedical Instrumentation,"Biomedical Instrumentation introduces core concepts and practical techniques related to biomedical instrumentation.
Students will learn theory and hands-on skills, with assignments and projects to apply knowledge.",7.0,"['Foundational Knowledge', 'Problem Solving']","BISWARUP MUKHERJEE , DEEPAK JOSHI","['ENGMATH101', 'DS102']",B,60.0,BML,4.94,[],3.0
BML743,Special Topics In Biodesign,"Special Topics In Biodesign introduces core concepts and practical techniques related to special topics in biodesign.
Students will learn theory and hands-on skills, with assignments and projects to apply knowledge.",7.0,"['Modeling & Simulation', 'Problem Solving', 'Engineering Analysis']",AARAT PRATYAKSH KALRA,"['ENGMATH101', 'DS102']",M,60.0,BML,1.39,[],3.0
BML750,Point Of Care Medical Diag Dev,"Point Of Care Medical Diag Dev introduces core concepts and practical techniques related to point of care medical diag dev.
Students will learn theory and hands-on skills, with assignments and projects to apply knowledge.",7.0,"['Foundational Knowledge', 'Problem Solving']",SANDEEP KUMAR JHA,"['ENGMATH101', 'DS102']",K,60.0,BML,2.61,[],3.0
BML7500,Point Of Care Medical Diagnostic Devices,"Point Of Care Medical Diagnostic Devices introduces core concepts and practical techniques related to point of care medical diagnostic devices.
Students will learn theory and hands-on skills, with assignments and projects to apply knowledge.",7.0,"['Foundational Knowledge', 'Problem Solving']",SANDEEP KUMAR JHA,"['ENGMATH101', 'DS102']",K,60.0,BML,2.36,[],3.0
BML760,"Biomedical Ethics, Safety And Regulatory Affairs","Biomedical Ethics, Safety And Regulatory Affairs introduces core concepts and practical techniques related to biomedical ethics, safety and regulatory affairs.
Students will learn theory and hands-on skills, with assignments and projects to apply knowledge.",7.0,"['Foundational Knowledge', 'Problem Solving']","PRIYA VASHISTH   , PRIYA  VASHISTH , KISHORE KUMAR DEEPAK","['ENGMATH101', 'DS102']",F,60.0,BML,4.45,[],2.0
BML7600,"Biomedical Ethics, Safety And Regulatory Affairs","Biomedical Ethics, Safety And Regulatory Affairs introduces core concepts and practical techniques related to biomedical ethics, safety and regulatory affairs.
Students will learn theory and hands-on skills, with assignments and projects to apply knowledge.",7.0,"['Foundational Knowledge', 'Problem Solving']","PRIYA VASHISTH   , PRIYA  VASHISTH , KISHORE KUMAR DEEPAK","['ENGMATH101', 'DS102']",F,60.0,BML,1.99,[],2.0
BML780,Computational Physiology,"Computational Physiology introduces core concepts and practical techniques related to computational physiology.
Students will learn theory and hands-on skills, with assignments and projects to apply knowledge.",7.0,"['Foundational Knowledge', 'Problem Solving']",AAYUSH KANT,"['ENGMATH101', 'DS102']",J,60.0,BML,1.76,[],2.0
BML781,Orthopedic Device Design And Prototyping,"Orthopedic Device Design And Prototyping introduces core concepts and practical techniques related to orthopedic device design and prototyping.
Students will learn theory and hands-on skills, with assignments and projects to apply knowledge.",7.0,"['Modeling & Simulation', 'Problem Solving', 'Engineering Analysis']",DINESH KALYANASUNDARAM,"['ENGMATH101', 'DS102']",J,60.0,BML,2.79,[],2.0
BML781,Orthopedic Device Design And Prototyping,"Orthopedic Device Design And Prototyping introduces core concepts and practical techniques related to orthopedic device design and prototyping.
Students will learn theory and hands-on skills, with assignments and projects to apply knowledge.",7.0,"['Modeling & Simulation', 'Problem Solving', 'Engineering Analysis']",DINESH KALYANASUNDARAM,"['ENGMATH101', 'DS102']",AC,60.0,BML,2.69,[],2.0
BML7810,Orthopedic Biomechanics: Design And Prototyping,"Orthopedic Biomechanics: Design And Prototyping introduces core concepts and practical techniques related to orthopedic biomechanics: design and prototyping.
Students will learn theory and hands-on skills, with assignments and projects to apply knowledge.",7.0,"['Modeling & Simulation', 'Problem Solving', 'Engineering Analysis']",DINESH KALYANASUNDARAM,"['ENGMATH101', 'DS102']",AC,60.0,BML,2.11,[],2.0
BML810,Tissue Engineering,"Tissue Engineering introduces core concepts and practical techniques related to tissue engineering.
Students will learn theory and hands-on skills, with assignments and projects to apply knowledge.",8.0,"['Modeling & Simulation', 'Problem Solving', 'Engineering Analysis']",NEETU SINGH,"['ENGMATH101', 'DS102']",J,60.0,BML,2.0,[],3.0
BML8100,Tissue Engineering,"Tissue Engineering introduces core concepts and practical techniques related to tissue engineering.
Students will learn theory and hands-on skills, with assignments and projects to apply knowledge.",8.0,"['Modeling & Simulation', 'Problem Solving', 'Engineering Analysis']",NEETU SINGH,"['ENGMATH101', 'DS102']",J,60.0,BML,4.69,[],3.0
BML820,Biomaterials,"Biomaterials introduces core concepts and practical techniques related to biomaterials.
Students will learn theory and hands-on skills, with assignments and projects to apply knowledge.",8.0,"['Modeling & Simulation', 'Problem Solving', 'Engineering Analysis']","JAYANTA BHATTACHARYYA , HARPAL SINGH","['ENGMATH101', 'DS102']",AC,60.0,BML,2.77,[],3.0
BML8200,Biomaterials,"Biomaterials introduces core concepts and practical techniques related to biomaterials.
Students will learn theory and hands-on skills, with assignments and projects to apply knowledge.",8.0,"['Modeling & Simulation', 'Problem Solving', 'Engineering Analysis']","JAYANTA BHATTACHARYYA , HARPAL SINGH","['ENGMATH101', 'DS102']",AC,60.0,BML,4.45,[],3.0
BML860,Nanomedicine,"Nanomedicine introduces core concepts and practical techniques related to nanomedicine.
Students will learn theory and hands-on skills, with assignments and projects to apply knowledge.",8.0,"['Foundational Knowledge', 'Problem Solving']",SACHIN KUMAR B,"['ENGMATH101', 'DS102']",AD,60.0,BML,3.2,[],3.0
BML8600,Nanomedicine,"Nanomedicine introduces core concepts and practical techniques related to nanomedicine.
Students will learn theory and hands-on skills, with assignments and projects to apply knowledge.",8.0,"['Foundational Knowledge', 'Problem Solving']",SACHIN KUMAR B,"['ENGMATH101', 'DS102']",AD,60.0,BML,1.2,[],3.0
BML890,Micro-Nanodevices For Healthcare Technology,"Micro-Nanodevices For Healthcare Technology introduces core concepts and practical techniques related to micro-nanodevices for healthcare technology.
Students will learn theory and hands-on skills, with assignments and projects to apply knowledge.",8.0,"['Foundational Knowledge', 'Problem Solving']",NAVEEN KUMAR SINGH,"['ENGMATH101', 'DS102']",M,60.0,BML,5.0,[],2.0
BML8900,Micro-Nanodevices For Healthcare Technology,"Micro-Nanodevices For Healthcare Technology introduces core concepts and practical techniques related to micro-nanodevices for healthcare technology.
Students will learn theory and hands-on skills, with assignments and projects to apply knowledge.",8.0,"['Foundational Knowledge', 'Problem Solving']",NAVEEN KUMAR SINGH,"['ENGMATH101', 'DS102']",M,60.0,BML,4.34,[],2.0
BMP743,Basic Biomedical Laboratory,"Basic Biomedical Laboratory introduces core concepts and practical techniques related to basic biomedical laboratory.
Students will learn theory and hands-on skills, with assignments and projects to apply knowledge.",7.0,"['Foundational Knowledge', 'Problem Solving']","PRADIPTA  MUKHERJEE , AAYUSH KANT , AARAT PRATYAKSH KALRA , SANDEEP KUMAR JHA",[],P,60.0,BMP,4.88,[],0.0
BMP7430,Basic Biomedical Laboratory,"Basic Biomedical Laboratory introduces core concepts and practical techniques related to basic biomedical laboratory.
Students will learn theory and hands-on skills, with assignments and projects to apply knowledge.",7.0,"['Foundational Knowledge', 'Problem Solving']","PRADIPTA  MUKHERJEE , AAYUSH KANT , AARAT PRATYAKSH KALRA , SANDEEP KUMAR JHA",[],P,60.0,BMP,4.71,[],0.0
BMP744,Advance Biomaterials Laboratory,"Advance Biomaterials Laboratory introduces core concepts and practical techniques related to advance biomaterials laboratory.
Students will learn theory and hands-on skills, with assignments and projects to apply knowledge.",7.0,"['Modeling & Simulation', 'Problem Solving', 'Engineering Analysis']","SACHIN KUMAR B , PRIYA  VASHISTH",[],P,30.0,BMP,4.39,[],0.0
BMP7440,Advanced Biomaterials Laboratory,"Advanced Biomaterials Laboratory introduces core concepts and practical techniques related to advanced biomaterials laboratory.
Students will learn theory and hands-on skills, with assignments and projects to apply knowledge.",7.0,"['Modeling & Simulation', 'Problem Solving', 'Engineering Analysis']","SACHIN KUMAR B , PRIYA  VASHISTH",[],P,30.0,BMP,1.67,[],0.0
BMP745,Advance Laboratory In Bioelectronics & Biosensing,"Advance Laboratory In Bioelectronics & Biosensing introduces core concepts and practical techniques related to advance laboratory in bioelectronics & biosensing.
Students will learn theory and hands-on skills, with assignments and projects to apply knowledge.",7.0,"['Foundational Knowledge', 'Problem Solving']","NAVEEN KUMAR SINGH , BISWARUP MUKHERJEE",[],P,30.0,BMP,2.94,[],1.0
BMP7450,Advanced Laboratory In Bioelectronics &Amp; Biosensing,"Advanced Laboratory In Bioelectronics &Amp; Biosensing introduces core concepts and practical techniques related to advanced laboratory in bioelectronics &amp; biosensing.
Students will learn theory and hands-on skills, with assignments and projects to apply knowledge.",7.0,"['Foundational Knowledge', 'Problem Solving']","NAVEEN KUMAR SINGH , BISWARUP MUKHERJEE",[],P,30.0,BMP,1.85,[],1.0
BMP746,"Biomechanics, Rehabilitation Engineering And Haptics Lab","Biomechanics, Rehabilitation Engineering And Haptics Lab introduces core concepts and practical techniques related to biomechanics, rehabilitation engineering and haptics lab.
Students will learn theory and hands-on skills, with assignments and projects to apply knowledge.",7.0,"['Modeling & Simulation', 'Problem Solving', 'Engineering Analysis']","ARNAB CHANDA , DEEPAK JOSHI",[],P,30.0,BMP,2.6,[],1.0
BMP7460,"Biomechanics, Rehabilitation Engineering And Haptics Lab","Biomechanics, Rehabilitation Engineering And Haptics Lab introduces core concepts and practical techniques related to biomechanics, rehabilitation engineering and haptics lab.
Students will learn theory and hands-on skills, with assignments and projects to apply knowledge.",7.0,"['Modeling & Simulation', 'Problem Solving', 'Engineering Analysis']","ARNAB CHANDA , DEEPAK JOSHI",[],P,30.0,BMP,1.23,[],1.0
BMQ706,Graduate Student Research Seminar,"Graduate Student Research Seminar introduces core concepts and practical techniques related to graduate student research seminar.
Students will learn theory and hands-on skills, with assignments and projects to apply knowledge.",7.0,"['Technical Writing', 'Project Management', 'Research']",SARVESH KUMAR SRIVASTAVA,[],X,60.0,BMQ,2.52,[],0.0
BMQ7060,Graduate Student Research Seminar,"Graduate Student Research Seminar introduces core concepts and practical techniques related to graduate student research seminar.
Students will learn theory and hands-on skills, with assignments and projects to apply knowledge.",7.0,"['Technical Writing', 'Project Management', 'Research']",SARVESH KUMAR SRIVASTAVA,[],X,60.0,BMQ,4.94,[],0.0
BMT7440,Clinical/Industrial Immersion,"Clinical/Industrial Immersion introduces core concepts and practical techniques related to clinical/industrial immersion.
Students will learn theory and hands-on skills, with assignments and projects to apply knowledge.",7.0,"['Foundational Knowledge', 'Problem Solving']","PRIYA  VASHISTH , AARAT PRATYAKSH KALRA",[],X,30.0,BMT,2.06,[],0.0
BMV701,Basic Electronics,"Basic Electronics introduces core concepts and practical techniques related to basic electronics.
Students will learn theory and hands-on skills, with assignments and projects to apply knowledge.",7.0,"['Foundational Knowledge', 'Problem Solving']",BISWARUP MUKHERJEE,[],D,30.0,BMV,4.14,[],1.0
BMV7010,Basic Electronics,"Basic Electronics introduces core concepts and practical techniques related to basic electronics.
Students will learn theory and hands-on skills, with assignments and projects to apply knowledge.",7.0,"['Foundational Knowledge', 'Problem Solving']",BISWARUP MUKHERJEE,[],D,30.0,BMV,2.82,[],1.0
BMV702,Basic Mathematics For Biologists,"Basic Mathematics For Biologists introduces core concepts and practical techniques related to basic mathematics for biologists.
Students will learn theory and hands-on skills, with assignments and projects to apply knowledge.",7.0,"['Foundational Knowledge', 'Problem Solving']",AAYUSH KANT,[],X,30.0,BMV,2.69,[],1.0
BMV7020,Basic Engineering Mathematics For Biologists,"Basic Engineering Mathematics For Biologists introduces core concepts and practical techniques related to basic engineering mathematics for biologists.
Students will learn theory and hands-on skills, with assignments and projects to apply knowledge.",7.0,"['Modeling & Simulation', 'Problem Solving', 'Engineering Analysis']",AAYUSH KANT,[],X,30.0,BMV,4.83,[],1.0
BMV705,Mechanics Of Biomaterials,"Mechanics Of Biomaterials introduces core concepts and practical techniques related to mechanics of biomaterials.
Students will learn theory and hands-on skills, with assignments and projects to apply knowledge.",7.0,"['Modeling & Simulation', 'Problem Solving', 'Engineering Analysis']",ARNAB CHANDA,[],X,15.0,BMV,4.98,[],1.0
BMV7050,Mechanics Of Biomaterials,"Mechanics Of Biomaterials introduces core concepts and practical techniques related to mechanics of biomaterials.
Students will learn theory and hands-on skills, with assignments and projects to apply knowledge.",7.0,"['Modeling & Simulation', 'Problem Solving', 'Engineering Analysis']",ARNAB CHANDA,[],X,30.0,BMV,3.22,[],1.0
BMV7060,Chemistry For Human Health: Principles And Applications,"Chemistry For Human Health: Principles And Applications introduces core concepts and practical techniques related to chemistry for human health: principles and applications.
Students will learn theory and hands-on skills, with assignments and projects to apply knowledge.",7.0,"['Foundational Knowledge', 'Problem Solving']",AARAT PRATYAKSH KALRA,[],H,30.0,BMV,3.87,[],1.0
CHD7801,Cornerstone Project,"Cornerstone Project introduces core concepts and practical techniques related to cornerstone project.
Students will learn theory and hands-on skills, with assignments and projects to apply knowledge.",7.0,"['Technical Writing', 'Project Management', 'Research']",MOHAN KUMAR SINGH VERMA,[],Q,60.0,CHD,1.62,[],0.0
CHD8895,Msr Major Project,"Msr Major Project introduces core concepts and practical techniques related to msr major project.
Students will learn theory and hands-on skills, with assignments and projects to apply knowledge.",8.0,"['Technical Writing', 'Project Management', 'Research']",MOHAN KUMAR SINGH VERMA,[],Q,60.0,CHD,2.19,[],0.0
CHL7002,Computational Techniques For Chemical Engineers,"Computational Techniques For Chemical Engineers introduces core concepts and practical techniques related to computational techniques for chemical engineers.
Students will learn theory and hands-on skills, with assignments and projects to apply knowledge.",7.0,"['Foundational Knowledge', 'Problem Solving']",HARIPRASAD  KODAMANA,"['ENGMATH101', 'DS102']",D,70.0,CHL,4.87,[],2.0
CHL7005,Advanced Chemical Reaction Engineering,"Advanced Chemical Reaction Engineering introduces core concepts and practical techniques related to advanced chemical reaction engineering.
Students will learn theory and hands-on skills, with assignments and projects to apply knowledge.",7.0,"['Modeling & Simulation', 'Problem Solving', 'Engineering Analysis']",MANJESH KUMAR,"['ENGMATH101', 'DS102']",H,30.0,CHL,3.32,[],3.0
CHL7201,Advanced Process Data Analytics,"Advanced Process Data Analytics introduces core concepts and practical techniques related to advanced process data analytics.
Students will learn theory and hands-on skills, with assignments and projects to apply knowledge.",7.0,"['Statistics', 'Data Analysis', 'Model Evaluation', 'ML Basics']",MANOJKUMAR CHARANDAS RAMTEKE,"['ENGMATH101', 'DS102']",AB,10.0,CHL,3.17,"['DATA SCIENCE', 'ML ROLES', 'MLE ENGINEER']",3.0
CHL7204,Process Optimization,"Process Optimization introduces core concepts and practical techniques related to process optimization.
Students will learn theory and hands-on skills, with assignments and projects to apply knowledge.",7.0,"['Foundational Knowledge', 'Problem Solving']",OM PRAKASH,"['ENGMATH101', 'DS102']",F,10.0,CHL,3.99,[],3.0
CHL7207,Fundamentals Of Computational Fluid Dynamics,"Fundamentals Of Computational Fluid Dynamics introduces core concepts and practical techniques related to fundamentals of computational fluid dynamics.
Students will learn theory and hands-on skills, with assignments and projects to apply knowledge.",7.0,"['Modeling & Simulation', 'Problem Solving', 'Engineering Analysis']",JAYATI SARKAR,"['ENGMATH101', 'DS102']",E,15.0,CHL,1.23,[],2.0
CHL7212,Membrane Science And Engineering,"Membrane Science And Engineering introduces core concepts and practical techniques related to membrane science and engineering.
Students will learn theory and hands-on skills, with assignments and projects to apply knowledge.",7.0,"['Modeling & Simulation', 'Problem Solving', 'Engineering Analysis']",S.K. GUPTA,"['ENGMATH101', 'DS102']",B,15.0,CHL,3.34,[],3.0
CHL7301,Nanoscale Engineering,"Nanoscale Engineering introduces core concepts and practical techniques related to nanoscale engineering.
Students will learn theory and hands-on skills, with assignments and projects to apply knowledge.",7.0,"['Modeling & Simulation', 'Problem Solving', 'Engineering Analysis']",ROUSAN DEBBARMA,"['ENGMATH101', 'DS102']",F,10.0,CHL,3.01,[],3.0
CHL7304,Heterogeneous Catalysis And Catalytic Reactors,"Heterogeneous Catalysis And Catalytic Reactors introduces core concepts and practical techniques related to heterogeneous catalysis and catalytic reactors.
Students will learn theory and hands-on skills, with assignments and projects to apply knowledge.",7.0,"['Foundational Knowledge', 'Problem Solving']",SREEDEVI UPADHYAYULA,"['ENGMATH101', 'DS102']",E,10.0,CHL,4.41,[],3.0
CHL7311,Safety And Hazards In Process Industries,"Safety And Hazards In Process Industries introduces core concepts and practical techniques related to safety and hazards in process industries.
Students will learn theory and hands-on skills, with assignments and projects to apply knowledge.",7.0,"['Foundational Knowledge', 'Problem Solving']",ANIL KUMAR SAROHA,"['ENGMATH101', 'DS102']",B,15.0,CHL,1.63,[],3.0
CHL7401,Ccus For Sustainable Industrial And Energy Systems,"Ccus For Sustainable Industrial And Energy Systems introduces core concepts and practical techniques related to ccus for sustainable industrial and energy systems.
Students will learn theory and hands-on skills, with assignments and projects to apply knowledge.",7.0,"['Programming', 'Software Design', 'Debugging', 'System Design']",DIVESH BHATIA,"['ENGMATH101', 'DS102']",E,10.0,CHL,4.84,"['SDE', 'Software Engineer', 'Developer']",3.0
CHL7405,Principles Of Electrochemical Engineering,"Principles Of Electrochemical Engineering introduces core concepts and practical techniques related to principles of electrochemical engineering.
Students will learn theory and hands-on skills, with assignments and projects to apply knowledge.",7.0,"['Modeling & Simulation', 'Problem Solving', 'Engineering Analysis']",ANUPAM SHUKLA,"['ENGMATH101', 'DS102']",AB,10.0,CHL,1.32,[],3.0
CHL7505,Rheology Of Complex Fluids,"Rheology Of Complex Fluids introduces core concepts and practical techniques related to rheology of complex fluids.
Students will learn theory and hands-on skills, with assignments and projects to apply knowledge.",7.0,"['Modeling & Simulation', 'Problem Solving', 'Engineering Analysis']",PARESH PRAVINCHANDRA CHOKSHI,"['ENGMATH101', 'DS102']",B,20.0,CHL,1.74,[],3.0
CHL7507,Interfacial Engineering,"Interfacial Engineering introduces core concepts and practical techniques related to interfacial engineering.
Students will learn theory and hands-on skills, with assignments and projects to apply knowledge.",7.0,"['Modeling & Simulation', 'Problem Solving', 'Engineering Analysis']",ASHOK NIWRITTI BHASKARWAR,"['ENGMATH101', 'DS102']",F,10.0,CHL,3.38,[],3.0
CHL7903,Selected Topics In Chemical Engineering - Iii,"Selected Topics In Chemical Engineering - Iii introduces core concepts and practical techniques related to selected topics in chemical engineering - iii.
Students will learn theory and hands-on skills, with assignments and projects to apply knowledge.",7.0,"['Modeling & Simulation', 'Problem Solving', 'Engineering Analysis']",RAJESH KHANNA,"['ENGMATH101', 'DS102']",F,10.0,CHL,3.7,[],3.0
CHN7704,Teaching Practicum,"Teaching Practicum introduces core concepts and practical techniques related to teaching practicum.
Students will learn theory and hands-on skills, with assignments and projects to apply knowledge.",7.0,"['Foundational Knowledge', 'Problem Solving']",MOHAN KUMAR SINGH VERMA,[],Q,60.0,CHN,1.94,[],0.0
CHN8008,Technical Communication For Chemical Engineers,"Technical Communication For Chemical Engineers introduces core concepts and practical techniques related to technical communication for chemical engineers.
Students will learn theory and hands-on skills, with assignments and projects to apply knowledge.",8.0,"['Foundational Knowledge', 'Problem Solving']",SUDIP KUMAR PATTANAYEK,[],Q,30.0,CHN,1.48,[],0.0
CHN8703,Teaching Practicum,"Teaching Practicum introduces core concepts and practical techniques related to teaching practicum.
Students will learn theory and hands-on skills, with assignments and projects to apply knowledge.",8.0,"['Foundational Knowledge', 'Problem Solving']",MOHAN KUMAR SINGH VERMA,[],Q,40.0,CHN,4.56,[],0.0
CLD411,B. Tech. Project,"B. Tech. Project introduces core concepts and practical techniques related to b. tech. project.
Students will learn theory and hands-on skills, with assignments and projects to apply knowledge.",4.0,"['Technical Writing', 'Project Management', 'Research']",VIKRANT,[],Q,100.0,CLD,1.98,[],0.0
CLD412,Major Project In Energy & Env.,"Major Project In Energy & Env. introduces core concepts and practical techniques related to major project in energy & env..
Students will learn theory and hands-on skills, with assignments and projects to apply knowledge.",4.0,"['Technical Writing', 'Project Management', 'Research']",VIKRANT,[],Q,100.0,CLD,3.38,[],0.0
CLD413,Major Project In Complex Fluid,"Major Project In Complex Fluid introduces core concepts and practical techniques related to major project in complex fluid.
Students will learn theory and hands-on skills, with assignments and projects to apply knowledge.",4.0,"['Modeling & Simulation', 'Engineering Analysis', 'Technical Writing', 'Project Management', 'Problem Solving', 'Research']",VIKRANT,[],Q,100.0,CLD,3.48,[],0.0
CLD414,"Major Proj. In P.E, Mod. & Op.","Major Proj. In P.E, Mod. & Op. introduces core concepts and practical techniques related to major proj. in p.e, mod. & op..
Students will learn theory and hands-on skills, with assignments and projects to apply knowledge.",4.0,"['Foundational Knowledge', 'Problem Solving']",VIKRANT,[],Q,100.0,CLD,2.68,[],0.0
CLD415,Major Proj In Biop. & Fine Ch.,"Major Proj In Biop. & Fine Ch. introduces core concepts and practical techniques related to major proj in biop. & fine ch..
Students will learn theory and hands-on skills, with assignments and projects to apply knowledge.",4.0,"['Foundational Knowledge', 'Problem Solving']",VIKRANT,[],Q,100.0,CLD,3.33,[],0.0
CLD771,Minor Project,"Minor Project introduces core concepts and practical techniques related to minor project.
Students will learn theory and hands-on skills, with assignments and projects to apply knowledge.",7.0,"['Technical Writing', 'Project Management', 'Research']",MOHAN KUMAR SINGH VERMA,[],Q,60.0,CLD,3.09,[],0.0
CLD781,Major Project - I,"Major Project - I introduces core concepts and practical techniques related to major project - i.
Students will learn theory and hands-on skills, with assignments and projects to apply knowledge.",7.0,"['Technical Writing', 'Project Management', 'Research']",MOHAN KUMAR SINGH VERMA,[],Q,60.0,CLD,4.74,[],0.0
CLD782,Major Project - Ii,"Major Project - Ii introduces core concepts and practical techniques related to major project - ii.
Students will learn theory and hands-on skills, with assignments and projects to apply knowledge.",7.0,"['Technical Writing', 'Project Management', 'Research']",MOHAN KUMAR SINGH VERMA,[],Q,60.0,CLD,1.82,[],0.0
CLD880,Minor Project,"Minor Project introduces core concepts and practical techniques related to minor project.
Students will learn theory and hands-on skills, with assignments and projects to apply knowledge.",8.0,"['Technical Writing', 'Project Management', 'Research']",ABHIJEET RAJ,[],Q,60.0,CLD,3.86,[],0.0
CLD881,Major Project Parti,"Major Project Parti introduces core concepts and practical techniques related to major project parti.
Students will learn theory and hands-on skills, with assignments and projects to apply knowledge.",8.0,"['Technical Writing', 'Project Management', 'Research']",ABHIJEET RAJ,[],Q,60.0,CLD,1.95,[],0.0
CLD882,Major Project Partii,"Major Project Partii introduces core concepts and practical techniques related to major project partii.
Students will learn theory and hands-on skills, with assignments and projects to apply knowledge.",8.0,"['Technical Writing', 'Project Management', 'Research']",ABHIJEET RAJ,[],Q,60.0,CLD,2.58,[],0.0
CLD895,M.S.R. Major Project,"M.S.R. Major Project introduces core concepts and practical techniques related to m.s.r. major project.
Students will learn theory and hands-on skills, with assignments and projects to apply knowledge.",8.0,"['Technical Writing', 'Project Management', 'Research']",MOHAN KUMAR SINGH VERMA,[],P,50.0,CLD,3.69,[],0.0
CLL121,Chemical Engg. Thermodynamics,"Chemical Engg. Thermodynamics introduces core concepts and practical techniques related to chemical engg. thermodynamics.
Students will learn theory and hands-on skills, with assignments and projects to apply knowledge.",1.0,"['Modeling & Simulation', 'Problem Solving', 'Engineering Analysis']",GAURAV GOEL,"['ENGMATH101', 'DS102']",F,150.0,CLL,2.2,[],3.0
CLL122,Chemical Reaction Engg I,"Chemical Reaction Engg I introduces core concepts and practical techniques related to chemical reaction engg i.
Students will learn theory and hands-on skills, with assignments and projects to apply knowledge.",1.0,"['Foundational Knowledge', 'Problem Solving']",AKSHI SINGLA,"['ENGMATH101', 'DS102']",D,220.0,CLL,2.26,[],3.0
CLL231,Fluid Mechs. For Chem. Enginee,"Fluid Mechs. For Chem. Enginee introduces core concepts and practical techniques related to fluid mechs. for chem. enginee.
Students will learn theory and hands-on skills, with assignments and projects to apply knowledge.",2.0,"['Modeling & Simulation', 'Problem Solving', 'Engineering Analysis']",SOMNATH GHOSH,"['ENGMATH101', 'DS102']",A,220.0,CLL,4.01,[],3.0
CLL251,Heat Transfer For Chemical Eng,"Heat Transfer For Chemical Eng introduces core concepts and practical techniques related to heat transfer for chemical eng.
Students will learn theory and hands-on skills, with assignments and projects to apply knowledge.",2.0,"['Foundational Knowledge', 'Problem Solving']",MOHAN KUMAR SINGH VERMA,"['ENGMATH101', 'DS102']",B,220.0,CLL,1.29,[],3.0
CLL271,Intro To Industrial Biotech.,"Intro To Industrial Biotech. introduces core concepts and practical techniques related to intro to industrial biotech..
Students will learn theory and hands-on skills, with assignments and projects to apply knowledge.",2.0,"['Foundational Knowledge', 'Problem Solving']",ANURAG SINGH RATHORE,"['ENGMATH101', 'DS102']",D,150.0,CLL,2.83,[],3.0
CLL352,Mass Transfer Ii,"Mass Transfer Ii introduces core concepts and practical techniques related to mass transfer ii.
Students will learn theory and hands-on skills, with assignments and projects to apply knowledge.",3.0,"['Foundational Knowledge', 'Problem Solving']",ANIL VERMA,"['ENGMATH101', 'DS102']",B,150.0,CLL,4.99,[],3.0
CLL361,Instrumentation And Automation,"Instrumentation And Automation introduces core concepts and practical techniques related to instrumentation and automation.
Students will learn theory and hands-on skills, with assignments and projects to apply knowledge.",3.0,"['Foundational Knowledge', 'Problem Solving']",HARIPRASAD  KODAMANA,"['ENGMATH101', 'DS102']",C,150.0,CLL,4.98,[],1.0
CLL371,Chem. Process Tech.& Economics,"Chem. Process Tech.& Economics introduces core concepts and practical techniques related to chem. process tech.& economics.
Students will learn theory and hands-on skills, with assignments and projects to apply knowledge.",3.0,"['Foundational Knowledge', 'Problem Solving']",ABHIJEET RAJ,"['ENGMATH101', 'DS102']",E,150.0,CLL,1.29,[],3.0
CLL475,Safety & Hazards In Proc. Ind.,"Safety & Hazards In Proc. Ind. introduces core concepts and practical techniques related to safety & hazards in proc. ind..
Students will learn theory and hands-on skills, with assignments and projects to apply knowledge.",4.0,"['Foundational Knowledge', 'Problem Solving']",ANIL KUMAR SAROHA,"['ENGMATH101', 'DS102']",B,45.0,CLL,1.85,[],3.0
CLL720,Principles Of Electroch. Engg.,"Principles Of Electroch. Engg. introduces core concepts and practical techniques related to principles of electroch. engg..
Students will learn theory and hands-on skills, with assignments and projects to apply knowledge.",7.0,"['Foundational Knowledge', 'Problem Solving']",ANUPAM SHUKLA,"['ENGMATH101', 'DS102']",AB,50.0,CLL,2.06,[],3.0
CLL727,Hetero. Catalysis & Cata. Rea.,"Hetero. Catalysis & Cata. Rea. introduces core concepts and practical techniques related to hetero. catalysis & cata. rea..
Students will learn theory and hands-on skills, with assignments and projects to apply knowledge.",7.0,"['Foundational Knowledge', 'Problem Solving']",SREEDEVI UPADHYAYULA,"['ENGMATH101', 'DS102']",E,50.0,CLL,4.73,[],3.0
CLL733,Industrial Multiphase Reactors,"Industrial Multiphase Reactors introduces core concepts and practical techniques related to industrial multiphase reactors.
Students will learn theory and hands-on skills, with assignments and projects to apply knowledge.",7.0,"['Foundational Knowledge', 'Problem Solving']",MANJESH KUMAR,"['ENGMATH101', 'DS102']",H,90.0,CLL,4.52,[],3.0
CLL766,Interfacial Engineering,"Interfacial Engineering introduces core concepts and practical techniques related to interfacial engineering.
Students will learn theory and hands-on skills, with assignments and projects to apply knowledge.",7.0,"['Modeling & Simulation', 'Problem Solving', 'Engineering Analysis']",ASHOK NIWRITTI BHASKARWAR,"['ENGMATH101', 'DS102']",F,50.0,CLL,4.52,[],3.0
CLL768,Fundamentals Of Comp. Fluid Dy,"Fundamentals Of Comp. Fluid Dy introduces core concepts and practical techniques related to fundamentals of comp. fluid dy.
Students will learn theory and hands-on skills, with assignments and projects to apply knowledge.",7.0,"['Modeling & Simulation', 'Problem Solving', 'Engineering Analysis']",JAYATI SARKAR,"['ENGMATH101', 'DS102']",E,45.0,CLL,2.48,[],2.0
CLL782,Process Optimization,"Process Optimization introduces core concepts and practical techniques related to process optimization.
Students will learn theory and hands-on skills, with assignments and projects to apply knowledge.",7.0,"['Foundational Knowledge', 'Problem Solving']",OM PRAKASH,"['ENGMATH101', 'DS102']",F,50.0,CLL,1.63,[],3.0
CLL788,Process Data Analytics,"Process Data Analytics introduces core concepts and practical techniques related to process data analytics.
Students will learn theory and hands-on skills, with assignments and projects to apply knowledge.",7.0,"['Statistics', 'Data Analysis', 'Model Evaluation', 'ML Basics']",MANOJKUMAR CHARANDAS RAMTEKE,"['ENGMATH101', 'DS102']",AB,50.0,CLL,4.33,"['DATA SCIENCE', 'ML ROLES', 'MLE ENGINEER']",3.0
CLL793,Membrane Science & Engineering,"Membrane Science & Engineering introduces core concepts and practical techniques related to membrane science & engineering.
Students will learn theory and hands-on skills, with assignments and projects to apply knowledge.",7.0,"['Modeling & Simulation', 'Problem Solving', 'Engineering Analysis']",S.K. GUPTA,"['ENGMATH101', 'DS102']",B,45.0,CLL,3.81,[],3.0
CLL798,Sel. Topics In Chem. Engg. - I,"Sel. Topics In Chem. Engg. - I introduces core concepts and practical techniques related to sel. topics in chem. engg. - i.
Students will learn theory and hands-on skills, with assignments and projects to apply knowledge.",7.0,"['Foundational Knowledge', 'Problem Solving']",RAJESH KHANNA,"['ENGMATH101', 'DS102']",F,50.0,CLL,3.45,[],3.0
CLL798B,"Selected Topics In Chemical Engineering-I (Carbon Capture, Utilization, And Storage)","Selected Topics In Chemical Engineering-I (Carbon Capture, Utilization, And Storage) introduces core concepts and practical techniques related to selected topics in chemical engineering-i (carbon capture, utilization, and storage).
Students will learn theory and hands-on skills, with assignments and projects to apply knowledge.",7.0,"['Modeling & Simulation', 'Problem Solving', 'Engineering Analysis']",DIVESH BHATIA,"['ENGMATH101', 'DS102']",E,50.0,CLL,4.95,[],3.0
CLL799,Sel. Topics In Chem. Engg.- Ii,"Sel. Topics In Chem. Engg.- Ii introduces core concepts and practical techniques related to sel. topics in chem. engg.- ii.
Students will learn theory and hands-on skills, with assignments and projects to apply knowledge.",7.0,"['Foundational Knowledge', 'Problem Solving']",PARESH PRAVINCHANDRA CHOKSHI,"['ENGMATH101', 'DS102']",B,40.0,CLL,3.62,[],3.0
CLL799(A),Sel. Topics In Chem. Engg.- Ii,"Sel. Topics In Chem. Engg.- Ii introduces core concepts and practical techniques related to sel. topics in chem. engg.- ii.
Students will learn theory and hands-on skills, with assignments and projects to apply knowledge.",7.0,"['Foundational Knowledge', 'Problem Solving']",ROUSAN DEBBARMA,"['ENGMATH101', 'DS102']",F,50.0,CLL,1.03,[],3.0
CLP302,Chemical Engineering Lab - Ii,"Chemical Engineering Lab - Ii introduces core concepts and practical techniques related to chemical engineering lab - ii.
Students will learn theory and hands-on skills, with assignments and projects to apply knowledge.",3.0,"['Modeling & Simulation', 'Problem Solving', 'Engineering Analysis']",PARESH PRAVINCHANDRA CHOKSHI,[],E,200.0,CLP,4.27,[],0.0
CLP704,Technical Communication For Chemical Engineers,"Technical Communication For Chemical Engineers introduces core concepts and practical techniques related to technical communication for chemical engineers.
Students will learn theory and hands-on skills, with assignments and projects to apply knowledge.",7.0,"['Foundational Knowledge', 'Problem Solving']",SUDIP KUMAR PATTANAYEK,[],Q,80.0,CLP,2.2,[],0.0
CLQ301,Seminar Course - I,"Seminar Course - I introduces core concepts and practical techniques related to seminar course - i.
Students will learn theory and hands-on skills, with assignments and projects to apply knowledge.",3.0,"['Technical Writing', 'Project Management', 'Research']",VIKRAM SINGH,[],P,40.0,CLQ,3.65,[],0.0
CMD641,Project Part Ii,"Project Part Ii introduces core concepts and practical techniques related to project part ii.
Students will learn theory and hands-on skills, with assignments and projects to apply knowledge.",6.0,"['Technical Writing', 'Project Management', 'Research']",TARAK KARMAKAR,[],P,70.0,CMD,4.76,[],0.0
CMD807,Major  Project Part - Ii,"Major  Project Part - Ii introduces core concepts and practical techniques related to major  project part - ii.
Students will learn theory and hands-on skills, with assignments and projects to apply knowledge.",8.0,"['Technical Writing', 'Project Management', 'Research']",PRAVIN POPINAND INGOLE,[],P,20.0,CMD,1.54,[],0.0
CML101,Introduction To Chemistry,"Introduction To Chemistry introduces core concepts and practical techniques related to introduction to chemistry.
Students will learn theory and hands-on skills, with assignments and projects to apply knowledge.",1.0,"['Foundational Knowledge', 'Problem Solving']","SAJESH P THOMAS , KUNTAL MANNA , NALIN PANT",[],C,350.0,CML,1.46,[],3.0
CML101,Introduction To Chemistry,"Introduction To Chemistry introduces core concepts and practical techniques related to introduction to chemistry.
Students will learn theory and hands-on skills, with assignments and projects to apply knowledge.",1.0,"['Foundational Knowledge', 'Problem Solving']","SAJESH P THOMAS , KUNTAL MANNA , NALIN PANT",[],AF,350.0,CML,1.43,[],3.0
CML5021,Molecular Thermodynamics &Amp; Reaction Dynamics,"Molecular Thermodynamics &Amp; Reaction Dynamics introduces core concepts and practical techniques related to molecular thermodynamics &amp; reaction dynamics.
Students will learn theory and hands-on skills, with assignments and projects to apply knowledge.",5.0,"['Modeling & Simulation', 'Problem Solving', 'Engineering Analysis']",SHASHANK DEEP,[],C,150.0,CML,3.21,[],3.0
CML5022,Organic Synthesis,"Organic Synthesis introduces core concepts and practical techniques related to organic synthesis.
Students will learn theory and hands-on skills, with assignments and projects to apply knowledge.",5.0,"['Technical Writing', 'Project Management', 'Research']",CHINMOY KUMAR HAZRA,[],D,150.0,CML,2.09,[],3.0
CML5023,Transition And Inner Transition Metal Chemistry,"Transition And Inner Transition Metal Chemistry introduces core concepts and practical techniques related to transition and inner transition metal chemistry.
Students will learn theory and hands-on skills, with assignments and projects to apply knowledge.",5.0,"['Foundational Knowledge', 'Problem Solving']",BIJU BASUMATARY,[],F,150.0,CML,3.42,[],3.0
CML5024,Basic Organometallic Chemistry,"Basic Organometallic Chemistry introduces core concepts and practical techniques related to basic organometallic chemistry.
Students will learn theory and hands-on skills, with assignments and projects to apply knowledge.",5.0,"['Foundational Knowledge', 'Problem Solving']",SUBRATA KUNDU,[],B,150.0,CML,3.87,[],3.0
CML5025,Structure And Function Of Cellular Biomolecules,"Structure And Function Of Cellular Biomolecules introduces core concepts and practical techniques related to structure and function of cellular biomolecules.
Students will learn theory and hands-on skills, with assignments and projects to apply knowledge.",5.0,"['Foundational Knowledge', 'Problem Solving']",TANMAY DUTTA,[],E,150.0,CML,1.81,[],3.0
CML6065,Biophysical Chemistry,"Biophysical Chemistry introduces core concepts and practical techniques related to biophysical chemistry.
Students will learn theory and hands-on skills, with assignments and projects to apply knowledge.",6.0,"['Foundational Knowledge', 'Problem Solving']",PRAMIT KUMAR CHOWDHURY,[],AC,60.0,CML,3.54,[],3.0
CML6071,Supramolecular Chemistry,"Supramolecular Chemistry introduces core concepts and practical techniques related to supramolecular chemistry.
Students will learn theory and hands-on skills, with assignments and projects to apply knowledge.",6.0,"['Foundational Knowledge', 'Problem Solving']",V.HARIDAS,[],AC,60.0,CML,2.06,[],3.0
CML6074,Pericyclic Reactions And Photochemistry,"Pericyclic Reactions And Photochemistry introduces core concepts and practical techniques related to pericyclic reactions and photochemistry.
Students will learn theory and hands-on skills, with assignments and projects to apply knowledge.",6.0,"['Foundational Knowledge', 'Problem Solving']",JANAKIRAM VAITLA,[],A,70.0,CML,2.95,[],3.0
CML6075,Chemistry Of Heterocyclic Compounds,"Chemistry Of Heterocyclic Compounds introduces core concepts and practical techniques related to chemistry of heterocyclic compounds.
Students will learn theory and hands-on skills, with assignments and projects to apply knowledge.",6.0,"['Foundational Knowledge', 'Problem Solving']",MUNTHA RAMU YADAV,[],AB,60.0,CML,4.62,[],3.0
CML6082,Inorganic Polymers,"Inorganic Polymers introduces core concepts and practical techniques related to inorganic polymers.
Students will learn theory and hands-on skills, with assignments and projects to apply knowledge.",6.0,"['Foundational Knowledge', 'Problem Solving']",RAVI SHANKAR,[],E,60.0,CML,4.38,[],3.0
CML6096,Physical Organic Chemistry,"Physical Organic Chemistry introduces core concepts and practical techniques related to physical organic chemistry.
Students will learn theory and hands-on skills, with assignments and projects to apply knowledge.",6.0,"['Foundational Knowledge', 'Problem Solving']",SUDIPTA  RAHA ROY,[],AD,30.0,CML,1.37,[],3.0
CML665,Biophysical Chemistry,"Biophysical Chemistry introduces core concepts and practical techniques related to biophysical chemistry.
Students will learn theory and hands-on skills, with assignments and projects to apply knowledge.",6.0,"['Foundational Knowledge', 'Problem Solving']",PRAMIT KUMAR CHOWDHURY,[],AC,60.0,CML,2.69,[],3.0
CML671,Supramolecular Chemistry,"Supramolecular Chemistry introduces core concepts and practical techniques related to supramolecular chemistry.
Students will learn theory and hands-on skills, with assignments and projects to apply knowledge.",6.0,"['Foundational Knowledge', 'Problem Solving']",V.HARIDAS,[],AC,60.0,CML,2.11,[],3.0
CML672,Recent Trends In Organic Chemistry,"Recent Trends In Organic Chemistry introduces core concepts and practical techniques related to recent trends in organic chemistry.
Students will learn theory and hands-on skills, with assignments and projects to apply knowledge.",6.0,"['Foundational Knowledge', 'Problem Solving']",RAVI P. SINGH,[],AA,60.0,CML,1.01,[],3.0
CML675,Chemistry Of Heterocyclic Compounds,"Chemistry Of Heterocyclic Compounds introduces core concepts and practical techniques related to chemistry of heterocyclic compounds.
Students will learn theory and hands-on skills, with assignments and projects to apply knowledge.",6.0,"['Foundational Knowledge', 'Problem Solving']",MUNTHA RAMU YADAV,[],AB,60.0,CML,4.08,[],3.0
CML682,Inorganic Polymers,"Inorganic Polymers introduces core concepts and practical techniques related to inorganic polymers.
Students will learn theory and hands-on skills, with assignments and projects to apply knowledge.",6.0,"['Foundational Knowledge', 'Problem Solving']",RAVI SHANKAR,[],E,60.0,CML,3.55,[],3.0
CML7022,Chemical Separation And Electroanalytical Methods,"Chemical Separation And Electroanalytical Methods introduces core concepts and practical techniques related to chemical separation and electroanalytical methods.
Students will learn theory and hands-on skills, with assignments and projects to apply knowledge.",7.0,"['Foundational Knowledge', 'Problem Solving']","SAYANTAN  PARIA , JAI DEO SINGH",[],D,30.0,CML,2.05,[],3.0
CML7029,Materials Characterization,"Materials Characterization introduces core concepts and practical techniques related to materials characterization.
Students will learn theory and hands-on skills, with assignments and projects to apply knowledge.",7.0,"['Modeling & Simulation', 'Problem Solving', 'Engineering Analysis']","SANDEEP KUMAR GUPTA , SAJESH P THOMAS",[],K,60.0,CML,3.96,[],3.0
CML7033,Chemistry Of Industrial Catalysis,"Chemistry Of Industrial Catalysis introduces core concepts and practical techniques related to chemistry of industrial catalysis.
Students will learn theory and hands-on skills, with assignments and projects to apply knowledge.",7.0,"['Foundational Knowledge', 'Problem Solving']",BISWARUP CHAKRABORTY,[],C,60.0,CML,3.21,[],3.0
CML7038,Applications Of P-Block Elements And Their Compounds,"Applications Of P-Block Elements And Their Compounds introduces core concepts and practical techniques related to applications of p-block elements and their compounds.
Students will learn theory and hands-on skills, with assignments and projects to apply knowledge.",7.0,"['Foundational Knowledge', 'Problem Solving']",ANIL JACOB ELIAS,[],F,60.0,CML,2.71,[],3.0
CML7040,Chemistry Of Heterocyclic Compounds,"Chemistry Of Heterocyclic Compounds introduces core concepts and practical techniques related to chemistry of heterocyclic compounds.
Students will learn theory and hands-on skills, with assignments and projects to apply knowledge.",7.0,"['Foundational Knowledge', 'Problem Solving']",MUNTHA RAMU YADAV,[],AB,60.0,CML,1.04,[],3.0
CML7042,Reagents In Synthetic Transformations,"Reagents In Synthetic Transformations introduces core concepts and practical techniques related to reagents in synthetic transformations.
Students will learn theory and hands-on skills, with assignments and projects to apply knowledge.",7.0,"['Foundational Knowledge', 'Problem Solving']",N.G.RAMESH,[],H,60.0,CML,1.3,[],3.0
CML7044,Advance Physical Organic Chemistry,"Advance Physical Organic Chemistry introduces core concepts and practical techniques related to advance physical organic chemistry.
Students will learn theory and hands-on skills, with assignments and projects to apply knowledge.",7.0,"['Foundational Knowledge', 'Problem Solving']",SUDIPTA  RAHA ROY,[],AD,30.0,CML,4.53,[],3.0
CML7211,Machine Learning For Chemists,"Machine Learning For Chemists introduces core concepts and practical techniques related to machine learning for chemists.
Students will learn theory and hands-on skills, with assignments and projects to apply knowledge.",7.0,"['Statistics', 'Data Analysis', 'Model Evaluation', 'ML Basics']",TARAK KARMAKAR,[],AA,60.0,CML,4.62,"['DATA SCIENCE', 'ML ROLES', 'MLE ENGINEER']",3.0
CML7234,Chemistry Of Nanostructured Materials,"Chemistry Of Nanostructured Materials introduces core concepts and practical techniques related to chemistry of nanostructured materials.
Students will learn theory and hands-on skills, with assignments and projects to apply knowledge.",7.0,"['Modeling & Simulation', 'Problem Solving', 'Engineering Analysis']","SAMEER SAPRA   , PRAVIN POPINAND INGOLE",[],J,60.0,CML,3.18,[],3.0
CML729,Material Characterization,"Material Characterization introduces core concepts and practical techniques related to material characterization.
Students will learn theory and hands-on skills, with assignments and projects to apply knowledge.",7.0,"['Modeling & Simulation', 'Problem Solving', 'Engineering Analysis']","SANDEEP KUMAR GUPTA , SAJESH P THOMAS",[],K,60.0,CML,4.34,[],3.0
CML731,Separation And Electroanalytic,"Separation And Electroanalytic introduces core concepts and practical techniques related to separation and electroanalytic.
Students will learn theory and hands-on skills, with assignments and projects to apply knowledge.",7.0,"['Foundational Knowledge', 'Problem Solving']","SAYANTAN  PARIA , JAI DEO SINGH",[],D,30.0,CML,3.33,[],3.0
CML733,Chemistry Of Industrial Cataly,"Chemistry Of Industrial Cataly introduces core concepts and practical techniques related to chemistry of industrial cataly.
Students will learn theory and hands-on skills, with assignments and projects to apply knowledge.",7.0,"['Foundational Knowledge', 'Problem Solving']",BISWARUP CHAKRABORTY,[],C,60.0,CML,1.59,[],3.0
CML734,Chemistry Of Nanostructured  M,"Chemistry Of Nanostructured  M introduces core concepts and practical techniques related to chemistry of nanostructured  m.
Students will learn theory and hands-on skills, with assignments and projects to apply knowledge.",7.0,"['Foundational Knowledge', 'Problem Solving']","SAMEER SAPRA   , PRAVIN POPINAND INGOLE",[],J,60.0,CML,1.51,[],3.0
CML738,Applications Of P-Block Elemen,"Applications Of P-Block Elemen introduces core concepts and practical techniques related to applications of p-block elemen.
Students will learn theory and hands-on skills, with assignments and projects to apply knowledge.",7.0,"['Foundational Knowledge', 'Problem Solving']",ANIL JACOB ELIAS,[],F,60.0,CML,2.23,[],3.0
CML740,Chemistry Of Heterocyclic Comp,"Chemistry Of Heterocyclic Comp introduces core concepts and practical techniques related to chemistry of heterocyclic comp.
Students will learn theory and hands-on skills, with assignments and projects to apply knowledge.",7.0,"['Foundational Knowledge', 'Problem Solving']",MUNTHA RAMU YADAV,[],AB,60.0,CML,4.6,[],3.0
CML742,Reagents In Synthetic Transfor,"Reagents In Synthetic Transfor introduces core concepts and practical techniques related to reagents in synthetic transfor.
Students will learn theory and hands-on skills, with assignments and projects to apply knowledge.",7.0,"['Foundational Knowledge', 'Problem Solving']",N.G.RAMESH,[],H,60.0,CML,4.18,[],3.0
CML760,Computational Quantum Chemistry,"Computational Quantum Chemistry introduces core concepts and practical techniques related to computational quantum chemistry.
Students will learn theory and hands-on skills, with assignments and projects to apply knowledge.",7.0,"['Foundational Knowledge', 'Problem Solving']",HEMANT KUMAR KASHYAP,[],B,60.0,CML,4.44,[],2.0
CMN7099,Teaching/Research Practicum,"Teaching/Research Practicum introduces core concepts and practical techniques related to teaching/research practicum.
Students will learn theory and hands-on skills, with assignments and projects to apply knowledge.",7.0,"['Technical Writing', 'Project Management', 'Research']",PRAVIN POPINAND INGOLE,[],X,26.0,CMN,4.6,[],0.0
CMN8099,Teaching/Research Practicum,"Teaching/Research Practicum introduces core concepts and practical techniques related to teaching/research practicum.
Students will learn theory and hands-on skills, with assignments and projects to apply knowledge.",8.0,"['Technical Writing', 'Project Management', 'Research']",RITU GUPTA,[],X,50.0,CMN,1.84,[],0.0
CMN8100,Research Communication And Professional Ethics In Chemistry,"Research Communication And Professional Ethics In Chemistry introduces core concepts and practical techniques related to research communication and professional ethics in chemistry.
Students will learn theory and hands-on skills, with assignments and projects to apply knowledge.",8.0,"['Technical Writing', 'Project Management', 'Research']",RITU GUPTA,[],X,50.0,CMN,2.0,[],1.0
CMP1000,Chemistry Laboratory,"Chemistry Laboratory introduces core concepts and practical techniques related to chemistry laboratory.
Students will learn theory and hands-on skills, with assignments and projects to apply knowledge.",1.0,"['Foundational Knowledge', 'Problem Solving']","BIJU BASUMATARY , BISWARUP CHAKRABORTY",[],P,700.0,CMP,1.41,[],0.0
CMP5021,Laboratory 3: Organic Chemistry,"Laboratory 3: Organic Chemistry introduces core concepts and practical techniques related to laboratory 3: organic chemistry.
Students will learn theory and hands-on skills, with assignments and projects to apply knowledge.",5.0,"['Foundational Knowledge', 'Problem Solving']","SUDIPTA  RAHA ROY , GHOLAP SHIVAJIRAO LAHU , RAVI P. SINGH   , N.G.RAMESH",[],P,70.0,CMP,4.12,[],0.0
CMP5022,Biochemistry Laboratory,"Biochemistry Laboratory introduces core concepts and practical techniques related to biochemistry laboratory.
Students will learn theory and hands-on skills, with assignments and projects to apply knowledge.",5.0,"['Foundational Knowledge', 'Problem Solving']","TANMAY DUTTA , SHASHANK DEEP , NALIN PANT",[],P,70.0,CMP,4.54,[],0.0
CMP7028,Lab On Instrumentation In Material Characterization,"Lab On Instrumentation In Material Characterization introduces core concepts and practical techniques related to lab on instrumentation in material characterization.
Students will learn theory and hands-on skills, with assignments and projects to apply knowledge.",7.0,"['Modeling & Simulation', 'Problem Solving', 'Engineering Analysis']","SAJESH P THOMAS , SANDEEP KUMAR GUPTA",[],P,20.0,CMP,2.63,[],0.0
CVD411,Btech Project Part 1,"Btech Project Part 1 introduces core concepts and practical techniques related to btech project part 1.
Students will learn theory and hands-on skills, with assignments and projects to apply knowledge.",4.0,"['Technical Writing', 'Project Management', 'Research']",GAURAV TALUKDAR,[],X,150.0,CVD,3.48,[],0.0
CVD412,Btech Project Part 2,"Btech Project Part 2 introduces core concepts and practical techniques related to btech project part 2.
Students will learn theory and hands-on skills, with assignments and projects to apply knowledge.",4.0,"['Technical Writing', 'Project Management', 'Research']",GAURAV TALUKDAR,[],X,150.0,CVD,1.62,[],0.0
CVD700,Minor Project,"Minor Project introduces core concepts and practical techniques related to minor project.
Students will learn theory and hands-on skills, with assignments and projects to apply knowledge.",7.0,"['Technical Writing', 'Project Management', 'Research']",DEBAYAN BHATTACHARYA,[],X,30.0,CVD,4.72,[],0.0
CVD710,Minor Project,"Minor Project introduces core concepts and practical techniques related to minor project.
Students will learn theory and hands-on skills, with assignments and projects to apply knowledge.",7.0,"['Technical Writing', 'Project Management', 'Research']",SUMEET KUMAR SINHA,[],X,30.0,CVD,4.46,[],0.0
CVD720,Major Thesis Part-I,"Major Thesis Part-I introduces core concepts and practical techniques related to major thesis part-i.
Students will learn theory and hands-on skills, with assignments and projects to apply knowledge.",7.0,"['Technical Writing', 'Project Management', 'Research']",ARYA V,[],X,30.0,CVD,4.9,[],0.0
CVD721,Major Thesis Part-Ii,"Major Thesis Part-Ii introduces core concepts and practical techniques related to major thesis part-ii.
Students will learn theory and hands-on skills, with assignments and projects to apply knowledge.",7.0,"['Technical Writing', 'Project Management', 'Research']",ARYA V,[],X,30.0,CVD,4.24,[],0.0
CVD726,Minor Project,"Minor Project introduces core concepts and practical techniques related to minor project.
Students will learn theory and hands-on skills, with assignments and projects to apply knowledge.",7.0,"['Technical Writing', 'Project Management', 'Research']",ARYA V,[],X,30.0,CVD,4.53,[],0.0
CVD7290,Cornerstone Project,"Cornerstone Project introduces core concepts and practical techniques related to cornerstone project.
Students will learn theory and hands-on skills, with assignments and projects to apply knowledge.",7.0,"['Technical Writing', 'Project Management', 'Research']",SUMEET KUMAR SINHA,[],X,30.0,CVD,1.1,[],0.0
CVD7390,Corner Stone Project In Construction Technology And Management,"Corner Stone Project In Construction Technology And Management introduces core concepts and practical techniques related to corner stone project in construction technology and management.
Students will learn theory and hands-on skills, with assignments and projects to apply knowledge.",7.0,"['Technical Writing', 'Project Management', 'Research']","SUPRATIC GUPTA , ANN FRANCIS",[],X,30.0,CVD,3.95,[],0.0
CVD7399,Corner Stone Project In Construction Engineering And Management,"Corner Stone Project In Construction Engineering And Management introduces core concepts and practical techniques related to corner stone project in construction engineering and management.
Students will learn theory and hands-on skills, with assignments and projects to apply knowledge.",7.0,"['Modeling & Simulation', 'Engineering Analysis', 'Technical Writing', 'Project Management', 'Problem Solving', 'Research']","SUPRATIC GUPTA , SAHIL GARG",[],X,30.0,CVD,2.33,[],0.0
CVD7491,Cornerstone Project In Structural Engineering,"Cornerstone Project In Structural Engineering introduces core concepts and practical techniques related to cornerstone project in structural engineering.
Students will learn theory and hands-on skills, with assignments and projects to apply knowledge.",7.0,"['Modeling & Simulation', 'Engineering Analysis', 'Technical Writing', 'Project Management', 'Problem Solving', 'Research']",SVETHA VENKATACHARI,[],X,30.0,CVD,4.72,[],0.0
CVD758,Major Project Part-Ii (Ces),"Major Project Part-Ii (Ces) introduces core concepts and practical techniques related to major project part-ii (ces).
Students will learn theory and hands-on skills, with assignments and projects to apply knowledge.",7.0,"['Technical Writing', 'Project Management', 'Research']",SVETHA VENKATACHARI,[],X,30.0,CVD,4.21,[],0.0
CVD7592,Cornerstone Project,"Cornerstone Project introduces core concepts and practical techniques related to cornerstone project.
Students will learn theory and hands-on skills, with assignments and projects to apply knowledge.",7.0,"['Technical Writing', 'Project Management', 'Research']",MANOJ M,[],X,30.0,CVD,4.46,[],0.0
CVD7690,Cornerstone Project,"Cornerstone Project introduces core concepts and practical techniques related to cornerstone project.
Students will learn theory and hands-on skills, with assignments and projects to apply knowledge.",7.0,"['Technical Writing', 'Project Management', 'Research']",DEBAYAN BHATTACHARYA,[],X,30.0,CVD,4.24,[],0.0
CVD773,Major Project Part-Ii (Cec),"Major Project Part-Ii (Cec) introduces core concepts and practical techniques related to major project part-ii (cec).
Students will learn theory and hands-on skills, with assignments and projects to apply knowledge.",7.0,"['Technical Writing', 'Project Management', 'Research']",ANN FRANCIS,[],X,30.0,CVD,2.07,[],0.0
CVD778,Major Project Part-Ii (Cet),"Major Project Part-Ii (Cet) introduces core concepts and practical techniques related to major project part-ii (cet).
Students will learn theory and hands-on skills, with assignments and projects to apply knowledge.",7.0,"['Technical Writing', 'Project Management', 'Research']",SAHIL GARG,[],X,30.0,CVD,4.15,[],0.0
CVD7791,Cornerstone Project,"Cornerstone Project introduces core concepts and practical techniques related to cornerstone project.
Students will learn theory and hands-on skills, with assignments and projects to apply knowledge.",7.0,"['Technical Writing', 'Project Management', 'Research']",ARYA V,[],X,30.0,CVD,1.43,[],0.0
CVD7891,Cornerstone Project In Water Resources Engineering,"Cornerstone Project In Water Resources Engineering introduces core concepts and practical techniques related to cornerstone project in water resources engineering.
Students will learn theory and hands-on skills, with assignments and projects to apply knowledge.",7.0,"['Modeling & Simulation', 'Engineering Analysis', 'Technical Writing', 'Project Management', 'Problem Solving', 'Research']",SUMEDHA CHAKMA,[],X,30.0,CVD,4.49,[],0.0
CVD801,Major Thesis Part-Ii,"Major Thesis Part-Ii introduces core concepts and practical techniques related to major thesis part-ii.
Students will learn theory and hands-on skills, with assignments and projects to apply knowledge.",8.0,"['Technical Writing', 'Project Management', 'Research']",DEBAYAN BHATTACHARYA,[],X,30.0,CVD,4.43,[],0.0
CVD811,Major Project Part-Ii (Ceu),"Major Project Part-Ii (Ceu) introduces core concepts and practical techniques related to major project part-ii (ceu).
Students will learn theory and hands-on skills, with assignments and projects to apply knowledge.",8.0,"['Technical Writing', 'Project Management', 'Research']",SUMEET KUMAR SINHA,[],X,30.0,CVD,1.89,[],0.0
CVD832,Major Project Part-Ii,"Major Project Part-Ii introduces core concepts and practical techniques related to major project part-ii.
Students will learn theory and hands-on skills, with assignments and projects to apply knowledge.",8.0,"['Technical Writing', 'Project Management', 'Research']",SAUMAVA DEY,[],X,30.0,CVD,4.27,[],0.0
CVD853,Major Project Part-I,"Major Project Part-I introduces core concepts and practical techniques related to major project part-i.
Students will learn theory and hands-on skills, with assignments and projects to apply knowledge.",8.0,"['Technical Writing', 'Project Management', 'Research']",MANOJ M,[],X,30.0,CVD,2.84,[],0.0
CVD854,Major Project Part-Ii,"Major Project Part-Ii introduces core concepts and practical techniques related to major project part-ii.
Students will learn theory and hands-on skills, with assignments and projects to apply knowledge.",8.0,"['Technical Writing', 'Project Management', 'Research']",MANOJ M,[],X,30.0,CVD,2.22,[],0.0
CVL100,Environmental Science,"Environmental Science introduces core concepts and practical techniques related to environmental science.
Students will learn theory and hands-on skills, with assignments and projects to apply knowledge.",1.0,"['Foundational Knowledge', 'Problem Solving']",GAZALA HABIB,"['ENGMATH101', 'DS102']",C1,300.0,CVL,4.18,[],2.0
CVL100,Environmental Science,"Environmental Science introduces core concepts and practical techniques related to environmental science.
Students will learn theory and hands-on skills, with assignments and projects to apply knowledge.",1.0,"['Foundational Knowledge', 'Problem Solving']",ARYA V,"['ENGMATH101', 'DS102']",C2,300.0,CVL,1.91,[],2.0
CVL212,Environmental Engineering,"Environmental Engineering introduces core concepts and practical techniques related to environmental engineering.
Students will learn theory and hands-on skills, with assignments and projects to apply knowledge.",2.0,"['Modeling & Simulation', 'Problem Solving', 'Engineering Analysis']",SOVIK DAS,"['ENGMATH101', 'DS102']",B,150.0,CVL,1.09,[],3.0
CVL222,Soil Mechanics,"Soil Mechanics introduces core concepts and practical techniques related to soil mechanics.
Students will learn theory and hands-on skills, with assignments and projects to apply knowledge.",2.0,"['Modeling & Simulation', 'Problem Solving', 'Engineering Analysis']",DEBAYAN BHATTACHARYA,"['ENGMATH101', 'DS102']",F,150.0,CVL,1.77,[],3.0
CVL242,Structural Analysis I,"Structural Analysis I introduces core concepts and practical techniques related to structural analysis i.
Students will learn theory and hands-on skills, with assignments and projects to apply knowledge.",2.0,"['Modeling & Simulation', 'Problem Solving', 'Engineering Analysis']",SAIKAT SARKAR,"['ENGMATH101', 'DS102']",D,150.0,CVL,2.31,[],3.0
CVL244,Construction Practices,"Construction Practices introduces core concepts and practical techniques related to construction practices.
Students will learn theory and hands-on skills, with assignments and projects to apply knowledge.",2.0,"['Foundational Knowledge', 'Problem Solving']",SAHIL GARG,"['ENGMATH101', 'DS102']",C,150.0,CVL,4.46,[],2.0
CVL261,Intro. To Transportation Engg.,"Intro. To Transportation Engg. introduces core concepts and practical techniques related to intro. to transportation engg..
Students will learn theory and hands-on skills, with assignments and projects to apply knowledge.",2.0,"['Foundational Knowledge', 'Problem Solving']",ARAVIND KRISHNA SWAMY,"['ENGMATH101', 'DS102']",B,150.0,CVL,4.87,[],3.0
CVL281,Hydraulics,"Hydraulics introduces core concepts and practical techniques related to hydraulics.
Students will learn theory and hands-on skills, with assignments and projects to apply knowledge.",2.0,"['Foundational Knowledge', 'Problem Solving']",SUMEDHA CHAKMA,"['ENGMATH101', 'DS102']",E,150.0,CVL,2.12,[],3.0
CVL311,Industrial Waste Management,"Industrial Waste Management introduces core concepts and practical techniques related to industrial waste management.
Students will learn theory and hands-on skills, with assignments and projects to apply knowledge.",3.0,"['Foundational Knowledge', 'Problem Solving']","ARUN KUMAR , BABU J.ALAPPAT","['ENGMATH101', 'DS102']",F,60.0,CVL,3.57,[],3.0
CVL342,Steel Design,"Steel Design introduces core concepts and practical techniques related to steel design.
Students will learn theory and hands-on skills, with assignments and projects to apply knowledge.",3.0,"['Modeling & Simulation', 'Problem Solving', 'Engineering Analysis']",SVETHA VENKATACHARI,"['ENGMATH101', 'DS102']",D,150.0,CVL,2.6,[],3.0
CVL381,Design Of Hydraulic Structures,"Design Of Hydraulic Structures introduces core concepts and practical techniques related to design of hydraulic structures.
Students will learn theory and hands-on skills, with assignments and projects to apply knowledge.",3.0,"['Modeling & Simulation', 'Problem Solving', 'Engineering Analysis']",MANABENDRA SAHARIA,"['ENGMATH101', 'DS102']",E,150.0,CVL,4.92,[],3.0
CVL382,Groundwater,"Groundwater introduces core concepts and practical techniques related to groundwater.
Students will learn theory and hands-on skills, with assignments and projects to apply knowledge.",3.0,"['Foundational Knowledge', 'Problem Solving']",BHAGU RAM CHAHAR,"['ENGMATH101', 'DS102']",H,30.0,CVL,3.14,[],2.0
CVL422,Rock Engineering,"Rock Engineering introduces core concepts and practical techniques related to rock engineering.
Students will learn theory and hands-on skills, with assignments and projects to apply knowledge.",4.0,"['Modeling & Simulation', 'Problem Solving', 'Engineering Analysis']",SUMEET KUMAR SINHA,"['ENGMATH101', 'DS102']",D,30.0,CVL,4.76,[],3.0
CVL443,Prestressed Con. & Ind. Struc.,"Prestressed Con. & Ind. Struc. introduces core concepts and practical techniques related to prestressed con. & ind. struc..
Students will learn theory and hands-on skills, with assignments and projects to apply knowledge.",4.0,"['Foundational Knowledge', 'Problem Solving']",ALOK MADAN,"['ENGMATH101', 'DS102']",H,60.0,CVL,1.46,[],3.0
CVL7052,Transportation Cyberphysical Systems,"Transportation Cyberphysical Systems introduces core concepts and practical techniques related to transportation cyberphysical systems.
Students will learn theory and hands-on skills, with assignments and projects to apply knowledge.",7.0,"['Programming', 'Software Design', 'Debugging', 'System Design']",PRAMESH KUMAR,"['ENGMATH101', 'DS102']",B,30.0,CVL,4.88,"['SDE', 'Software Engineer', 'Developer']",2.0
CVL7071,Environmental Quality Modeling,"Environmental Quality Modeling introduces core concepts and practical techniques related to environmental quality modeling.
Students will learn theory and hands-on skills, with assignments and projects to apply knowledge.",7.0,"['Foundational Knowledge', 'Problem Solving']",SRI HARSHA KOTA,"['ENGMATH101', 'DS102']",C,30.0,CVL,1.71,[],2.0
CVL7072,Environmental Systems Analysis And Decision Making,"Environmental Systems Analysis And Decision Making introduces core concepts and practical techniques related to environmental systems analysis and decision making.
Students will learn theory and hands-on skills, with assignments and projects to apply knowledge.",7.0,"['Programming', 'Software Design', 'Debugging', 'System Design']",ARVIND KUMAR NEMA,"['ENGMATH101', 'DS102']",A,30.0,CVL,4.85,"['SDE', 'Software Engineer', 'Developer']",3.0
CVL7203,Ground Improvement And Geosynthetics,"Ground Improvement And Geosynthetics introduces core concepts and practical techniques related to ground improvement and geosynthetics.
Students will learn theory and hands-on skills, with assignments and projects to apply knowledge.",7.0,"['Foundational Knowledge', 'Problem Solving']",PRASHANTH VANGLA,"['ENGMATH101', 'DS102']",B,30.0,CVL,2.06,[],3.0
CVL7204,Geoenvironmental Engineering,"Geoenvironmental Engineering introduces core concepts and practical techniques related to geoenvironmental engineering.
Students will learn theory and hands-on skills, with assignments and projects to apply knowledge.",7.0,"['Modeling & Simulation', 'Problem Solving', 'Engineering Analysis']",VENKATA RAMANA GUNTURI,"['ENGMATH101', 'DS102']",S,30.0,CVL,1.43,[],3.0
CVL7205,Soil Dynamics And Earthquake Geotechnical Engineering,"Soil Dynamics And Earthquake Geotechnical Engineering introduces core concepts and practical techniques related to soil dynamics and earthquake geotechnical engineering.
Students will learn theory and hands-on skills, with assignments and projects to apply knowledge.",7.0,"['Modeling & Simulation', 'Problem Solving', 'Engineering Analysis']",BAPPADITYA MANNA,"['ENGMATH101', 'DS102']",D,30.0,CVL,2.74,[],3.0
CVL723,Waste Water Engineering,"Waste Water Engineering introduces core concepts and practical techniques related to waste water engineering.
Students will learn theory and hands-on skills, with assignments and projects to apply knowledge.",7.0,"['Modeling & Simulation', 'Problem Solving', 'Engineering Analysis']",ATUL KUMAR MITTAL,"['ENGMATH101', 'DS102']",E,30.0,CVL,3.91,[],3.0
CVL728,Environmental Quality Modeling,"Environmental Quality Modeling introduces core concepts and practical techniques related to environmental quality modeling.
Students will learn theory and hands-on skills, with assignments and projects to apply knowledge.",7.0,"['Foundational Knowledge', 'Problem Solving']",SRI HARSHA KOTA,"['ENGMATH101', 'DS102']",C,30.0,CVL,2.25,[],3.0
CVL7374,Construction Contracts And Procurement Methods,"Construction Contracts And Procurement Methods introduces core concepts and practical techniques related to construction contracts and procurement methods.
Students will learn theory and hands-on skills, with assignments and projects to apply knowledge.",7.0,"['Foundational Knowledge', 'Problem Solving']",SYED ZAFAR SHAHID TABISH,"['ENGMATH101', 'DS102']",H,60.0,CVL,3.42,[],3.0
CVL7375,Construction Economics And Accounts,"Construction Economics And Accounts introduces core concepts and practical techniques related to construction economics and accounts.
Students will learn theory and hands-on skills, with assignments and projects to apply knowledge.",7.0,"['Foundational Knowledge', 'Problem Solving']",KUMAR NEERAJ JHA,"['ENGMATH101', 'DS102']",R,60.0,CVL,3.05,[],3.0
CVL7421,Theory Of Concrete Structures,"Theory Of Concrete Structures introduces core concepts and practical techniques related to theory of concrete structures.
Students will learn theory and hands-on skills, with assignments and projects to apply knowledge.",7.0,"['Foundational Knowledge', 'Problem Solving']",SAHIL BANSAL,"['ENGMATH101', 'DS102']",D,60.0,CVL,2.54,[],3.0
CVL7422,Theory Of Steel Structures,"Theory Of Steel Structures introduces core concepts and practical techniques related to theory of steel structures.
Students will learn theory and hands-on skills, with assignments and projects to apply knowledge.",7.0,"['Foundational Knowledge', 'Problem Solving']",DIPTI RANJAN SAHOO,"['ENGMATH101', 'DS102']",A,60.0,CVL,3.31,[],3.0
CVL7423,Earthquake Resistant Design Of Structures,"Earthquake Resistant Design Of Structures introduces core concepts and practical techniques related to earthquake resistant design of structures.
Students will learn theory and hands-on skills, with assignments and projects to apply knowledge.",7.0,"['Modeling & Simulation', 'Problem Solving', 'Engineering Analysis']",SRINIVAS MOGILI,"['ENGMATH101', 'DS102']",E,60.0,CVL,2.02,[],3.0
CVL7460,Design Of Tall Buildings,"Design Of Tall Buildings introduces core concepts and practical techniques related to design of tall buildings.
Students will learn theory and hands-on skills, with assignments and projects to apply knowledge.",7.0,"['Modeling & Simulation', 'Problem Solving', 'Engineering Analysis']",ARNAB BANERJEE,"['ENGMATH101', 'DS102']",C,30.0,CVL,3.84,[],3.0
CVL7511,Management Of Transportation Infrastructure Systems,"Management Of Transportation Infrastructure Systems introduces core concepts and practical techniques related to management of transportation infrastructure systems.
Students will learn theory and hands-on skills, with assignments and projects to apply knowledge.",7.0,"['Programming', 'Software Design', 'Debugging', 'System Design']",ARAVIND KRISHNA SWAMY,"['ENGMATH101', 'DS102']",M,30.0,CVL,1.01,"['SDE', 'Software Engineer', 'Developer']",2.0
CVL7542,Transportation Economics,"Transportation Economics introduces core concepts and practical techniques related to transportation economics.
Students will learn theory and hands-on skills, with assignments and projects to apply knowledge.",7.0,"['Foundational Knowledge', 'Problem Solving']",NEZAMUDDIN,"['ENGMATH101', 'DS102']",AD,30.0,CVL,4.7,[],3.0
CVL760,Theory Of Concrete Structures,"Theory Of Concrete Structures introduces core concepts and practical techniques related to theory of concrete structures.
Students will learn theory and hands-on skills, with assignments and projects to apply knowledge.",7.0,"['Foundational Knowledge', 'Problem Solving']",SAHIL BANSAL,"['ENGMATH101', 'DS102']",D,60.0,CVL,3.15,[],3.0
CVL7603,Analysis And Design Of Tunnels,"Analysis And Design Of Tunnels introduces core concepts and practical techniques related to analysis and design of tunnels.
Students will learn theory and hands-on skills, with assignments and projects to apply knowledge.",7.0,"['Modeling & Simulation', 'Problem Solving', 'Engineering Analysis']",JAGDISH TELANGRAO SHAHU,"['ENGMATH101', 'DS102']",B,30.0,CVL,3.88,[],3.0
CVL7604,Slopes &Amp; Foundations In Rocks,"Slopes &Amp; Foundations In Rocks introduces core concepts and practical techniques related to slopes &amp; foundations in rocks.
Students will learn theory and hands-on skills, with assignments and projects to apply knowledge.",7.0,"['Foundational Knowledge', 'Problem Solving']",DEEPANSHU SHIROLE,"['ENGMATH101', 'DS102']",C,30.0,CVL,3.97,[],3.0
CVL761,Theory Of Steel Structures,"Theory Of Steel Structures introduces core concepts and practical techniques related to theory of steel structures.
Students will learn theory and hands-on skills, with assignments and projects to apply knowledge.",7.0,"['Foundational Knowledge', 'Problem Solving']",DIPTI RANJAN SAHOO,"['ENGMATH101', 'DS102']",A,60.0,CVL,3.68,[],3.0
CVL762,Earthquake Analysis And Design,"Earthquake Analysis And Design introduces core concepts and practical techniques related to earthquake analysis and design.
Students will learn theory and hands-on skills, with assignments and projects to apply knowledge.",7.0,"['Modeling & Simulation', 'Problem Solving', 'Engineering Analysis']",SRINIVAS MOGILI,"['ENGMATH101', 'DS102']",E,60.0,CVL,2.46,[],3.0
CVL769,Design Of Tall Buildings,"Design Of Tall Buildings introduces core concepts and practical techniques related to design of tall buildings.
Students will learn theory and hands-on skills, with assignments and projects to apply knowledge.",7.0,"['Modeling & Simulation', 'Problem Solving', 'Engineering Analysis']",ARNAB BANERJEE,"['ENGMATH101', 'DS102']",C,30.0,CVL,1.28,[],3.0
CVL7706,Wastewater Engineering And Management,"Wastewater Engineering And Management introduces core concepts and practical techniques related to wastewater engineering and management.
Students will learn theory and hands-on skills, with assignments and projects to apply knowledge.",7.0,"['Modeling & Simulation', 'Problem Solving', 'Engineering Analysis']",ATUL KUMAR MITTAL,"['ENGMATH101', 'DS102']",E,30.0,CVL,3.66,[],3.0
CVL7737,Building Sciences,"Building Sciences introduces core concepts and practical techniques related to building sciences.
Students will learn theory and hands-on skills, with assignments and projects to apply knowledge.",7.0,"['Foundational Knowledge', 'Problem Solving']",ANN FRANCIS,"['ENGMATH101', 'DS102']",A,30.0,CVL,2.32,[],3.0
CVL774,Construction Contract Mgmt.,"Construction Contract Mgmt. introduces core concepts and practical techniques related to construction contract mgmt..
Students will learn theory and hands-on skills, with assignments and projects to apply knowledge.",7.0,"['Foundational Knowledge', 'Problem Solving']",SYED ZAFAR SHAHID TABISH,"['ENGMATH101', 'DS102']",H,60.0,CVL,2.26,[],3.0
CVL775,Construction Economics And Fi,"Construction Economics And Fi introduces core concepts and practical techniques related to construction economics and fi.
Students will learn theory and hands-on skills, with assignments and projects to apply knowledge.",7.0,"['Foundational Knowledge', 'Problem Solving']",KUMAR NEERAJ JHA,"['ENGMATH101', 'DS102']",R,60.0,CVL,4.39,[],3.0
CVL776,Construction Practices And Eq,"Construction Practices And Eq introduces core concepts and practical techniques related to construction practices and eq.
Students will learn theory and hands-on skills, with assignments and projects to apply knowledge.",7.0,"['Foundational Knowledge', 'Problem Solving']",PAWAN PANDEY,"['ENGMATH101', 'DS102']",M,60.0,CVL,3.88,[],3.0
CVL777,Building Science,"Building Science introduces core concepts and practical techniques related to building science.
Students will learn theory and hands-on skills, with assignments and projects to apply knowledge.",7.0,"['Foundational Knowledge', 'Problem Solving']",ANN FRANCIS,"['ENGMATH101', 'DS102']",A,30.0,CVL,2.2,[],3.0
CVL7802,Advanced Hydraulics,"Advanced Hydraulics introduces core concepts and practical techniques related to advanced hydraulics.
Students will learn theory and hands-on skills, with assignments and projects to apply knowledge.",7.0,"['Foundational Knowledge', 'Problem Solving']",DEO RAJ KAUSHAL,"['ENGMATH101', 'DS102']",J,30.0,CVL,2.24,[],3.0
CVL7804,Computational Methods In Water Resources Engineering,"Computational Methods In Water Resources Engineering introduces core concepts and practical techniques related to computational methods in water resources engineering.
Students will learn theory and hands-on skills, with assignments and projects to apply knowledge.",7.0,"['Modeling & Simulation', 'Problem Solving', 'Engineering Analysis']",SAUMAVA DEY,"['ENGMATH101', 'DS102']",H,30.0,CVL,2.63,[],3.0
CVL7814,Groundwater Flow And Pollution Modelling,"Groundwater Flow And Pollution Modelling introduces core concepts and practical techniques related to groundwater flow and pollution modelling.
Students will learn theory and hands-on skills, with assignments and projects to apply knowledge.",7.0,"['Foundational Knowledge', 'Problem Solving']",A.K.KESHARI,"['ENGMATH101', 'DS102']",F,30.0,CVL,2.61,[],3.0
CVL7999,Lean Construction Practices And Equipment,"Lean Construction Practices And Equipment introduces core concepts and practical techniques related to lean construction practices and equipment.
Students will learn theory and hands-on skills, with assignments and projects to apply knowledge.",7.0,"['Foundational Knowledge', 'Problem Solving']",PAWAN PANDEY,"['ENGMATH101', 'DS102']",M,60.0,CVL,2.18,[],3.0
CVL823,Thermal Techniques For Waste Management,"Thermal Techniques For Waste Management introduces core concepts and practical techniques related to thermal techniques for waste management.
Students will learn theory and hands-on skills, with assignments and projects to apply knowledge.",8.0,"['Foundational Knowledge', 'Problem Solving']",BABU J.ALAPPAT,"['ENGMATH101', 'DS102']",M,30.0,CVL,1.51,[],3.0
CVL8454,Waves Through Periodic Structures And Metamaterials,"Waves Through Periodic Structures And Metamaterials introduces core concepts and practical techniques related to waves through periodic structures and metamaterials.
Students will learn theory and hands-on skills, with assignments and projects to apply knowledge.",8.0,"['Modeling & Simulation', 'Problem Solving', 'Engineering Analysis']",ARNAB BANERJEE,"['ENGMATH101', 'DS102']",M,30.0,CVL,2.68,[],3.0
CVL8456,Structural Health Monitoring,"Structural Health Monitoring introduces core concepts and practical techniques related to structural health monitoring.
Students will learn theory and hands-on skills, with assignments and projects to apply knowledge.",8.0,"['Modeling & Simulation', 'Problem Solving', 'Engineering Analysis']",SURESH BHALLA,"['ENGMATH101', 'DS102']",H,60.0,CVL,4.76,[],2.0
CVL8459,Durability And Repair Of Concrete Structures,"Durability And Repair Of Concrete Structures introduces core concepts and practical techniques related to durability and repair of concrete structures.
Students will learn theory and hands-on skills, with assignments and projects to apply knowledge.",8.0,"['Foundational Knowledge', 'Problem Solving']",DEEPAK KUMAR KAMDE,"['ENGMATH101', 'DS102']",C,60.0,CVL,3.71,[],3.0
CVL8520,Discrete Choice Methods For Travel Demand Analysis,"Discrete Choice Methods For Travel Demand Analysis introduces core concepts and practical techniques related to discrete choice methods for travel demand analysis.
Students will learn theory and hands-on skills, with assignments and projects to apply knowledge.",8.0,"['Foundational Knowledge', 'Problem Solving']",MANOJ M,"['ENGMATH101', 'DS102']",A,30.0,CVL,4.61,[],2.0
CVL8530,Traffic Flow Modelling,"Traffic Flow Modelling introduces core concepts and practical techniques related to traffic flow modelling.
Students will learn theory and hands-on skills, with assignments and projects to apply knowledge.",8.0,"['Foundational Knowledge', 'Problem Solving']",RAMACHANDRA RAO KALAGA,"['ENGMATH101', 'DS102']",AB,30.0,CVL,3.46,[],3.0
CVL8601,Numerical And Computer Methods In Geomechanics,"Numerical And Computer Methods In Geomechanics introduces core concepts and practical techniques related to numerical and computer methods in geomechanics.
Students will learn theory and hands-on skills, with assignments and projects to apply knowledge.",8.0,"['Debugging', 'Modeling & Simulation', 'Software Design', 'Programming', 'Engineering Analysis', 'Problem Solving', 'System Design']",TANUSREE CHAKRABORTY,"['ENGMATH101', 'DS102']",M,30.0,CVL,2.2,[],3.0
CVL864,Structural Health Monitoring,"Structural Health Monitoring introduces core concepts and practical techniques related to structural health monitoring.
Students will learn theory and hands-on skills, with assignments and projects to apply knowledge.",8.0,"['Modeling & Simulation', 'Problem Solving', 'Engineering Analysis']",SURESH BHALLA,"['ENGMATH101', 'DS102']",H,60.0,CVL,3.19,[],3.0
CVL866,Wind Resistant Design Of Stru,"Wind Resistant Design Of Stru introduces core concepts and practical techniques related to wind resistant design of stru.
Students will learn theory and hands-on skills, with assignments and projects to apply knowledge.",8.0,"['Modeling & Simulation', 'Problem Solving', 'Engineering Analysis']","ALLAN LAMBOR MARBANIANG , VASANT A. MATSAGAR","['ENGMATH101', 'DS102']",F,30.0,CVL,1.0,[],3.0
CVL868,Waves Through Periodic Structures And Metamaterials,"Waves Through Periodic Structures And Metamaterials introduces core concepts and practical techniques related to waves through periodic structures and metamaterials.
Students will learn theory and hands-on skills, with assignments and projects to apply knowledge.",8.0,"['Modeling & Simulation', 'Problem Solving', 'Engineering Analysis']",ARNAB BANERJEE,"['ENGMATH101', 'DS102']",M,30.0,CVL,2.15,[],3.0
CVL871,Durability And Repair Of Concr,"Durability And Repair Of Concr introduces core concepts and practical techniques related to durability and repair of concr.
Students will learn theory and hands-on skills, with assignments and projects to apply knowledge.",8.0,"['Foundational Knowledge', 'Problem Solving']",DEEPAK KUMAR KAMDE,"['ENGMATH101', 'DS102']",C,60.0,CVL,2.72,[],3.0
CVL8710,Thermal Treatment Techniques For Waste Management,"Thermal Treatment Techniques For Waste Management introduces core concepts and practical techniques related to thermal treatment techniques for waste management.
Students will learn theory and hands-on skills, with assignments and projects to apply knowledge.",8.0,"['Foundational Knowledge', 'Problem Solving']",BABU J.ALAPPAT,"['ENGMATH101', 'DS102']",M,30.0,CVL,3.32,[],3.0
CVL8715,Risk-Based Environmental Project Management,"Risk-Based Environmental Project Management introduces core concepts and practical techniques related to risk-based environmental project management.
Students will learn theory and hands-on skills, with assignments and projects to apply knowledge.",8.0,"['Technical Writing', 'Project Management', 'Research']",ARUN KUMAR,"['ENGMATH101', 'DS102']",K,60.0,CVL,3.62,[],2.0
CVL8812,Artificial Intelligence And Machine Learning For Water And Climate,"Artificial Intelligence And Machine Learning For Water And Climate introduces core concepts and practical techniques related to artificial intelligence and machine learning for water and climate.
Students will learn theory and hands-on skills, with assignments and projects to apply knowledge.",8.0,"['Statistics', 'Data Analysis', 'Model Evaluation', 'ML Basics']",MANABENDRA SAHARIA,"['ENGMATH101', 'DS102']",A,30.0,CVL,2.86,"['DATA SCIENCE', 'ML ROLES', 'MLE ENGINEER']",2.0
CVL8814,Climate Resilient Design And Management In Water Resources,"Climate Resilient Design And Management In Water Resources introduces core concepts and practical techniques related to climate resilient design and management in water resources.
Students will learn theory and hands-on skills, with assignments and projects to apply knowledge.",8.0,"['Modeling & Simulation', 'Problem Solving', 'Engineering Analysis']",ROHITH A N,"['ENGMATH101', 'DS102']",E,30.0,CVL,2.77,[],3.0
GEOENVIRONMENTAL,Teaching/Research Practicum In Geotechnical And,"Teaching/Research Practicum In Geotechnical And introduces core concepts and practical techniques related to teaching/research practicum in geotechnical and.
Students will learn theory and hands-on skills, with assignments and projects to apply knowledge.",,"['Technical Writing', 'Project Management', 'Research']",DEBAYAN BHATTACHARYA,[],X,30.0,GEO,1.85,[],0.0
CVN7201,Engineering,"Engineering introduces core concepts and practical techniques related to engineering.
Students will learn theory and hands-on skills, with assignments and projects to apply knowledge.",7.0,"['Modeling & Simulation', 'Problem Solving', 'Engineering Analysis']",,[],,,CVN,2.89,[],0.0
CVN7395,Teaching/Research Practicum In Construction Technology And Management,"Teaching/Research Practicum In Construction Technology And Management introduces core concepts and practical techniques related to teaching/research practicum in construction technology and management.
Students will learn theory and hands-on skills, with assignments and projects to apply knowledge.",7.0,"['Technical Writing', 'Project Management', 'Research']",ANN FRANCIS,[],X,30.0,CVN,4.6,[],0.0
CVN7396,Teaching And Research Practicum In Construction Engineering And Management,"Teaching And Research Practicum In Construction Engineering And Management introduces core concepts and practical techniques related to teaching and research practicum in construction engineering and management.
Students will learn theory and hands-on skills, with assignments and projects to apply knowledge.",7.0,"['Modeling & Simulation', 'Engineering Analysis', 'Technical Writing', 'Project Management', 'Problem Solving', 'Research']",SAHIL GARG,[],X,30.0,CVN,4.18,[],0.0
CVN7401,Teaching/Research Practicum In Structural Engineering,"Teaching/Research Practicum In Structural Engineering introduces core concepts and practical techniques related to teaching/research practicum in structural engineering.
Students will learn theory and hands-on skills, with assignments and projects to apply knowledge.",7.0,"['Modeling & Simulation', 'Engineering Analysis', 'Technical Writing', 'Project Management', 'Problem Solving', 'Research']",SVETHA VENKATACHARI,[],X,30.0,CVN,1.68,[],0.0
CVN7601,Teaching/Research Practicum In Rock Engineering And Underground Structures,"Teaching/Research Practicum In Rock Engineering And Underground Structures introduces core concepts and practical techniques related to teaching/research practicum in rock engineering and underground structures.
Students will learn theory and hands-on skills, with assignments and projects to apply knowledge.",7.0,"['Modeling & Simulation', 'Engineering Analysis', 'Technical Writing', 'Project Management', 'Problem Solving', 'Research']",SUMEET KUMAR SINHA,[],X,30.0,CVN,1.34,[],0.0
CVN7701,Teaching And Research Practicum,"Teaching And Research Practicum introduces core concepts and practical techniques related to teaching and research practicum.
Students will learn theory and hands-on skills, with assignments and projects to apply knowledge.",7.0,"['Technical Writing', 'Project Management', 'Research']",ARYA V,[],X,30.0,CVN,3.06,[],0.0
CVN7801,Teaching/Research Practicum,"Teaching/Research Practicum introduces core concepts and practical techniques related to teaching/research practicum.
Students will learn theory and hands-on skills, with assignments and projects to apply knowledge.",7.0,"['Technical Writing', 'Project Management', 'Research']",SAUMAVA DEY,[],X,30.0,CVN,3.53,[],0.0
CVP222,Soil Mechanics Laboratory,"Soil Mechanics Laboratory introduces core concepts and practical techniques related to soil mechanics laboratory.
Students will learn theory and hands-on skills, with assignments and projects to apply knowledge.",2.0,"['Modeling & Simulation', 'Problem Solving', 'Engineering Analysis']","DEBAYAN BHATTACHARYA , SUMEET KUMAR SINHA , VENKATA RAMANA GUNTURI",[],F,150.0,CVP,2.34,[],0.0
CVP242,Structural Analysis Laboratory,"Structural Analysis Laboratory introduces core concepts and practical techniques related to structural analysis laboratory.
Students will learn theory and hands-on skills, with assignments and projects to apply knowledge.",2.0,"['Modeling & Simulation', 'Problem Solving', 'Engineering Analysis']","SAIKAT SARKAR , ALLAN LAMBOR MARBANIANG",[],D,150.0,CVP,4.27,[],0.0
CVP261,Transportation Engg. Laborator,"Transportation Engg. Laborator introduces core concepts and practical techniques related to transportation engg. laborator.
Students will learn theory and hands-on skills, with assignments and projects to apply knowledge.",2.0,"['Foundational Knowledge', 'Problem Solving']",ARAVIND KRISHNA SWAMY,[],B,150.0,CVP,4.0,[],0.0
CVP281,Hydraulics Laboratory,"Hydraulics Laboratory introduces core concepts and practical techniques related to hydraulics laboratory.
Students will learn theory and hands-on skills, with assignments and projects to apply knowledge.",2.0,"['Foundational Knowledge', 'Problem Solving']",DEO RAJ KAUSHAL,[],E,150.0,CVP,3.69,[],0.0
CVP342,Structures & Material Lab,"Structures & Material Lab introduces core concepts and practical techniques related to structures & material lab.
Students will learn theory and hands-on skills, with assignments and projects to apply knowledge.",3.0,"['Modeling & Simulation', 'Problem Solving', 'Engineering Analysis']","SVETHA VENKATACHARI , SRINIVAS MOGILI , ALOK MADAN",[],D,150.0,CVP,1.9,[],0.0
CVP7421,Concrete Structures Laboratory,"Concrete Structures Laboratory introduces core concepts and practical techniques related to concrete structures laboratory.
Students will learn theory and hands-on skills, with assignments and projects to apply knowledge.",7.0,"['Foundational Knowledge', 'Problem Solving']","SAHIL BANSAL , DEEPAK KUMAR KAMDE",[],P,60.0,CVP,1.8,[],0.0
CVP7702,Environmental Engineering Laboratory Ii,"Environmental Engineering Laboratory Ii introduces core concepts and practical techniques related to environmental engineering laboratory ii.
Students will learn theory and hands-on skills, with assignments and projects to apply knowledge.",7.0,"['Modeling & Simulation', 'Problem Solving', 'Engineering Analysis']",JOSEPH VARGHESE PUTHUSSERY,[],AD,30.0,CVP,1.1,[],0.0
CVP7802,Hydrological Simulation Laboratory,"Hydrological Simulation Laboratory introduces core concepts and practical techniques related to hydrological simulation laboratory.
Students will learn theory and hands-on skills, with assignments and projects to apply knowledge.",7.0,"['Foundational Knowledge', 'Problem Solving']",DHANYA C.T.,[],K,30.0,CVP,1.98,[],1.0
CVP8201,Geoenvironmental And Geotechnical Engineering Lab,"Geoenvironmental And Geotechnical Engineering Lab introduces core concepts and practical techniques related to geoenvironmental and geotechnical engineering lab.
Students will learn theory and hands-on skills, with assignments and projects to apply knowledge.",8.0,"['Modeling & Simulation', 'Problem Solving', 'Engineering Analysis']",PRASHANTH VANGLA,[],X,30.0,CVP,2.9,[],0.0
CVP8601,Advanced Rock Mechanics Lab,"Advanced Rock Mechanics Lab introduces core concepts and practical techniques related to advanced rock mechanics lab.
Students will learn theory and hands-on skills, with assignments and projects to apply knowledge.",8.0,"['Modeling & Simulation', 'Problem Solving', 'Engineering Analysis']","DEEPANSHU SHIROLE , JAGDISH TELANGRAO SHAHU",[],X,30.0,CVP,4.4,[],0.0
CVQ301,Civil Engineering Seminar,"Civil Engineering Seminar introduces core concepts and practical techniques related to civil engineering seminar.
Students will learn theory and hands-on skills, with assignments and projects to apply knowledge.",3.0,"['Modeling & Simulation', 'Engineering Analysis', 'Technical Writing', 'Project Management', 'Problem Solving', 'Research']",PRAMESH KUMAR,[],X,120.0,CVQ,1.29,[],0.0
CVQ7372,Seminar 2- Construction Technology And Management,"Seminar 2- Construction Technology And Management introduces core concepts and practical techniques related to seminar 2- construction technology and management.
Students will learn theory and hands-on skills, with assignments and projects to apply knowledge.",7.0,"['Technical Writing', 'Project Management', 'Research']",KUMAR NEERAJ JHA,[],X,30.0,CVQ,2.66,[],0.0
CVR7297,Geotechnical Engineering Practice And Outreach,"Geotechnical Engineering Practice And Outreach introduces core concepts and practical techniques related to geotechnical engineering practice and outreach.
Students will learn theory and hands-on skills, with assignments and projects to apply knowledge.",7.0,"['Modeling & Simulation', 'Problem Solving', 'Engineering Analysis']",SUMEET KUMAR SINHA,[],X,30.0,CVR,3.52,[],0.0
COD310,Mini Project,"Mini Project introduces core concepts and practical techniques related to mini project.
Students will learn theory and hands-on skills, with assignments and projects to apply knowledge.",3.0,"['Technical Writing', 'Project Management', 'Research']",SUBODH VISHNU SHARMA,[],X,50.0,COD,1.78,[],0.0
COD492,B.Tech Project Part 1,"B.Tech Project Part 1 introduces core concepts and practical techniques related to b.tech project part 1.
Students will learn theory and hands-on skills, with assignments and projects to apply knowledge.",4.0,"['Technical Writing', 'Project Management', 'Research']",SUBODH VISHNU SHARMA,[],X,50.0,COD,3.79,[],0.0
COD494,B.Tech Project Part 2,"B.Tech Project Part 2 introduces core concepts and practical techniques related to b.tech project part 2.
Students will learn theory and hands-on skills, with assignments and projects to apply knowledge.",4.0,"['Technical Writing', 'Project Management', 'Research']",SUBODH VISHNU SHARMA,[],X,100.0,COD,2.98,[],0.0
COD7001,Cornerstone Project,"Cornerstone Project introduces core concepts and practical techniques related to cornerstone project.
Students will learn theory and hands-on skills, with assignments and projects to apply knowledge.",7.0,"['Technical Writing', 'Project Management', 'Research']",KOLIN PAUL,[],X,100.0,COD,1.98,[],0.0
COD891,Minor Project,"Minor Project introduces core concepts and practical techniques related to minor project.
Students will learn theory and hands-on skills, with assignments and projects to apply knowledge.",8.0,"['Technical Writing', 'Project Management', 'Research']",NIKHIL BALAJI C R,[],X,70.0,COD,3.62,[],0.0
COD892,M.Tech Project Parti,"M.Tech Project Parti introduces core concepts and practical techniques related to m.tech project parti.
Students will learn theory and hands-on skills, with assignments and projects to apply knowledge.",8.0,"['Technical Writing', 'Project Management', 'Research']",NIKHIL BALAJI C R,[],X,50.0,COD,1.02,[],0.0
COD893,M.Tech Project Partii,"M.Tech Project Partii introduces core concepts and practical techniques related to m.tech project partii.
Students will learn theory and hands-on skills, with assignments and projects to apply knowledge.",8.0,"['Technical Writing', 'Project Management', 'Research']",NIKHIL BALAJI C R,[],X,70.0,COD,4.0,[],0.0
COD895,Msr Project,"Msr Project introduces core concepts and practical techniques related to msr project.
Students will learn theory and hands-on skills, with assignments and projects to apply knowledge.",8.0,"['Technical Writing', 'Project Management', 'Research']",SAYAN RANU,[],X,50.0,COD,4.08,[],0.0
COL1000,Introduction To Programming,"Introduction To Programming introduces core concepts and practical techniques related to introduction to programming.
Students will learn theory and hands-on skills, with assignments and projects to apply knowledge.",1.0,"['Programming', 'Software Design', 'Debugging', 'System Design']",NAVEEN GARG,"['ENGMATH101', 'DS102']",AB,800.0,COL,1.43,"['SDE', 'Software Engineer', 'Developer']",3.0
COL1002,Discrete Mathematical Structures,"Discrete Mathematical Structures introduces core concepts and practical techniques related to discrete mathematical structures.
Students will learn theory and hands-on skills, with assignments and projects to apply knowledge.",1.0,"['Foundational Knowledge', 'Problem Solving']","AMITABHA BAGCHI , ASHISH CHIPLUNKAR , NIKHIL BALAJI C R","['ENGMATH101', 'DS102']",E,150.0,COL,2.7,[],3.0
COL106,Data Structures And Algorithms,"Data Structures And Algorithms introduces core concepts and practical techniques related to data structures and algorithms.
Students will learn theory and hands-on skills, with assignments and projects to apply knowledge.",1.0,"['Statistics', 'Data Analysis', 'Model Evaluation', 'ML Basics']",SRIKANTA  BEDATHUR  JAGANNATH,"['ENGMATH101', 'DS102']",F,350.0,COL,1.7,"['DATA SCIENCE', 'ML ROLES', 'MLE ENGINEER']",3.0
COL216,Computer Architecture,"Computer Architecture introduces core concepts and practical techniques related to computer architecture.
Students will learn theory and hands-on skills, with assignments and projects to apply knowledge.",2.0,"['Programming', 'Software Design', 'Debugging', 'System Design']",RIJUREKHA SEN,"['ENGMATH101', 'DS102']",B,150.0,COL,4.83,[],3.0
COL226,Programming Languages,"Programming Languages introduces core concepts and practical techniques related to programming languages.
Students will learn theory and hands-on skills, with assignments and projects to apply knowledge.",2.0,"['Programming', 'Software Design', 'Debugging', 'System Design']",SANJIVA PRASAD,"['ENGMATH101', 'DS102']",F,150.0,COL,3.07,"['SDE', 'Software Engineer', 'Developer']",3.0
COL331,Operating Systems,"Operating Systems introduces core concepts and practical techniques related to operating systems.
Students will learn theory and hands-on skills, with assignments and projects to apply knowledge.",3.0,"['Programming', 'Software Design', 'Debugging', 'System Design']",ABHILASH JINDAL,"['ENGMATH101', 'DS102']",K,170.0,COL,1.2,"['SDE', 'Software Engineer', 'Developer']",3.0
COL351,Analysis & Design Of Algorithms,"Analysis & Design Of Algorithms introduces core concepts and practical techniques related to analysis & design of algorithms.
Students will learn theory and hands-on skills, with assignments and projects to apply knowledge.",3.0,"['Modeling & Simulation', 'Problem Solving', 'Engineering Analysis']",AMIT KUMAR,"['ENGMATH101', 'DS102']",A,100.0,COL,2.0,[],3.0
COL352,Intro To Automata & Th. Of Co.,"Intro To Automata & Th. Of Co. introduces core concepts and practical techniques related to intro to automata & th. of co..
Students will learn theory and hands-on skills, with assignments and projects to apply knowledge.",3.0,"['Foundational Knowledge', 'Problem Solving']",VAISHNAVI SUNDARARAJAN,"['ENGMATH101', 'DS102']",H,180.0,COL,4.39,[],3.0
COL362,Intro. To Database Mgmt. Syst.,"Intro. To Database Mgmt. Syst. introduces core concepts and practical techniques related to intro. to database mgmt. syst..
Students will learn theory and hands-on skills, with assignments and projects to apply knowledge.",3.0,"['Debugging', 'Software Design', 'ML Basics', 'Programming', 'Model Evaluation', 'Data Analysis', 'Statistics', 'System Design']",KAUSTUBH BEEDKAR,"['ENGMATH101', 'DS102']",E,120.0,COL,2.83,"['DATA SCIENCE', 'ML ROLES', 'MLE ENGINEER']",3.0
COL380,Intro. To Parallel & Dis. Pro.,"Intro. To Parallel & Dis. Pro. introduces core concepts and practical techniques related to intro. to parallel & dis. pro..
Students will learn theory and hands-on skills, with assignments and projects to apply knowledge.",3.0,"['Foundational Knowledge', 'Problem Solving']",SUBODH VISHNU SHARMA,"['ENGMATH101', 'DS102']",J,150.0,COL,4.21,[],2.0
COL7126,Numerical Algorithms,"Numerical Algorithms introduces core concepts and practical techniques related to numerical algorithms.
Students will learn theory and hands-on skills, with assignments and projects to apply knowledge.",7.0,"['Foundational Knowledge', 'Problem Solving']",RAHUL NARAIN,"['ENGMATH101', 'DS102']",B,15.0,COL,3.67,[],3.0
COL7160,Quantum Computing,"Quantum Computing introduces core concepts and practical techniques related to quantum computing.
Students will learn theory and hands-on skills, with assignments and projects to apply knowledge.",7.0,"['Foundational Knowledge', 'Problem Solving']",RAJENDRA KUMAR,"['ENGMATH101', 'DS102']",AB,30.0,COL,4.95,[],3.0
COL7250,Foundations Of Automatic Verification,"Foundations Of Automatic Verification introduces core concepts and practical techniques related to foundations of automatic verification.
Students will learn theory and hands-on skills, with assignments and projects to apply knowledge.",7.0,"['Foundational Knowledge', 'Problem Solving']",PRIYANKA GOLIA,"['ENGMATH101', 'DS102']",AA,5.0,COL,3.38,[],3.0
COL726,Numerical Algorithms,"Numerical Algorithms introduces core concepts and practical techniques related to numerical algorithms.
Students will learn theory and hands-on skills, with assignments and projects to apply knowledge.",7.0,"['Foundational Knowledge', 'Problem Solving']",RAHUL NARAIN,"['ENGMATH101', 'DS102']",B,55.0,COL,4.8,[],3.0
COL7361,Data Mining,"Data Mining introduces core concepts and practical techniques related to data mining.
Students will learn theory and hands-on skills, with assignments and projects to apply knowledge.",7.0,"['Statistics', 'Data Analysis', 'Model Evaluation', 'ML Basics']",SAYAN RANU,"['ENGMATH101', 'DS102']",AD,5.0,COL,4.57,"['DATA SCIENCE', 'ML ROLES', 'MLE ENGINEER']",3.0
COL7362,Introduction To Data Management,"Introduction To Data Management introduces core concepts and practical techniques related to introduction to data management.
Students will learn theory and hands-on skills, with assignments and projects to apply knowledge.",7.0,"['Statistics', 'Data Analysis', 'Model Evaluation', 'ML Basics']",KAUSTUBH BEEDKAR,"['ENGMATH101', 'DS102']",E,20.0,COL,3.45,"['DATA SCIENCE', 'ML ROLES', 'MLE ENGINEER']",3.0
COL7372,Natural Language Processing,"Natural Language Processing introduces core concepts and practical techniques related to natural language processing.
Students will learn theory and hands-on skills, with assignments and projects to apply knowledge.",7.0,"['Foundational Knowledge', 'Problem Solving']",MAUSAM,"['ENGMATH101', 'DS102']",AA,10.0,COL,3.88,[],3.0
COL7375,Deep Learning,"Deep Learning introduces core concepts and practical techniques related to deep learning.
Students will learn theory and hands-on skills, with assignments and projects to apply knowledge.",7.0,"['Statistics', 'Data Analysis', 'Model Evaluation', 'ML Basics']",PARAG SINGLA,"['ENGMATH101', 'DS102']",C,10.0,COL,3.02,"['DATA SCIENCE', 'ML ROLES', 'MLE ENGINEER']",3.0
COL7378,Principles Of Autonomous Systems,"Principles Of Autonomous Systems introduces core concepts and practical techniques related to principles of autonomous systems.
Students will learn theory and hands-on skills, with assignments and projects to apply knowledge.",7.0,"['Programming', 'Software Design', 'Debugging', 'System Design']",ROHAN PAUL,"['ENGMATH101', 'DS102']",AA,10.0,COL,4.32,"['SDE', 'Software Engineer', 'Developer']",3.0
COL750,Foundations Of Automatic Veri.,"Foundations Of Automatic Veri. introduces core concepts and practical techniques related to foundations of automatic veri..
Students will learn theory and hands-on skills, with assignments and projects to apply knowledge.",7.0,"['Foundational Knowledge', 'Problem Solving']",PRIYANKA GOLIA,"['ENGMATH101', 'DS102']",AA,25.0,COL,3.19,[],3.0
COL7560,Machine Learning For Networked Systems,"Machine Learning For Networked Systems introduces core concepts and practical techniques related to machine learning for networked systems.
Students will learn theory and hands-on skills, with assignments and projects to apply knowledge.",7.0,"['Debugging', 'Software Design', 'ML Basics', 'Programming', 'Model Evaluation', 'Data Analysis', 'Statistics', 'System Design']",TARUN MANGLA,"['ENGMATH101', 'DS102']",AD,30.0,COL,4.59,"['DATA SCIENCE', 'ML ROLES', 'MLE ENGINEER']",3.0
COL761,Data Mining,"Data Mining introduces core concepts and practical techniques related to data mining.
Students will learn theory and hands-on skills, with assignments and projects to apply knowledge.",7.0,"['Statistics', 'Data Analysis', 'Model Evaluation', 'ML Basics']",SAYAN RANU,"['ENGMATH101', 'DS102']",AD,25.0,COL,3.97,"['DATA SCIENCE', 'ML ROLES', 'MLE ENGINEER']",3.0
COL762,Database Implementation,"Database Implementation introduces core concepts and practical techniques related to database implementation.
Students will learn theory and hands-on skills, with assignments and projects to apply knowledge.",7.0,"['Debugging', 'Software Design', 'ML Basics', 'Programming', 'Model Evaluation', 'Data Analysis', 'Statistics', 'System Design']",KAUSTUBH BEEDKAR,"['ENGMATH101', 'DS102']",E,10.0,COL,2.9,"['DATA SCIENCE', 'ML ROLES', 'MLE ENGINEER']",3.0
COL7680,Introduction To Computer Vision,"Introduction To Computer Vision introduces core concepts and practical techniques related to introduction to computer vision.
Students will learn theory and hands-on skills, with assignments and projects to apply knowledge.",7.0,"['Programming', 'Software Design', 'Debugging', 'System Design']",CHETAN ARORA,"['ENGMATH101', 'DS102']",AB,20.0,COL,2.04,[],3.0
COL7681,Computer Graphics,"Computer Graphics introduces core concepts and practical techniques related to computer graphics.
Students will learn theory and hands-on skills, with assignments and projects to apply knowledge.",7.0,"['Programming', 'Software Design', 'Debugging', 'System Design']",SUBODH KUMAR,"['ENGMATH101', 'DS102']",AC,10.0,COL,1.99,[],3.0
COL772,Natural Language Processing,"Natural Language Processing introduces core concepts and practical techniques related to natural language processing.
Students will learn theory and hands-on skills, with assignments and projects to apply knowledge.",7.0,"['Foundational Knowledge', 'Problem Solving']",MAUSAM,"['ENGMATH101', 'DS102']",AA,40.0,COL,3.55,[],3.0
COL775,Deep Learning,"Deep Learning introduces core concepts and practical techniques related to deep learning.
Students will learn theory and hands-on skills, with assignments and projects to apply knowledge.",7.0,"['Statistics', 'Data Analysis', 'Model Evaluation', 'ML Basics']",PARAG SINGLA,"['ENGMATH101', 'DS102']",C,65.0,COL,4.06,"['DATA SCIENCE', 'ML ROLES', 'MLE ENGINEER']",3.0
COL778,Principles Of Autonomous Systems,"Principles Of Autonomous Systems introduces core concepts and practical techniques related to principles of autonomous systems.
Students will learn theory and hands-on skills, with assignments and projects to apply knowledge.",7.0,"['Programming', 'Software Design', 'Debugging', 'System Design']",ROHAN PAUL,"['ENGMATH101', 'DS102']",AA,40.0,COL,3.09,"['SDE', 'Software Engineer', 'Developer']",3.0
COL780,Computer Vision,"Computer Vision introduces core concepts and practical techniques related to computer vision.
Students will learn theory and hands-on skills, with assignments and projects to apply knowledge.",7.0,"['Programming', 'Software Design', 'Debugging', 'System Design']",CHETAN ARORA,"['ENGMATH101', 'DS102']",AB,45.0,COL,3.51,[],3.0
COL781,Computer Graphics,"Computer Graphics introduces core concepts and practical techniques related to computer graphics.
Students will learn theory and hands-on skills, with assignments and projects to apply knowledge.",7.0,"['Programming', 'Software Design', 'Debugging', 'System Design']",SUBODH KUMAR,"['ENGMATH101', 'DS102']",AC,40.0,COL,2.1,[],3.0
COL786,Advanced Functional Brain Img.,"Advanced Functional Brain Img. introduces core concepts and practical techniques related to advanced functional brain img..
Students will learn theory and hands-on skills, with assignments and projects to apply knowledge.",7.0,"['Foundational Knowledge', 'Problem Solving']",RAHUL GARG,"['ENGMATH101', 'DS102']",AD,30.0,COL,1.31,[],3.0
COL812,System Level Design & Modelling,"System Level Design & Modelling introduces core concepts and practical techniques related to system level design & modelling.
Students will learn theory and hands-on skills, with assignments and projects to apply knowledge.",8.0,"['Debugging', 'Modeling & Simulation', 'Software Design', 'Programming', 'Engineering Analysis', 'Problem Solving', 'System Design']",PREETI RANJAN PANDA,"['ENGMATH101', 'DS102']",M,50.0,COL,2.14,"['SDE', 'Software Engineer', 'Developer']",3.0
COL8184,Special Topics In Economics And Computation,"Special Topics In Economics And Computation introduces core concepts and practical techniques related to special topics in economics and computation.
Students will learn theory and hands-on skills, with assignments and projects to apply knowledge.",8.0,"['Foundational Knowledge', 'Problem Solving']",ROHIT VAISH,"['ENGMATH101', 'DS102']",AA,30.0,COL,2.09,[],3.0
COL8381,Special Topics In Artificial Intelligence,"Special Topics In Artificial Intelligence introduces core concepts and practical techniques related to special topics in artificial intelligence.
Students will learn theory and hands-on skills, with assignments and projects to apply knowledge.",8.0,"['Statistics', 'Data Analysis', 'Model Evaluation', 'ML Basics']",NAVEEN GARG,"['ENGMATH101', 'DS102']",AC,10.0,COL,2.28,"['DATA SCIENCE', 'ML ROLES', 'MLE ENGINEER']",3.0
COL8385,Special Topics In Machine Learning I,"Special Topics In Machine Learning I introduces core concepts and practical techniques related to special topics in machine learning i.
Students will learn theory and hands-on skills, with assignments and projects to apply knowledge.",8.0,"['Statistics', 'Data Analysis', 'Model Evaluation', 'ML Basics']",ADARSH BARIK,"['ENGMATH101', 'DS102']",AD,10.0,COL,3.16,"['DATA SCIENCE', 'ML ROLES', 'MLE ENGINEER']",3.0
COL8395,Special Topics In Data Management I,"Special Topics In Data Management I introduces core concepts and practical techniques related to special topics in data management i.
Students will learn theory and hands-on skills, with assignments and projects to apply knowledge.",8.0,"['Statistics', 'Data Analysis', 'Model Evaluation', 'ML Basics']",MAYA RAMANATH,"['ENGMATH101', 'DS102']",AC,5.0,COL,1.55,"['DATA SCIENCE', 'ML ROLES', 'MLE ENGINEER']",3.0
COL8585,Special Topics In Computer Networks I,"Special Topics In Computer Networks I introduces core concepts and practical techniques related to special topics in computer networks i.
Students will learn theory and hands-on skills, with assignments and projects to apply knowledge.",8.0,"['Programming', 'Software Design', 'Debugging', 'System Design']",PIYUSH KUMAR,"['ENGMATH101', 'DS102']",AB,10.0,COL,1.93,"['SDE', 'Software Engineer', 'Developer']",3.0
COL862,Spl Topics In Software Systems,"Spl Topics In Software Systems introduces core concepts and practical techniques related to spl topics in software systems.
Students will learn theory and hands-on skills, with assignments and projects to apply knowledge.",8.0,"['Programming', 'Software Design', 'Debugging', 'System Design']",PIYUSH KUMAR,"['ENGMATH101', 'DS102']",AB,20.0,COL,3.78,"['SDE', 'Software Engineer', 'Developer']",3.0
COL864,Spl. Topics In Artificial Int.,"Spl. Topics In Artificial Int. introduces core concepts and practical techniques related to spl. topics in artificial int..
Students will learn theory and hands-on skills, with assignments and projects to apply knowledge.",8.0,"['Statistics', 'Data Analysis', 'Model Evaluation', 'ML Basics']",NAVEEN GARG,"['ENGMATH101', 'DS102']",AC,20.0,COL,3.83,"['DATA SCIENCE', 'ML ROLES', 'MLE ENGINEER']",3.0
COL868,Spl. Topics In Database Syst.,"Spl. Topics In Database Syst. introduces core concepts and practical techniques related to spl. topics in database syst..
Students will learn theory and hands-on skills, with assignments and projects to apply knowledge.",8.0,"['Debugging', 'Software Design', 'ML Basics', 'Programming', 'Model Evaluation', 'Data Analysis', 'Statistics', 'System Design']",MAYA RAMANATH,"['ENGMATH101', 'DS102']",AC,25.0,COL,1.26,"['DATA SCIENCE', 'ML ROLES', 'MLE ENGINEER']",3.0
COL870,Spl. Topics In Machine Learni.,"Spl. Topics In Machine Learni. introduces core concepts and practical techniques related to spl. topics in machine learni..
Students will learn theory and hands-on skills, with assignments and projects to apply knowledge.",8.0,"['Statistics', 'Data Analysis', 'Model Evaluation', 'ML Basics']",ADARSH BARIK,"['ENGMATH101', 'DS102']",AD,20.0,COL,2.63,"['DATA SCIENCE', 'ML ROLES', 'MLE ENGINEER']",3.0
CON800,Teaching Practicum In Computer Science And Engineering,"Teaching Practicum In Computer Science And Engineering introduces core concepts and practical techniques related to teaching practicum in computer science and engineering.
Students will learn theory and hands-on skills, with assignments and projects to apply knowledge.",8.0,"['Debugging', 'Modeling & Simulation', 'Software Design', 'Programming', 'Engineering Analysis', 'Problem Solving', 'System Design']",ASHISH CHIPLUNKAR,"['ENGMATH101', 'DS102']",X,150.0,CON,3.17,[],0.0
CON801,Research Practicum In Computer Science And Engineering,"Research Practicum In Computer Science And Engineering introduces core concepts and practical techniques related to research practicum in computer science and engineering.
Students will learn theory and hands-on skills, with assignments and projects to apply knowledge.",8.0,"['Debugging', 'Modeling & Simulation', 'Research', 'Software Design', 'Programming', 'Engineering Analysis', 'Technical Writing', 'Project Management', 'Problem Solving', 'System Design']",ASHISH CHIPLUNKAR,"['ENGMATH101', 'DS102']",X,20.0,CON,2.66,[],1.0
COP290,Design Practices,"Design Practices introduces core concepts and practical techniques related to design practices.
Students will learn theory and hands-on skills, with assignments and projects to apply knowledge.",2.0,"['Modeling & Simulation', 'Problem Solving', 'Engineering Analysis']",SMRUTI RANJAN SARANGI,[],K,150.0,COP,1.83,[],0.0
COS310,Independent Study (Cs),"Independent Study (Cs) introduces core concepts and practical techniques related to independent study (cs).
Students will learn theory and hands-on skills, with assignments and projects to apply knowledge.",3.0,"['Foundational Knowledge', 'Problem Solving']",SUBODH VISHNU SHARMA,[],X,50.0,COS,2.68,[],0.0
COS799,Independent Study,"Independent Study introduces core concepts and practical techniques related to independent study.
Students will learn theory and hands-on skills, with assignments and projects to apply knowledge.",7.0,"['Foundational Knowledge', 'Problem Solving']",SUBODH VISHNU SHARMA,[],X,50.0,COS,4.62,[],0.0
JCP810,Cyber Security And Information Assurance Lab,"Cyber Security And Information Assurance Lab introduces core concepts and practical techniques related to cyber security and information assurance lab.
Students will learn theory and hands-on skills, with assignments and projects to apply knowledge.",8.0,"['Foundational Knowledge', 'Problem Solving']",HUZUR SARAN,[],P,40.0,JCP,3.34,[],0.0
JRD893,Mtech Project Part Ii,"Mtech Project Part Ii introduces core concepts and practical techniques related to mtech project part ii.
Students will learn theory and hands-on skills, with assignments and projects to apply knowledge.",8.0,"['Technical Writing', 'Project Management', 'Research']",RAMA KRISHNA K,[],X,15.0,JRD,3.78,[],0.0
JRL747,Degrees Of Freedom And Constraints In Devices,"Degrees Of Freedom And Constraints In Devices introduces core concepts and practical techniques related to degrees of freedom and constraints in devices.
Students will learn theory and hands-on skills, with assignments and projects to apply knowledge.",7.0,"['Foundational Knowledge', 'Problem Solving']",SUDIPTO MUKHERJEE,"['ENGMATH101', 'DS102']",B,15.0,JRL,4.43,[],2.0
JRL7680,Computer Vision For Robotics,"Computer Vision For Robotics introduces core concepts and practical techniques related to computer vision for robotics.
Students will learn theory and hands-on skills, with assignments and projects to apply knowledge.",7.0,"['Programming', 'Software Design', 'Debugging', 'System Design']",CHETAN ARORA,"['ENGMATH101', 'DS102']",AB,25.0,JRL,4.06,[],3.0
DDD320,Design Project-2 (Simple Product Design),"Design Project-2 (Simple Product Design) introduces core concepts and practical techniques related to design project-2 (simple product design).
Students will learn theory and hands-on skills, with assignments and projects to apply knowledge.",3.0,"['Modeling & Simulation', 'Engineering Analysis', 'Technical Writing', 'Project Management', 'Problem Solving', 'Research']",SABYASACHI PALDAS,[],X,20.0,DDD,2.52,[],0.0
DDD410,Design Project-4 (Dissertation Project / Thesis),"Design Project-4 (Dissertation Project / Thesis) introduces core concepts and practical techniques related to design project-4 (dissertation project / thesis).
Students will learn theory and hands-on skills, with assignments and projects to apply knowledge.",4.0,"['Modeling & Simulation', 'Engineering Analysis', 'Technical Writing', 'Project Management', 'Problem Solving', 'Research']",PRAMOD RATNAKAR KHADILKAR,[],AC,20.0,DDD,1.02,[],0.0
DDD620,Design Project-6 (Industry / Research Project),"Design Project-6 (Industry / Research Project) introduces core concepts and practical techniques related to design project-6 (industry / research project).
Students will learn theory and hands-on skills, with assignments and projects to apply knowledge.",6.0,"['Modeling & Simulation', 'Engineering Analysis', 'Technical Writing', 'Project Management', 'Problem Solving', 'Research']",SUBIR DEY,[],X,20.0,DDD,2.41,[],0.0
DDL222,Design Research Methods,"Design Research Methods introduces core concepts and practical techniques related to design research methods.
Students will learn theory and hands-on skills, with assignments and projects to apply knowledge.",2.0,"['Modeling & Simulation', 'Engineering Analysis', 'Technical Writing', 'Project Management', 'Problem Solving', 'Research']",ANEESHA SHARMA,[],AB,20.0,DDL,4.01,[],1.0
DDL223,Cognitive Ergonomics,"Cognitive Ergonomics introduces core concepts and practical techniques related to cognitive ergonomics.
Students will learn theory and hands-on skills, with assignments and projects to apply knowledge.",2.0,"['Foundational Knowledge', 'Problem Solving']",NILAKSHI YEIN,[],AD,20.0,DDL,4.41,[],2.0
DDL224,Storytelling And Film Making,"Storytelling And Film Making introduces core concepts and practical techniques related to storytelling and film making.
Students will learn theory and hands-on skills, with assignments and projects to apply knowledge.",2.0,"['Foundational Knowledge', 'Problem Solving']",CHARU MONGA,[],X,20.0,DDL,4.81,[],2.0
DDL225,Market Research And Trend Analysis,"Market Research And Trend Analysis introduces core concepts and practical techniques related to market research and trend analysis.
Students will learn theory and hands-on skills, with assignments and projects to apply knowledge.",2.0,"['Technical Writing', 'Project Management', 'Research']",SUMER SINGH,[],B,20.0,DDL,2.68,[],1.0
DDL226,System Oriented Design,"System Oriented Design introduces core concepts and practical techniques related to system oriented design.
Students will learn theory and hands-on skills, with assignments and projects to apply knowledge.",2.0,"['Debugging', 'Modeling & Simulation', 'Software Design', 'Programming', 'Engineering Analysis', 'Problem Solving', 'System Design']",MRITUNJAY KUMAR,[],AA,20.0,DDL,3.99,"['SDE', 'Software Engineer', 'Developer']",1.0
DDL228,Exhibition And Space Design,"Exhibition And Space Design introduces core concepts and practical techniques related to exhibition and space design.
Students will learn theory and hands-on skills, with assignments and projects to apply knowledge.",2.0,"['Modeling & Simulation', 'Problem Solving', 'Engineering Analysis']",SABYASACHI PALDAS,[],X,20.0,DDL,3.18,[],1.0
DDL321,Model Making,"Model Making introduces core concepts and practical techniques related to model making.
Students will learn theory and hands-on skills, with assignments and projects to apply knowledge.",3.0,"['Foundational Knowledge', 'Problem Solving']",SUMER SINGH,[],A,20.0,DDL,3.41,[],2.0
DDL6039,Indian Symbology,"Indian Symbology introduces core concepts and practical techniques related to indian symbology.
Students will learn theory and hands-on skills, with assignments and projects to apply knowledge.",6.0,"['Foundational Knowledge', 'Problem Solving']",JYOTI KUMAR,[],AB,30.0,DDL,1.88,[],3.0
DDL7007,Research Methods For Design,"Research Methods For Design introduces core concepts and practical techniques related to research methods for design.
Students will learn theory and hands-on skills, with assignments and projects to apply knowledge.",7.0,"['Modeling & Simulation', 'Engineering Analysis', 'Technical Writing', 'Project Management', 'Problem Solving', 'Research']",AAKASH  JOHRY,[],B,20.0,DDL,1.88,[],2.0
DDL7068,Design Research Methodology,"Design Research Methodology introduces core concepts and practical techniques related to design research methodology.
Students will learn theory and hands-on skills, with assignments and projects to apply knowledge.",7.0,"['Modeling & Simulation', 'Engineering Analysis', 'Technical Writing', 'Project Management', 'Problem Solving', 'Research']",ANEESHA SHARMA,[],X,20.0,DDL,2.74,[],2.0
DDL768,Design Research Methodology,"Design Research Methodology introduces core concepts and practical techniques related to design research methodology.
Students will learn theory and hands-on skills, with assignments and projects to apply knowledge.",7.0,"['Modeling & Simulation', 'Engineering Analysis', 'Technical Writing', 'Project Management', 'Problem Solving', 'Research']",ANEESHA SHARMA,[],X,20.0,DDL,1.12,[],2.0
DDL8000,"Drm, A Methodology For Research Into Design","Drm, A Methodology For Research Into Design introduces core concepts and practical techniques related to drm, a methodology for research into design.
Students will learn theory and hands-on skills, with assignments and projects to apply knowledge.",8.0,"['Modeling & Simulation', 'Engineering Analysis', 'Technical Writing', 'Project Management', 'Problem Solving', 'Research']",SRINIVASAN  VENKATARAMAN,[],AB,30.0,DDL,2.34,[],3.0
DDL810,Special Topics In Design 1,"Special Topics In Design 1 introduces core concepts and practical techniques related to special topics in design 1.
Students will learn theory and hands-on skills, with assignments and projects to apply knowledge.",8.0,"['Modeling & Simulation', 'Problem Solving', 'Engineering Analysis']",AAKASH  JOHRY,[],AB,30.0,DDL,3.72,[],3.0
DDL820(A),Special Topics In Design 2 (Design Thinking),"Special Topics In Design 2 (Design Thinking) introduces core concepts and practical techniques related to special topics in design 2 (design thinking).
Students will learn theory and hands-on skills, with assignments and projects to apply knowledge.",8.0,"['Modeling & Simulation', 'Problem Solving', 'Engineering Analysis']",SRINIVASAN  VENKATARAMAN,[],AC,30.0,DDL,2.62,[],3.0
DDL820(B),Special Topics In Design 2 (Project In Iot Prototyping),"Special Topics In Design 2 (Project In Iot Prototyping) introduces core concepts and practical techniques related to special topics in design 2 (project in iot prototyping).
Students will learn theory and hands-on skills, with assignments and projects to apply knowledge.",8.0,"['Modeling & Simulation', 'Engineering Analysis', 'Technical Writing', 'Project Management', 'Problem Solving', 'Research']",JAY DHARIWAL,[],M,30.0,DDL,1.66,[],3.0
DDP1005,Image Making,"Image Making introduces core concepts and practical techniques related to image making.
Students will learn theory and hands-on skills, with assignments and projects to apply knowledge.",1.0,"['Foundational Knowledge', 'Problem Solving']",SUBIR DEY,[],X,20.0,DDP,2.87,[],1.0
DDP1006,Prototyping,"Prototyping introduces core concepts and practical techniques related to prototyping.
Students will learn theory and hands-on skills, with assignments and projects to apply knowledge.",1.0,"['Foundational Knowledge', 'Problem Solving']",P.V.MADHUSUDHAN RAO,[],X,20.0,DDP,1.51,[],1.0
DDP1007,Typography,"Typography introduces core concepts and practical techniques related to typography.
Students will learn theory and hands-on skills, with assignments and projects to apply knowledge.",1.0,"['Foundational Knowledge', 'Problem Solving']",ANEESHA SHARMA,[],X,20.0,DDP,3.49,[],1.0
DDP1008,Design History,"Design History introduces core concepts and practical techniques related to design history.
Students will learn theory and hands-on skills, with assignments and projects to apply knowledge.",1.0,"['Modeling & Simulation', 'Problem Solving', 'Engineering Analysis']",SAURABH TEWARI,[],X,20.0,DDP,1.11,[],1.0
DDP1011,Human Factors In Design - 2,"Human Factors In Design - 2 introduces core concepts and practical techniques related to human factors in design - 2.
Students will learn theory and hands-on skills, with assignments and projects to apply knowledge.",1.0,"['Modeling & Simulation', 'Problem Solving', 'Engineering Analysis']",GOURAB KAR,[],X,20.0,DDP,2.58,[],2.0
DDP1026,Introduction To Design,"Introduction To Design introduces core concepts and practical techniques related to introduction to design.
Students will learn theory and hands-on skills, with assignments and projects to apply knowledge.",1.0,"['Modeling & Simulation', 'Problem Solving', 'Engineering Analysis']",JAY DHARIWAL,[],AD,20.0,DDP,3.26,[],1.0
DDP7012,Game Design Fundamentals,"Game Design Fundamentals introduces core concepts and practical techniques related to game design fundamentals.
Students will learn theory and hands-on skills, with assignments and projects to apply knowledge.",7.0,"['Modeling & Simulation', 'Problem Solving', 'Engineering Analysis']",AAKASH  JOHRY,[],AB,20.0,DDP,1.11,[],1.0
DDP7123,Design For Environmental Change,"Design For Environmental Change introduces core concepts and practical techniques related to design for environmental change.
Students will learn theory and hands-on skills, with assignments and projects to apply knowledge.",7.0,"['Modeling & Simulation', 'Problem Solving', 'Engineering Analysis']",JAY DHARIWAL,[],M,20.0,DDP,3.57,[],2.0
DDR324,Industry Internship,"Industry Internship introduces core concepts and practical techniques related to industry internship.
Students will learn theory and hands-on skills, with assignments and projects to apply knowledge.",3.0,"['Foundational Knowledge', 'Problem Solving']",SUBIR DEY,[],X,20.0,DDR,1.54,[],0.0
DDR422,Design Degree Show,"Design Degree Show introduces core concepts and practical techniques related to design degree show.
Students will learn theory and hands-on skills, with assignments and projects to apply knowledge.",4.0,"['Modeling & Simulation', 'Problem Solving', 'Engineering Analysis']",SUBIR DEY,[],X,20.0,DDR,2.85,[],0.0
DDR8109,Strategic Ux Design,"Strategic Ux Design introduces core concepts and practical techniques related to strategic ux design.
Students will learn theory and hands-on skills, with assignments and projects to apply knowledge.",8.0,"['Modeling & Simulation', 'Problem Solving', 'Engineering Analysis']",JYOTI KUMAR,[],AD,30.0,DDR,1.2,[],3.0
DDR812,Media Studies,"Media Studies introduces core concepts and practical techniques related to media studies.
Students will learn theory and hands-on skills, with assignments and projects to apply knowledge.",8.0,"['Foundational Knowledge', 'Problem Solving']",CHARU MONGA,[],X,20.0,DDR,2.52,[],2.0
DDR822,Design For Sustainability,"Design For Sustainability introduces core concepts and practical techniques related to design for sustainability.
Students will learn theory and hands-on skills, with assignments and projects to apply knowledge.",8.0,"['Modeling & Simulation', 'Problem Solving', 'Engineering Analysis']",SUMER SINGH,[],X,30.0,DDR,1.85,[],2.0
DDR8222,Design For Sustainability,"Design For Sustainability introduces core concepts and practical techniques related to design for sustainability.
Students will learn theory and hands-on skills, with assignments and projects to apply knowledge.",8.0,"['Modeling & Simulation', 'Problem Solving', 'Engineering Analysis']",SUMER SINGH,[],X,30.0,DDR,2.31,[],1.0
DDR832,Design For User Experience,"Design For User Experience introduces core concepts and practical techniques related to design for user experience.
Students will learn theory and hands-on skills, with assignments and projects to apply knowledge.",8.0,"['Modeling & Simulation', 'Problem Solving', 'Engineering Analysis']",JYOTI KUMAR,[],AD,30.0,DDR,4.04,[],3.0
DTD899,Doctoral Thesis,"Doctoral Thesis introduces core concepts and practical techniques related to doctoral thesis.
Students will learn theory and hands-on skills, with assignments and projects to apply knowledge.",8.0,"['Technical Writing', 'Project Management', 'Research']",IITD  SUPPORT,[],X,500.0,DTD,2.52,[],0.0
ELD411,B.Tech. Project - I,"B.Tech. Project - I introduces core concepts and practical techniques related to b.tech. project - i.
Students will learn theory and hands-on skills, with assignments and projects to apply knowledge.",4.0,"['Technical Writing', 'Project Management', 'Research']",SOUTIK BETAL,[],X,100.0,ELD,4.01,[],0.0
ELD431,B.Tech. Project - I,"B.Tech. Project - I introduces core concepts and practical techniques related to b.tech. project - i.
Students will learn theory and hands-on skills, with assignments and projects to apply knowledge.",4.0,"['Technical Writing', 'Project Management', 'Research']",SOUTIK BETAL,[],X,100.0,ELD,4.33,[],0.0
ELD450,Btp Part-Ii,"Btp Part-Ii introduces core concepts and practical techniques related to btp part-ii.
Students will learn theory and hands-on skills, with assignments and projects to apply knowledge.",4.0,"['Foundational Knowledge', 'Problem Solving']",SOUTIK BETAL,[],X,100.0,ELD,2.01,[],0.0
ELD451,Btp Part-Ii,"Btp Part-Ii introduces core concepts and practical techniques related to btp part-ii.
Students will learn theory and hands-on skills, with assignments and projects to apply knowledge.",4.0,"['Foundational Knowledge', 'Problem Solving']",SOUTIK BETAL,[],X,100.0,ELD,1.33,[],0.0
ELD452,Btp Part-Ii,"Btp Part-Ii introduces core concepts and practical techniques related to btp part-ii.
Students will learn theory and hands-on skills, with assignments and projects to apply knowledge.",4.0,"['Foundational Knowledge', 'Problem Solving']",SOUTIK BETAL,[],X,100.0,ELD,1.08,[],0.0
ELD453,Btp Part-Ii,"Btp Part-Ii introduces core concepts and practical techniques related to btp part-ii.
Students will learn theory and hands-on skills, with assignments and projects to apply knowledge.",4.0,"['Foundational Knowledge', 'Problem Solving']",SOUTIK BETAL,[],X,100.0,ELD,3.16,[],0.0
ELD454,Btp Part-Ii,"Btp Part-Ii introduces core concepts and practical techniques related to btp part-ii.
Students will learn theory and hands-on skills, with assignments and projects to apply knowledge.",4.0,"['Foundational Knowledge', 'Problem Solving']",SOUTIK BETAL,[],X,100.0,ELD,5.0,[],0.0
ELD455,Btp Part-Ii,"Btp Part-Ii introduces core concepts and practical techniques related to btp part-ii.
Students will learn theory and hands-on skills, with assignments and projects to apply knowledge.",4.0,"['Foundational Knowledge', 'Problem Solving']",SOUTIK BETAL,[],X,100.0,ELD,2.4,[],0.0
ELD456,Btp Part-Ii,"Btp Part-Ii introduces core concepts and practical techniques related to btp part-ii.
Students will learn theory and hands-on skills, with assignments and projects to apply knowledge.",4.0,"['Foundational Knowledge', 'Problem Solving']",SOUTIK BETAL,[],X,100.0,ELD,3.6,[],0.0
ELD457,Btp Part-Ii,"Btp Part-Ii introduces core concepts and practical techniques related to btp part-ii.
Students will learn theory and hands-on skills, with assignments and projects to apply knowledge.",4.0,"['Foundational Knowledge', 'Problem Solving']",SOUTIK BETAL,[],X,100.0,ELD,4.12,[],0.0
ELD458,Btp Part-Ii,"Btp Part-Ii introduces core concepts and practical techniques related to btp part-ii.
Students will learn theory and hands-on skills, with assignments and projects to apply knowledge.",4.0,"['Foundational Knowledge', 'Problem Solving']",SOUTIK BETAL,[],X,100.0,ELD,3.61,[],0.0
ELD459,Btp Part-Ii,"Btp Part-Ii introduces core concepts and practical techniques related to btp part-ii.
Students will learn theory and hands-on skills, with assignments and projects to apply knowledge.",4.0,"['Foundational Knowledge', 'Problem Solving']",SOUTIK BETAL,[],X,100.0,ELD,4.02,[],0.0
ELD7007,Cornerstone Project,"Cornerstone Project introduces core concepts and practical techniques related to cornerstone project.
Students will learn theory and hands-on skills, with assignments and projects to apply knowledge.",7.0,"['Technical Writing', 'Project Management', 'Research']",SUBASHISH DATTA,[],P,200.0,ELD,4.8,[],0.0
ELD780,Minor Project,"Minor Project introduces core concepts and practical techniques related to minor project.
Students will learn theory and hands-on skills, with assignments and projects to apply knowledge.",7.0,"['Technical Writing', 'Project Management', 'Research']",SANDEEP KUMAR,[],P,35.0,ELD,1.8,[],0.0
ELD800,Minor Project (Eea),"Minor Project (Eea) introduces core concepts and practical techniques related to minor project (eea).
Students will learn theory and hands-on skills, with assignments and projects to apply knowledge.",8.0,"['Technical Writing', 'Project Management', 'Research']",PRIYANK  SRIVASTAVA,[],P,15.0,ELD,1.08,[],0.0
ELD801,Major Project Part I,"Major Project Part I introduces core concepts and practical techniques related to major project part i.
Students will learn theory and hands-on skills, with assignments and projects to apply knowledge.",8.0,"['Technical Writing', 'Project Management', 'Research']",PRIYANK  SRIVASTAVA,[],P,5.0,ELD,1.61,[],0.0
ELD802,Major Project Part Ii,"Major Project Part Ii introduces core concepts and practical techniques related to major project part ii.
Students will learn theory and hands-on skills, with assignments and projects to apply knowledge.",8.0,"['Technical Writing', 'Project Management', 'Research']",PRIYANK  SRIVASTAVA,[],P,15.0,ELD,1.5,[],0.0
ELD810,Minor Project (Communication E,"Minor Project (Communication E introduces core concepts and practical techniques related to minor project (communication e.
Students will learn theory and hands-on skills, with assignments and projects to apply knowledge.",8.0,"['Technical Writing', 'Project Management', 'Research']",ARPAN  CHATTOPADHYAY,[],P,30.0,ELD,3.68,[],0.0
ELD811,Major Project Part-I (Communic,"Major Project Part-I (Communic introduces core concepts and practical techniques related to major project part-i (communic.
Students will learn theory and hands-on skills, with assignments and projects to apply knowledge.",8.0,"['Technical Writing', 'Project Management', 'Research']",ARPAN  CHATTOPADHYAY,[],P,30.0,ELD,3.26,[],0.0
ELD812,Major Project Part-Ii,"Major Project Part-Ii introduces core concepts and practical techniques related to major project part-ii.
Students will learn theory and hands-on skills, with assignments and projects to apply knowledge.",8.0,"['Technical Writing', 'Project Management', 'Research']",ARPAN  CHATTOPADHYAY,[],P,30.0,ELD,1.87,[],0.0
ELD830,Minor Project,"Minor Project introduces core concepts and practical techniques related to minor project.
Students will learn theory and hands-on skills, with assignments and projects to apply knowledge.",8.0,"['Technical Writing', 'Project Management', 'Research']",DHIMAN  MALLICK,[],P,20.0,ELD,3.8,[],0.0
ELD831,Major Project Part-I (Integrat,"Major Project Part-I (Integrat introduces core concepts and practical techniques related to major project part-i (integrat.
Students will learn theory and hands-on skills, with assignments and projects to apply knowledge.",8.0,"['Technical Writing', 'Project Management', 'Research']",DHIMAN  MALLICK,[],P,20.0,ELD,4.07,[],0.0
ELD832,Major Project Part-Ii,"Major Project Part-Ii introduces core concepts and practical techniques related to major project part-ii.
Students will learn theory and hands-on skills, with assignments and projects to apply knowledge.",8.0,"['Technical Writing', 'Project Management', 'Research']",DHIMAN  MALLICK,[],P,20.0,ELD,1.67,[],0.0
ELD850,Minor Project,"Minor Project introduces core concepts and practical techniques related to minor project.
Students will learn theory and hands-on skills, with assignments and projects to apply knowledge.",8.0,"['Technical Writing', 'Project Management', 'Research']",SREYAM SINHA,[],X,40.0,ELD,3.43,[],0.0
ELD851,Major Project Part-I,"Major Project Part-I introduces core concepts and practical techniques related to major project part-i.
Students will learn theory and hands-on skills, with assignments and projects to apply knowledge.",8.0,"['Technical Writing', 'Project Management', 'Research']",SREYAM SINHA,[],X,15.0,ELD,3.99,[],0.0
ELD852,Major Project Part-Ii,"Major Project Part-Ii introduces core concepts and practical techniques related to major project part-ii.
Students will learn theory and hands-on skills, with assignments and projects to apply knowledge.",8.0,"['Technical Writing', 'Project Management', 'Research']",SREYAM SINHA,[],P,20.0,ELD,1.46,[],0.0
ELD872,Major Project Part-Ii,"Major Project Part-Ii introduces core concepts and practical techniques related to major project part-ii.
Students will learn theory and hands-on skills, with assignments and projects to apply knowledge.",8.0,"['Technical Writing', 'Project Management', 'Research']",NILANJAN SENROY,[],P,20.0,ELD,4.28,[],0.0
ELD880,Major Project Part-I,"Major Project Part-I introduces core concepts and practical techniques related to major project part-i.
Students will learn theory and hands-on skills, with assignments and projects to apply knowledge.",8.0,"['Technical Writing', 'Project Management', 'Research']",SANDEEP KUMAR,[],P,30.0,ELD,4.86,[],0.0
ELD881,Major Project Part Ii,"Major Project Part Ii introduces core concepts and practical techniques related to major project part ii.
Students will learn theory and hands-on skills, with assignments and projects to apply knowledge.",8.0,"['Technical Writing', 'Project Management', 'Research']",SANDEEP KUMAR,[],P,30.0,ELD,1.43,[],0.0
ELD895,Ms Research Project,"Ms Research Project introduces core concepts and practical techniques related to ms research project.
Students will learn theory and hands-on skills, with assignments and projects to apply knowledge.",8.0,"['Technical Writing', 'Project Management', 'Research']",SUBASHISH DATTA,[],P,60.0,ELD,1.1,[],0.0
ELL1000,Introduction To Electrical Engineering,"Introduction To Electrical Engineering introduces core concepts and practical techniques related to introduction to electrical engineering.
Students will learn theory and hands-on skills, with assignments and projects to apply knowledge.",1.0,"['Modeling & Simulation', 'Problem Solving', 'Engineering Analysis']","MANAV BHATNAGAR , SUBASHISH DATTA    , SREYAM SINHA , HARSHAN JAGADEESH","['ENGMATH101', 'DS102']",AF,300.0,ELL,2.25,[],2.0
ELL1001,Circuit Theory,"Circuit Theory introduces core concepts and practical techniques related to circuit theory.
Students will learn theory and hands-on skills, with assignments and projects to apply knowledge.",1.0,"['Foundational Knowledge', 'Problem Solving']","ANKESH JAIN , SHOURIBRATA CHATTERJEE","['ENGMATH101', 'DS102']",B,200.0,ELL,3.71,[],3.0
ELL1401,Digital Electronics,"Digital Electronics introduces core concepts and practical techniques related to digital electronics.
Students will learn theory and hands-on skills, with assignments and projects to apply knowledge.",1.0,"['Foundational Knowledge', 'Problem Solving']","DHIMAN  MALLICK , ANUJ DHAWAN","['ENGMATH101', 'DS102']",B,200.0,ELL,4.83,[],3.0
ELL201,Digital Electronics,"Digital Electronics introduces core concepts and practical techniques related to digital electronics.
Students will learn theory and hands-on skills, with assignments and projects to apply knowledge.",2.0,"['Foundational Knowledge', 'Problem Solving']","MANAN SURI   , DHIMAN  MALLICK","['ENGMATH101', 'DS102']",B,300.0,ELL,2.59,[],3.0
ELL205,Signals And Systems,"Signals And Systems introduces core concepts and practical techniques related to signals and systems.
Students will learn theory and hands-on skills, with assignments and projects to apply knowledge.",2.0,"['Programming', 'Software Design', 'Debugging', 'System Design']","ARPAN  CHATTOPADHYAY , RANJAN KUMAR MALLIK","['ENGMATH101', 'DS102']",D,200.0,ELL,3.86,"['SDE', 'Software Engineer', 'Developer']",3.0
ELL211,Physical Electronics,"Physical Electronics introduces core concepts and practical techniques related to physical electronics.
Students will learn theory and hands-on skills, with assignments and projects to apply knowledge.",2.0,"['Foundational Knowledge', 'Problem Solving']","SANTANU MANNA , SOUTIK BETAL","['ENGMATH101', 'DS102']",B,100.0,ELL,1.3,[],3.0
ELL212,Engineering Elecromagnetics,"Engineering Elecromagnetics introduces core concepts and practical techniques related to engineering elecromagnetics.
Students will learn theory and hands-on skills, with assignments and projects to apply knowledge.",2.0,"['Modeling & Simulation', 'Problem Solving', 'Engineering Analysis']","DEBIDAS KUNDU , AMARTANSH DUBEY","['ENGMATH101', 'DS102']",E,150.0,ELL,3.76,[],3.0
ELL225,Control Engineering I,"Control Engineering I introduces core concepts and practical techniques related to control engineering i.
Students will learn theory and hands-on skills, with assignments and projects to apply knowledge.",2.0,"['Modeling & Simulation', 'Problem Solving', 'Engineering Analysis']",PRIYANK  SRIVASTAVA,"['ENGMATH101', 'DS102']",F,200.0,ELL,3.51,[],3.0
ELL231,Power Electr. & Energy Devices,"Power Electr. & Energy Devices introduces core concepts and practical techniques related to power electr. & energy devices.
Students will learn theory and hands-on skills, with assignments and projects to apply knowledge.",2.0,"['Foundational Knowledge', 'Problem Solving']",BHASKAR MITRA,"['ENGMATH101', 'DS102']",A,75.0,ELL,1.41,[],3.0
ELL303,Power Engineering-I,"Power Engineering-I introduces core concepts and practical techniques related to power engineering-i.
Students will learn theory and hands-on skills, with assignments and projects to apply knowledge.",3.0,"['Modeling & Simulation', 'Problem Solving', 'Engineering Analysis']",YASHASVI,"['ENGMATH101', 'DS102']",F,100.0,ELL,4.09,[],3.0
ELL312,Semiconductor Process Tech.,"Semiconductor Process Tech. introduces core concepts and practical techniques related to semiconductor process tech..
Students will learn theory and hands-on skills, with assignments and projects to apply knowledge.",3.0,"['Foundational Knowledge', 'Problem Solving']",MADHUSUDAN SINGH,"['ENGMATH101', 'DS102']",A,20.0,ELL,4.4,[],3.0
ELL319,Digital Signal Processing,"Digital Signal Processing introduces core concepts and practical techniques related to digital signal processing.
Students will learn theory and hands-on skills, with assignments and projects to apply knowledge.",3.0,"['Foundational Knowledge', 'Problem Solving']","LALAN KUMAR   , SESHAN SRIRANGARAJAN","['ENGMATH101', 'DS102']",E,60.0,ELL,3.4,[],3.0
ELL332,Electric Drives,"Electric Drives introduces core concepts and practical techniques related to electric drives.
Students will learn theory and hands-on skills, with assignments and projects to apply knowledge.",3.0,"['Foundational Knowledge', 'Problem Solving']",ANANDARUP DAS,"['ENGMATH101', 'DS102']",B,120.0,ELL,1.48,[],3.0
ELL365,Embedded Systems,"Embedded Systems introduces core concepts and practical techniques related to embedded systems.
Students will learn theory and hands-on skills, with assignments and projects to apply knowledge.",3.0,"['Programming', 'Software Design', 'Debugging', 'System Design']","TAPAN KUMAR GANDHI , KAUSHIK  SAHA , SUMANTRA DUTTA ROY","['ENGMATH101', 'DS102']",B,200.0,ELL,4.94,"['SDE', 'Software Engineer', 'Developer']",3.0
ELL400,Power Systems Protection,"Power Systems Protection introduces core concepts and practical techniques related to power systems protection.
Students will learn theory and hands-on skills, with assignments and projects to apply knowledge.",4.0,"['Programming', 'Software Design', 'Debugging', 'System Design']",ABHIJIT RAMCHANDRA  ABHYANKAR,"['ENGMATH101', 'DS102']",H,100.0,ELL,4.13,"['SDE', 'Software Engineer', 'Developer']",3.0
ELL409,Machine Intelligence & Learning,"Machine Intelligence & Learning introduces core concepts and practical techniques related to machine intelligence & learning.
Students will learn theory and hands-on skills, with assignments and projects to apply knowledge.",4.0,"['Statistics', 'Data Analysis', 'Model Evaluation', 'ML Basics']",SANDEEP KUMAR,"['ENGMATH101', 'DS102']",AB,60.0,ELL,2.39,"['DATA SCIENCE', 'ML ROLES', 'MLE ENGINEER']",3.0
ELL411,Digital Communications,"Digital Communications introduces core concepts and practical techniques related to digital communications.
Students will learn theory and hands-on skills, with assignments and projects to apply knowledge.",4.0,"['Foundational Knowledge', 'Problem Solving']","SHANKAR PRAKRIYA , AMOL CHOUDHARY","['ENGMATH101', 'DS102']",AB,60.0,ELL,2.71,[],3.0
ELL437,Switch Mode Power Conversion,"Switch Mode Power Conversion introduces core concepts and practical techniques related to switch mode power conversion.
Students will learn theory and hands-on skills, with assignments and projects to apply knowledge.",4.0,"['Foundational Knowledge', 'Problem Solving']",SUMIT KUMAR PRAMANICK,"['ENGMATH101', 'DS102']",K,25.0,ELL,2.48,[],3.0
ELL7017,Fiber-Optic Communication Systems,"Fiber-Optic Communication Systems introduces core concepts and practical techniques related to fiber-optic communication systems.
Students will learn theory and hands-on skills, with assignments and projects to apply knowledge.",7.0,"['Programming', 'Software Design', 'Debugging', 'System Design']",AMOL CHOUDHARY,"['ENGMATH101', 'DS102']",A,30.0,ELL,3.02,"['SDE', 'Software Engineer', 'Developer']",3.0
ELL702,Nonlinear Systems,"Nonlinear Systems introduces core concepts and practical techniques related to nonlinear systems.
Students will learn theory and hands-on skills, with assignments and projects to apply knowledge.",7.0,"['Programming', 'Software Design', 'Debugging', 'System Design']",DEEPAK UMAKANT PATIL,"['ENGMATH101', 'DS102']",AB,60.0,ELL,2.36,"['SDE', 'Software Engineer', 'Developer']",3.0
ELL703,Optimal Control Theory,"Optimal Control Theory introduces core concepts and practical techniques related to optimal control theory.
Students will learn theory and hands-on skills, with assignments and projects to apply knowledge.",7.0,"['Foundational Knowledge', 'Problem Solving']",SHAUNAK SEN,"['ENGMATH101', 'DS102']",A,60.0,ELL,4.4,[],3.0
ELL704,Advanced Robotics,"Advanced Robotics introduces core concepts and practical techniques related to advanced robotics.
Students will learn theory and hands-on skills, with assignments and projects to apply knowledge.",7.0,"['Foundational Knowledge', 'Problem Solving']",S. JANARDHANAN,"['ENGMATH101', 'DS102']",B,30.0,ELL,4.29,[],3.0
ELL7125,Control Of Robotic Systems,"Control Of Robotic Systems introduces core concepts and practical techniques related to control of robotic systems.
Students will learn theory and hands-on skills, with assignments and projects to apply knowledge.",7.0,"['Programming', 'Software Design', 'Debugging', 'System Design']",S. JANARDHANAN,"['ENGMATH101', 'DS102']",B,30.0,ELL,1.42,"['SDE', 'Software Engineer', 'Developer']",3.0
ELL717,Optical Communication Systems,"Optical Communication Systems introduces core concepts and practical techniques related to optical communication systems.
Students will learn theory and hands-on skills, with assignments and projects to apply knowledge.",7.0,"['Programming', 'Software Design', 'Debugging', 'System Design']",AMOL CHOUDHARY,"['ENGMATH101', 'DS102']",A,60.0,ELL,4.84,"['SDE', 'Software Engineer', 'Developer']",3.0
ELL720,Advanced Digital Signal Proces,"Advanced Digital Signal Proces introduces core concepts and practical techniques related to advanced digital signal proces.
Students will learn theory and hands-on skills, with assignments and projects to apply knowledge.",7.0,"['Foundational Knowledge', 'Problem Solving']",BREJESH LALL,"['ENGMATH101', 'DS102']",M,30.0,ELL,3.54,[],3.0
ELL725,Wireless Communications,"Wireless Communications introduces core concepts and practical techniques related to wireless communications.
Students will learn theory and hands-on skills, with assignments and projects to apply knowledge.",7.0,"['Foundational Knowledge', 'Problem Solving']",SWADES KUMAR DE,"['ENGMATH101', 'DS102']",J,60.0,ELL,4.31,[],3.0
ELL7283,Embedded Systems,"Embedded Systems introduces core concepts and practical techniques related to embedded systems.
Students will learn theory and hands-on skills, with assignments and projects to apply knowledge.",7.0,"['Programming', 'Software Design', 'Debugging', 'System Design']","KAUSHIK  SAHA , SUMANTRA DUTTA ROY , TAPAN KUMAR GANDHI","['ENGMATH101', 'DS102']",H,60.0,ELL,3.83,"['SDE', 'Software Engineer', 'Developer']",3.0
ELL7285,Machine Learning And Optimization,"Machine Learning And Optimization introduces core concepts and practical techniques related to machine learning and optimization.
Students will learn theory and hands-on skills, with assignments and projects to apply knowledge.",7.0,"['Statistics', 'Data Analysis', 'Model Evaluation', 'ML Basics']",JAYADEVA,"['ENGMATH101', 'DS102']",J,70.0,ELL,2.74,"['DATA SCIENCE', 'ML ROLES', 'MLE ENGINEER']",3.0
ELL7286,Introduction To Machine Learning,"Introduction To Machine Learning introduces core concepts and practical techniques related to introduction to machine learning.
Students will learn theory and hands-on skills, with assignments and projects to apply knowledge.",7.0,"['Statistics', 'Data Analysis', 'Model Evaluation', 'ML Basics']",SUMANTRA DUTTA ROY,"['ENGMATH101', 'DS102']",C,25.0,ELL,3.94,"['DATA SCIENCE', 'ML ROLES', 'MLE ENGINEER']",3.0
ELL730,I.C. Technology,"I.C. Technology introduces core concepts and practical techniques related to i.c. technology.
Students will learn theory and hands-on skills, with assignments and projects to apply knowledge.",7.0,"['Foundational Knowledge', 'Problem Solving']",MADHUSUDAN SINGH,"['ENGMATH101', 'DS102']",A,25.0,ELL,4.86,[],3.0
ELL7303,Semiconductor Device Technology,"Semiconductor Device Technology introduces core concepts and practical techniques related to semiconductor device technology.
Students will learn theory and hands-on skills, with assignments and projects to apply knowledge.",7.0,"['Foundational Knowledge', 'Problem Solving']",MADHUSUDAN SINGH,"['ENGMATH101', 'DS102']",A,25.0,ELL,2.08,[],3.0
ELL7305,Analog Ic Design,"Analog Ic Design introduces core concepts and practical techniques related to analog ic design.
Students will learn theory and hands-on skills, with assignments and projects to apply knowledge.",7.0,"['Modeling & Simulation', 'Problem Solving', 'Engineering Analysis']",MUKUL SARKAR,"['ENGMATH101', 'DS102']",B,50.0,ELL,4.23,[],3.0
ELL7308,Electronic Measurements,"Electronic Measurements introduces core concepts and practical techniques related to electronic measurements.
Students will learn theory and hands-on skills, with assignments and projects to apply knowledge.",7.0,"['Foundational Knowledge', 'Problem Solving']",SHOURIBRATA CHATTERJEE,"['ENGMATH101', 'DS102']",P,25.0,ELL,3.15,[],1.0
ELL731,Mixed Signal Circuit Design,"Mixed Signal Circuit Design introduces core concepts and practical techniques related to mixed signal circuit design.
Students will learn theory and hands-on skills, with assignments and projects to apply knowledge.",7.0,"['Modeling & Simulation', 'Problem Solving', 'Engineering Analysis']",RAKESH KUMAR PALANI,"['ENGMATH101', 'DS102']",AB,30.0,ELL,2.93,[],3.0
ELL7314,Vlsi Data Conversion Circuit Design,"Vlsi Data Conversion Circuit Design introduces core concepts and practical techniques related to vlsi data conversion circuit design.
Students will learn theory and hands-on skills, with assignments and projects to apply knowledge.",7.0,"['Modeling & Simulation', 'ML Basics', 'Model Evaluation', 'Engineering Analysis', 'Data Analysis', 'Statistics', 'Problem Solving']",RAKESH KUMAR PALANI,"['ENGMATH101', 'DS102']",AB,30.0,ELL,2.74,"['DATA SCIENCE', 'ML ROLES', 'MLE ENGINEER']",3.0
ELL7328,Applied Vlsi Design,"Applied Vlsi Design introduces core concepts and practical techniques related to applied vlsi design.
Students will learn theory and hands-on skills, with assignments and projects to apply knowledge.",7.0,"['Modeling & Simulation', 'Problem Solving', 'Engineering Analysis']",KAUSHIK SAHA,"['ENGMATH101', 'DS102']",C,60.0,ELL,3.92,[],3.0
ELL7349,Semiconductor Memory Design,"Semiconductor Memory Design introduces core concepts and practical techniques related to semiconductor memory design.
Students will learn theory and hands-on skills, with assignments and projects to apply knowledge.",7.0,"['Modeling & Simulation', 'Problem Solving', 'Engineering Analysis']",KAUSHIK SAHA,"['ENGMATH101', 'DS102']",M,30.0,ELL,2.07,[],3.0
ELL7355,Frequency Synthesizer Ic Design,"Frequency Synthesizer Ic Design introduces core concepts and practical techniques related to frequency synthesizer ic design.
Students will learn theory and hands-on skills, with assignments and projects to apply knowledge.",7.0,"['Modeling & Simulation', 'Problem Solving', 'Engineering Analysis']",MUSTAFIJUR RAHMAN,"['ENGMATH101', 'DS102']",AD,30.0,ELL,4.41,[],3.0
ELL738,Micro And Nano Photonics,"Micro And Nano Photonics introduces core concepts and practical techniques related to micro and nano photonics.
Students will learn theory and hands-on skills, with assignments and projects to apply knowledge.",7.0,"['Foundational Knowledge', 'Problem Solving']",ANUJ DHAWAN,"['ENGMATH101', 'DS102']",M,25.0,ELL,4.32,[],3.0
ELL7380,Micro- And Nano- Photonics,"Micro- And Nano- Photonics introduces core concepts and practical techniques related to micro- and nano- photonics.
Students will learn theory and hands-on skills, with assignments and projects to apply knowledge.",7.0,"['Foundational Knowledge', 'Problem Solving']",ANUJ DHAWAN,"['ENGMATH101', 'DS102']",M,25.0,ELL,1.35,[],3.0
ELL7411,Wireless Communications,"Wireless Communications introduces core concepts and practical techniques related to wireless communications.
Students will learn theory and hands-on skills, with assignments and projects to apply knowledge.",7.0,"['Foundational Knowledge', 'Problem Solving']",SWADES KUMAR DE,"['ENGMATH101', 'DS102']",J,30.0,ELL,4.53,[],3.0
ELL7420,Advanced Digital Signal Processing,"Advanced Digital Signal Processing introduces core concepts and practical techniques related to advanced digital signal processing.
Students will learn theory and hands-on skills, with assignments and projects to apply knowledge.",7.0,"['Foundational Knowledge', 'Problem Solving']",BREJESH LALL,"['ENGMATH101', 'DS102']",M,30.0,ELL,1.98,[],3.0
ELL7450,Machine Learning For Wireless Communications,"Machine Learning For Wireless Communications introduces core concepts and practical techniques related to machine learning for wireless communications.
Students will learn theory and hands-on skills, with assignments and projects to apply knowledge.",7.0,"['Statistics', 'Data Analysis', 'Model Evaluation', 'ML Basics']",GOURAB GHATAK,"['ENGMATH101', 'DS102']",F,50.0,ELL,2.86,"['DATA SCIENCE', 'ML ROLES', 'MLE ENGINEER']",3.0
ELL749,Semiconductor Memory Design,"Semiconductor Memory Design introduces core concepts and practical techniques related to semiconductor memory design.
Students will learn theory and hands-on skills, with assignments and projects to apply knowledge.",7.0,"['Modeling & Simulation', 'Problem Solving', 'Engineering Analysis']",KAUSHIK SAHA,"['ENGMATH101', 'DS102']",M,25.0,ELL,3.44,[],3.0
ELL7503,Electric Drive Systems,"Electric Drive Systems introduces core concepts and practical techniques related to electric drive systems.
Students will learn theory and hands-on skills, with assignments and projects to apply knowledge.",7.0,"['Programming', 'Software Design', 'Debugging', 'System Design']",KRISHAN KANT,"['ENGMATH101', 'DS102']",M,50.0,ELL,2.52,"['SDE', 'Software Engineer', 'Developer']",3.0
ELL7504,Digital Control Of Power Electronic Systems,"Digital Control Of Power Electronic Systems introduces core concepts and practical techniques related to digital control of power electronic systems.
Students will learn theory and hands-on skills, with assignments and projects to apply knowledge.",7.0,"['Programming', 'Software Design', 'Debugging', 'System Design']",SOUMYA  SHUBHRA NAG,"['ENGMATH101', 'DS102']",H,25.0,ELL,1.11,"['SDE', 'Software Engineer', 'Developer']",3.0
ELL7505,Electric Vehicle Systems,"Electric Vehicle Systems introduces core concepts and practical techniques related to electric vehicle systems.
Students will learn theory and hands-on skills, with assignments and projects to apply knowledge.",7.0,"['Programming', 'Software Design', 'Debugging', 'System Design']",AMIT KUMAR JAIN,"['ENGMATH101', 'DS102']",B,25.0,ELL,4.4,"['SDE', 'Software Engineer', 'Developer']",3.0
ELL7506,Switched-Mode Power Conversion,"Switched-Mode Power Conversion introduces core concepts and practical techniques related to switched-mode power conversion.
Students will learn theory and hands-on skills, with assignments and projects to apply knowledge.",7.0,"['Foundational Knowledge', 'Problem Solving']",SUMIT KUMAR PRAMANICK,"['ENGMATH101', 'DS102']",K,25.0,ELL,1.73,[],3.0
ELL7516,Computer Aided Design Of Electrical Machines,"Computer Aided Design Of Electrical Machines introduces core concepts and practical techniques related to computer aided design of electrical machines.
Students will learn theory and hands-on skills, with assignments and projects to apply knowledge.",7.0,"['Debugging', 'Modeling & Simulation', 'Software Design', 'ML Basics', 'Programming', 'Model Evaluation', 'Engineering Analysis', 'Data Analysis', 'Statistics', 'Problem Solving', 'System Design']",BHIM SINGH,"['ENGMATH101', 'DS102']",F,50.0,ELL,1.85,"['DATA SCIENCE', 'ML ROLES', 'MLE ENGINEER']",3.0
,Electrical Systems For Construction Industries,"Electrical Systems For Construction Industries introduces core concepts and practical techniques related to electrical systems for construction industries.
Students will learn theory and hands-on skills, with assignments and projects to apply knowledge.",,"['Programming', 'Software Design', 'Debugging', 'System Design']",MUMMADI VEERACHARY,[],B,25.0,,4.19,"['SDE', 'Software Engineer', 'Developer']",3.0
ELL7569,,"An elective course covering specialized topics.
Provides practical exposure and foundational concepts.",7.0,"['Foundational Knowledge', 'Problem Solving']",,"['ENGMATH101', 'DS102']",,,ELL,2.36,[],0.0
ELL760,Switched Mode Power Conversion,"Switched Mode Power Conversion introduces core concepts and practical techniques related to switched mode power conversion.
Students will learn theory and hands-on skills, with assignments and projects to apply knowledge.",7.0,"['Foundational Knowledge', 'Problem Solving']",SUMIT KUMAR PRAMANICK,"['ENGMATH101', 'DS102']",K,50.0,ELL,4.52,[],3.0
ELL7603,Elements Of Smart And Sustainable Power Systems,"Elements Of Smart And Sustainable Power Systems introduces core concepts and practical techniques related to elements of smart and sustainable power systems.
Students will learn theory and hands-on skills, with assignments and projects to apply knowledge.",7.0,"['Programming', 'Software Design', 'Debugging', 'System Design']","NILANJAN SENROY   , BIJAYA KETAN PANIGRAHI","['ENGMATH101', 'DS102']",F,30.0,ELL,3.8,"['SDE', 'Software Engineer', 'Developer']",3.0
ELL7604,Advanced Distribution System Analysis,"Advanced Distribution System Analysis introduces core concepts and practical techniques related to advanced distribution system analysis.
Students will learn theory and hands-on skills, with assignments and projects to apply knowledge.",7.0,"['Programming', 'Software Design', 'Debugging', 'System Design']",ANKIT SINGHAL,"['ENGMATH101', 'DS102']",A,30.0,ELL,2.11,"['SDE', 'Software Engineer', 'Developer']",3.0
ELL7605,Immersion Course For Industry Practices,"Immersion Course For Industry Practices introduces core concepts and practical techniques related to immersion course for industry practices.
Students will learn theory and hands-on skills, with assignments and projects to apply knowledge.",7.0,"['Foundational Knowledge', 'Problem Solving']",ABHIJIT RAMCHANDRA  ABHYANKAR,"['ENGMATH101', 'DS102']",M,30.0,ELL,1.04,[],2.0
ELL764,Electric Vehicles,"Electric Vehicles introduces core concepts and practical techniques related to electric vehicles.
Students will learn theory and hands-on skills, with assignments and projects to apply knowledge.",7.0,"['Foundational Knowledge', 'Problem Solving']",AMIT KUMAR JAIN,"['ENGMATH101', 'DS102']",B,30.0,ELL,4.79,[],3.0
ELL769,Electrical Systems For Construction Industries,"Electrical Systems For Construction Industries introduces core concepts and practical techniques related to electrical systems for construction industries.
Students will learn theory and hands-on skills, with assignments and projects to apply knowledge.",7.0,"['Programming', 'Software Design', 'Debugging', 'System Design']",MUMMADI VEERACHARY,"['ENGMATH101', 'DS102']",B,50.0,ELL,1.34,"['SDE', 'Software Engineer', 'Developer']",3.0
ELL784,Introduction To Machine Learni,"Introduction To Machine Learni introduces core concepts and practical techniques related to introduction to machine learni.
Students will learn theory and hands-on skills, with assignments and projects to apply knowledge.",7.0,"['Statistics', 'Data Analysis', 'Model Evaluation', 'ML Basics']",SUMANTRA DUTTA ROY,"['ENGMATH101', 'DS102']",C,50.0,ELL,3.88,"['DATA SCIENCE', 'ML ROLES', 'MLE ENGINEER']",3.0
ELL8014,Wireless Optical Communication,"Wireless Optical Communication introduces core concepts and practical techniques related to wireless optical communication.
Students will learn theory and hands-on skills, with assignments and projects to apply knowledge.",8.0,"['Foundational Knowledge', 'Problem Solving']",ABHISHEK DIXIT,"['ENGMATH101', 'DS102']",H,60.0,ELL,2.95,[],3.0
ELL8100,Nonlinear Control Systems,"Nonlinear Control Systems introduces core concepts and practical techniques related to nonlinear control systems.
Students will learn theory and hands-on skills, with assignments and projects to apply knowledge.",8.0,"['Programming', 'Software Design', 'Debugging', 'System Design']",DEEPAK UMAKANT PATIL,"['ENGMATH101', 'DS102']",AB,30.0,ELL,4.03,"['SDE', 'Software Engineer', 'Developer']",3.0
ELL8101,Learning-Based Control,"Learning-Based Control introduces core concepts and practical techniques related to learning-based control.
Students will learn theory and hands-on skills, with assignments and projects to apply knowledge.",8.0,"['Foundational Knowledge', 'Problem Solving']",SHUBHENDU BHASIN,"['ENGMATH101', 'DS102']",B,60.0,ELL,3.76,[],3.0
ELL8102,Optimal Control,"Optimal Control introduces core concepts and practical techniques related to optimal control.
Students will learn theory and hands-on skills, with assignments and projects to apply knowledge.",8.0,"['Foundational Knowledge', 'Problem Solving']",SHAUNAK SEN,"['ENGMATH101', 'DS102']",A,60.0,ELL,3.58,[],3.0
ELL814,Wireless Optical Communication,"Wireless Optical Communication introduces core concepts and practical techniques related to wireless optical communication.
Students will learn theory and hands-on skills, with assignments and projects to apply knowledge.",8.0,"['Foundational Knowledge', 'Problem Solving']",ABHISHEK DIXIT,"['ENGMATH101', 'DS102']",H,60.0,ELL,2.96,[],3.0
ELL8224,Information Visualization,"Information Visualization introduces core concepts and practical techniques related to information visualization.
Students will learn theory and hands-on skills, with assignments and projects to apply knowledge.",8.0,"['Foundational Knowledge', 'Problem Solving']",SOUGATA MUKHERJEA,"['ENGMATH101', 'DS102']",AC,25.0,ELL,4.17,[],3.0
ELL8284,Natural Language Processing,"Natural Language Processing introduces core concepts and practical techniques related to natural language processing.
Students will learn theory and hands-on skills, with assignments and projects to apply knowledge.",8.0,"['Foundational Knowledge', 'Problem Solving']",TANMOY CHAKRABORTY,"['ENGMATH101', 'DS102']",AA,50.0,ELL,1.37,[],3.0
ELL8287,Cloud Computing,"Cloud Computing introduces core concepts and practical techniques related to cloud computing.
Students will learn theory and hands-on skills, with assignments and projects to apply knowledge.",8.0,"['Foundational Knowledge', 'Problem Solving']",SOUGATA MUKHERJEA,"['ENGMATH101', 'DS102']",AB,25.0,ELL,1.89,[],3.0
ELL830,Issues In Deep Submicron Vlsi,"Issues In Deep Submicron Vlsi introduces core concepts and practical techniques related to issues in deep submicron vlsi.
Students will learn theory and hands-on skills, with assignments and projects to apply knowledge.",8.0,"['Statistics', 'Data Analysis', 'Model Evaluation', 'ML Basics']",MUKUL SARKAR,"['ENGMATH101', 'DS102']",B,50.0,ELL,3.77,"['DATA SCIENCE', 'ML ROLES', 'MLE ENGINEER']",3.0
ELL834,Selected Topics In Iec-Ii,"Selected Topics In Iec-Ii introduces core concepts and practical techniques related to selected topics in iec-ii.
Students will learn theory and hands-on skills, with assignments and projects to apply knowledge.",8.0,"['Foundational Knowledge', 'Problem Solving']",MUSTAFIJUR RAHMAN,"['ENGMATH101', 'DS102']",AD,30.0,ELL,2.22,[],3.0
ELL850,Digital Control Of Power Elect,"Digital Control Of Power Elect introduces core concepts and practical techniques related to digital control of power elect.
Students will learn theory and hands-on skills, with assignments and projects to apply knowledge.",8.0,"['Foundational Knowledge', 'Problem Solving']",SOUMYA  SHUBHRA NAG,"['ENGMATH101', 'DS102']",H,30.0,ELL,3.33,[],3.0
ELL880,Special Topics In Computers 1,"Special Topics In Computers 1 introduces core concepts and practical techniques related to special topics in computers 1.
Students will learn theory and hands-on skills, with assignments and projects to apply knowledge.",8.0,"['Programming', 'Software Design', 'Debugging', 'System Design']",SOUGATA MUKHERJEA,"['ENGMATH101', 'DS102']",AC,60.0,ELL,2.89,[],3.0
ELL884,Deep Learning For Natural Language Processing,"Deep Learning For Natural Language Processing introduces core concepts and practical techniques related to deep learning for natural language processing.
Students will learn theory and hands-on skills, with assignments and projects to apply knowledge.",8.0,"['Statistics', 'Data Analysis', 'Model Evaluation', 'ML Basics']",TANMOY CHAKRABORTY,"['ENGMATH101', 'DS102']",AA,50.0,ELL,3.12,"['DATA SCIENCE', 'ML ROLES', 'MLE ENGINEER']",3.0
ELL887,Cloud Computing,"Cloud Computing introduces core concepts and practical techniques related to cloud computing.
Students will learn theory and hands-on skills, with assignments and projects to apply knowledge.",8.0,"['Foundational Knowledge', 'Problem Solving']",SOUGATA MUKHERJEA,"['ENGMATH101', 'DS102']",AB,30.0,ELL,2.7,[],3.0
ELN7001,Teaching And Research Practicum,"Teaching And Research Practicum introduces core concepts and practical techniques related to teaching and research practicum.
Students will learn theory and hands-on skills, with assignments and projects to apply knowledge.",7.0,"['Technical Writing', 'Project Management', 'Research']",SUBASHISH DATTA,[],P,200.0,ELN,3.98,[],0.0
ELP203,Electromechanics Laboratory,"Electromechanics Laboratory introduces core concepts and practical techniques related to electromechanics laboratory.
Students will learn theory and hands-on skills, with assignments and projects to apply knowledge.",2.0,"['Modeling & Simulation', 'Problem Solving', 'Engineering Analysis']","SUMIT KUMAR PRAMANICK , SOUMYA  SHUBHRA NAG , KRISHAN KANT",[],F,230.0,ELP,2.32,[],0.0
ELP302,Power Electronics Laboratory,"Power Electronics Laboratory introduces core concepts and practical techniques related to power electronics laboratory.
Students will learn theory and hands-on skills, with assignments and projects to apply knowledge.",3.0,"['Foundational Knowledge', 'Problem Solving']","ANANDARUP DAS   , KRISHAN KANT , MUMMADI VEERACHARY",[],D,200.0,ELP,3.81,[],0.0
ELP305,Design And System Laboratory,"Design And System Laboratory introduces core concepts and practical techniques related to design and system laboratory.
Students will learn theory and hands-on skills, with assignments and projects to apply knowledge.",3.0,"['Debugging', 'Modeling & Simulation', 'Software Design', 'Programming', 'Engineering Analysis', 'Problem Solving', 'System Design']",SUBRAT KAR,[],E,350.0,ELP,2.08,"['SDE', 'Software Engineer', 'Developer']",0.0
ELP311,Communication Engineering Lab.,"Communication Engineering Lab. introduces core concepts and practical techniques related to communication engineering lab..
Students will learn theory and hands-on skills, with assignments and projects to apply knowledge.",3.0,"['Modeling & Simulation', 'Problem Solving', 'Engineering Analysis']","DEBIDAS KUNDU , BREJESH LALL , SWADES KUMAR DE   , AMARTANSH DUBEY",[],C,200.0,ELP,2.01,[],0.0
ELP720,Telecommunication Networks Laboratory,"Telecommunication Networks Laboratory introduces core concepts and practical techniques related to telecommunication networks laboratory.
Students will learn theory and hands-on skills, with assignments and projects to apply knowledge.",7.0,"['Programming', 'Software Design', 'Debugging', 'System Design']",SUBRAT KAR,[],P,30.0,ELP,1.48,"['SDE', 'Software Engineer', 'Developer']",0.0
ELP7342,On-Wafer Device Characterization Laboratory.,"On-Wafer Device Characterization Laboratory. introduces core concepts and practical techniques related to on-wafer device characterization laboratory..
Students will learn theory and hands-on skills, with assignments and projects to apply knowledge.",7.0,"['Foundational Knowledge', 'Problem Solving']",ABHISEK DIXIT,[],P,10.0,ELP,1.77,[],0.0
ELP736,Physical Design Laboratory,"Physical Design Laboratory introduces core concepts and practical techniques related to physical design laboratory.
Students will learn theory and hands-on skills, with assignments and projects to apply knowledge.",7.0,"['Modeling & Simulation', 'Problem Solving', 'Engineering Analysis']","KAUSHIK SAHA , JAYADEVA",[],P,20.0,ELP,1.48,[],0.0
ELP740,On-Wafer Device Characterization Laboratory,"On-Wafer Device Characterization Laboratory introduces core concepts and practical techniques related to on-wafer device characterization laboratory.
Students will learn theory and hands-on skills, with assignments and projects to apply knowledge.",7.0,"['Foundational Knowledge', 'Problem Solving']",ABHISEK DIXIT,[],P,10.0,ELP,3.14,[],0.0
ELP7420,Telecommunication Networks Laboratory,"Telecommunication Networks Laboratory introduces core concepts and practical techniques related to telecommunication networks laboratory.
Students will learn theory and hands-on skills, with assignments and projects to apply knowledge.",7.0,"['Programming', 'Software Design', 'Debugging', 'System Design']",SUBRAT KAR,[],P,30.0,ELP,4.05,"['SDE', 'Software Engineer', 'Developer']",0.0
ELP7503,Electric Vehicle And Drives Laboratory,"Electric Vehicle And Drives Laboratory introduces core concepts and practical techniques related to electric vehicle and drives laboratory.
Students will learn theory and hands-on skills, with assignments and projects to apply knowledge.",7.0,"['Foundational Knowledge', 'Problem Solving']",AMIT KUMAR JAIN,[],P,30.0,ELP,1.74,[],0.0
ELP7504,Digital Control Of Power Converters Lab,"Digital Control Of Power Converters Lab introduces core concepts and practical techniques related to digital control of power converters lab.
Students will learn theory and hands-on skills, with assignments and projects to apply knowledge.",7.0,"['Foundational Knowledge', 'Problem Solving']",SOUMYA  SHUBHRA NAG,[],P,20.0,ELP,1.87,[],0.0
ELP7601,"Power System Dynamics, Operation And Control Lab","Power System Dynamics, Operation And Control Lab introduces core concepts and practical techniques related to power system dynamics, operation and control lab.
Students will learn theory and hands-on skills, with assignments and projects to apply knowledge.",7.0,"['Debugging', 'Modeling & Simulation', 'Software Design', 'Programming', 'Engineering Analysis', 'Problem Solving', 'System Design']",NILANJAN SENROY,[],P,30.0,ELP,2.94,"['SDE', 'Software Engineer', 'Developer']",0.0
ELP7602,Smart Grid Laboratory,"Smart Grid Laboratory introduces core concepts and practical techniques related to smart grid laboratory.
Students will learn theory and hands-on skills, with assignments and projects to apply knowledge.",7.0,"['Foundational Knowledge', 'Problem Solving']",BIJAYA KETAN PANIGRAHI,[],P,30.0,ELP,3.9,[],0.0
ELP801,Advanced Control Laboratory,"Advanced Control Laboratory introduces core concepts and practical techniques related to advanced control laboratory.
Students will learn theory and hands-on skills, with assignments and projects to apply knowledge.",8.0,"['Foundational Knowledge', 'Problem Solving']",SHAUNAK SEN,[],P,15.0,ELP,4.91,[],0.0
ELP8100,Systems Learning &Amp; Control Laboratory,"Systems Learning &Amp; Control Laboratory introduces core concepts and practical techniques related to systems learning &amp; control laboratory.
Students will learn theory and hands-on skills, with assignments and projects to apply knowledge.",8.0,"['Programming', 'Software Design', 'Debugging', 'System Design']",SHAUNAK SEN,[],P,15.0,ELP,3.1,"['SDE', 'Software Engineer', 'Developer']",0.0
ELP832,Iec Laboratory-Ii,"Iec Laboratory-Ii introduces core concepts and practical techniques related to iec laboratory-ii.
Students will learn theory and hands-on skills, with assignments and projects to apply knowledge.",8.0,"['Foundational Knowledge', 'Problem Solving']",JAYADEVA,[],P,25.0,ELP,2.13,[],0.0
ELP853,Dsp Based Control Of Power Ele,"Dsp Based Control Of Power Ele introduces core concepts and practical techniques related to dsp based control of power ele.
Students will learn theory and hands-on skills, with assignments and projects to apply knowledge.",8.0,"['Foundational Knowledge', 'Problem Solving']",SOUMYA  SHUBHRA NAG,[],P,30.0,ELP,1.4,[],0.0
ELQ301,Seminar Course - I,"Seminar Course - I introduces core concepts and practical techniques related to seminar course - i.
Students will learn theory and hands-on skills, with assignments and projects to apply knowledge.",3.0,"['Technical Writing', 'Project Management', 'Research']",ANKESH JAIN,[],X,246.0,ELQ,1.78,[],0.0
ELS310,Independent Study (Ee1),"Independent Study (Ee1) introduces core concepts and practical techniques related to independent study (ee1).
Students will learn theory and hands-on skills, with assignments and projects to apply knowledge.",3.0,"['Foundational Knowledge', 'Problem Solving']",ANKESH JAIN,[],X,30.0,ELS,1.91,[],0.0
ELS330,Independent Study (Ee3),"Independent Study (Ee3) introduces core concepts and practical techniques related to independent study (ee3).
Students will learn theory and hands-on skills, with assignments and projects to apply knowledge.",3.0,"['Foundational Knowledge', 'Problem Solving']",ANKESH JAIN,[],X,30.0,ELS,1.72,[],0.0
JOL7093,Selected Topics - 1,"Selected Topics - 1 introduces core concepts and practical techniques related to selected topics - 1.
Students will learn theory and hands-on skills, with assignments and projects to apply knowledge.",7.0,"['Foundational Knowledge', 'Problem Solving']",VIVEK    VENKATARAMAN,[],AA,30.0,JOL,1.06,[],3.0
JOL793,Selected Topics-I,"Selected Topics-I introduces core concepts and practical techniques related to selected topics-i.
Students will learn theory and hands-on skills, with assignments and projects to apply knowledge.",7.0,"['Foundational Knowledge', 'Problem Solving']",VIVEK    VENKATARAMAN,[],AA,30.0,JOL,3.14,[],3.0
JOP792,Fiber Optics And Optical Communication Lab.Ii,"Fiber Optics And Optical Communication Lab.Ii introduces core concepts and practical techniques related to fiber optics and optical communication lab.ii.
Students will learn theory and hands-on skills, with assignments and projects to apply knowledge.",7.0,"['Foundational Knowledge', 'Problem Solving']","VIVEK    VENKATARAMAN , ABHISHEK DIXIT",[],P,60.0,JOP,2.1,[],0.0
JVD811,Major Project Part-I,"Major Project Part-I introduces core concepts and practical techniques related to major project part-i.
Students will learn theory and hands-on skills, with assignments and projects to apply knowledge.",8.0,"['Technical Writing', 'Project Management', 'Research']",ANKESH JAIN,[],P,20.0,JVD,4.9,[],0.0
JVD812,Major Project Part-Ii,"Major Project Part-Ii introduces core concepts and practical techniques related to major project part-ii.
Students will learn theory and hands-on skills, with assignments and projects to apply knowledge.",8.0,"['Technical Writing', 'Project Management', 'Research']",ANKESH JAIN,[],P,20.0,JVD,3.21,[],0.0
JVD895,Ms Research Project,"Ms Research Project introduces core concepts and practical techniques related to ms research project.
Students will learn theory and hands-on skills, with assignments and projects to apply knowledge.",8.0,"['Technical Writing', 'Project Management', 'Research']",ANKESH JAIN,[],X,10.0,JVD,3.79,[],0.0
HSD5001,Ma Research Project Part - I,"Ma Research Project Part - I introduces core concepts and practical techniques related to ma research project part - i.
Students will learn theory and hands-on skills, with assignments and projects to apply knowledge.",5.0,"['Technical Writing', 'Project Management', 'Research']",ARUDRA VENKATA BURRA,[],X,30.0,HSD,1.51,[],0.0
HSD5067,Cornerstone Project,"Cornerstone Project introduces core concepts and practical techniques related to cornerstone project.
Students will learn theory and hands-on skills, with assignments and projects to apply knowledge.",5.0,"['Technical Writing', 'Project Management', 'Research']",SUMITAVA MUKHERJEE,[],X,30.0,HSD,4.47,[],0.0
HSD622,Cognitive Science Project Ii,"Cognitive Science Project Ii introduces core concepts and practical techniques related to cognitive science project ii.
Students will learn theory and hands-on skills, with assignments and projects to apply knowledge.",6.0,"['Technical Writing', 'Project Management', 'Research']",SUMITASH JANA,[],X,30.0,HSD,2.96,[],0.0
HSD692,Research Project Part - Iii,"Research Project Part - Iii introduces core concepts and practical techniques related to research project part - iii.
Students will learn theory and hands-on skills, with assignments and projects to apply knowledge.",6.0,"['Technical Writing', 'Project Management', 'Research']",ARUDRA VENKATA BURRA,[],X,30.0,HSD,4.49,[],0.0
HSD700,Seminar (Case Material-Based)Minor Project,"Seminar (Case Material-Based)Minor Project introduces core concepts and practical techniques related to seminar (case material-based)minor project.
Students will learn theory and hands-on skills, with assignments and projects to apply knowledge.",7.0,"['Modeling & Simulation', 'Engineering Analysis', 'Technical Writing', 'Project Management', 'Problem Solving', 'Research']",SAHIINII LEMAINA VEIKHO,[],X,30.0,HSD,3.3,[],0.0
HSD8200,Minor Project In Humanities And Social Sciences,"Minor Project In Humanities And Social Sciences introduces core concepts and practical techniques related to minor project in humanities and social sciences.
Students will learn theory and hands-on skills, with assignments and projects to apply knowledge.",8.0,"['Technical Writing', 'Project Management', 'Research']",SAHIINII LEMAINA VEIKHO,[],X,30.0,HSD,2.88,[],0.0
HSL5004,Contemporary Social Theory,"Contemporary Social Theory introduces core concepts and practical techniques related to contemporary social theory.
Students will learn theory and hands-on skills, with assignments and projects to apply knowledge.",5.0,"['Foundational Knowledge', 'Problem Solving']",SARBESWAR SAHOO,"['ENGMATH101', 'DS102']",B,30.0,HSL,2.76,[],3.0
HSL5006,Political Thought,"Political Thought introduces core concepts and practical techniques related to political thought.
Students will learn theory and hands-on skills, with assignments and projects to apply knowledge.",5.0,"['Foundational Knowledge', 'Problem Solving']",SANIL V.,"['ENGMATH101', 'DS102']",AB,30.0,HSL,1.74,[],3.0
HSL5065,Language Computations And Mental Architecture,"Language Computations And Mental Architecture introduces core concepts and practical techniques related to language computations and mental architecture.
Students will learn theory and hands-on skills, with assignments and projects to apply knowledge.",5.0,"['Foundational Knowledge', 'Problem Solving']",PRITHA CHANDRA,"['ENGMATH101', 'DS102']",B,30.0,HSL,1.21,[],3.0
HSL5066,Cognitive Neuroscience,"Cognitive Neuroscience introduces core concepts and practical techniques related to cognitive neuroscience.
Students will learn theory and hands-on skills, with assignments and projects to apply knowledge.",5.0,"['Foundational Knowledge', 'Problem Solving']",SUMITASH JANA,"['ENGMATH101', 'DS102']",AA,30.0,HSL,4.76,[],3.0
HSL574,Dimensions Of Language,"Dimensions Of Language introduces core concepts and practical techniques related to dimensions of language.
Students will learn theory and hands-on skills, with assignments and projects to apply knowledge.",5.0,"['Foundational Knowledge', 'Problem Solving']",DIVYA DWIVEDI,"['ENGMATH101', 'DS102']",AA,30.0,HSL,2.91,[],2.0
HSL581,Archival Methods,"Archival Methods introduces core concepts and practical techniques related to archival methods.
Students will learn theory and hands-on skills, with assignments and projects to apply knowledge.",5.0,"['Foundational Knowledge', 'Problem Solving']",ARUDRA VENKATA BURRA,"['ENGMATH101', 'DS102']",X,30.0,HSL,4.29,[],1.0
HSL6011,Microeconomics Ii,"Microeconomics Ii introduces core concepts and practical techniques related to microeconomics ii.
Students will learn theory and hands-on skills, with assignments and projects to apply knowledge.",6.0,"['Foundational Knowledge', 'Problem Solving']",ABHIJIT BANERJI,"['ENGMATH101', 'DS102']",AC,30.0,HSL,2.6,[],3.0
HSL6012,Macroeconomics Ii,"Macroeconomics Ii introduces core concepts and practical techniques related to macroeconomics ii.
Students will learn theory and hands-on skills, with assignments and projects to apply knowledge.",6.0,"['Foundational Knowledge', 'Problem Solving']",DEBASIS MONDAL,"['ENGMATH101', 'DS102']",B,40.0,HSL,1.3,[],3.0
HSL6013,Econometrics,"Econometrics introduces core concepts and practical techniques related to econometrics.
Students will learn theory and hands-on skills, with assignments and projects to apply knowledge.",6.0,"['Foundational Knowledge', 'Problem Solving']",ANKUSH AGRAWAL,"['ENGMATH101', 'DS102']",AB,40.0,HSL,3.52,[],3.0
HSL6014,Development Economics,"Development Economics introduces core concepts and practical techniques related to development economics.
Students will learn theory and hands-on skills, with assignments and projects to apply knowledge.",6.0,"['Programming', 'Software Design', 'Debugging', 'System Design']",REETIKA  SUBHASH KHERA,"['ENGMATH101', 'DS102']",J,30.0,HSL,1.21,"['SDE', 'Software Engineer', 'Developer']",3.0
HSL6204,Ideas Of Freedom,"Ideas Of Freedom introduces core concepts and practical techniques related to ideas of freedom.
Students will learn theory and hands-on skills, with assignments and projects to apply knowledge.",6.0,"['Foundational Knowledge', 'Problem Solving']",BHARATI PURI,"['ENGMATH101', 'DS102']",X,30.0,HSL,1.6,[],3.0
HSL633,The Lyric Poet In Modernity,"The Lyric Poet In Modernity introduces core concepts and practical techniques related to the lyric poet in modernity.
Students will learn theory and hands-on skills, with assignments and projects to apply knowledge.",6.0,"['Foundational Knowledge', 'Problem Solving']",MILIND WAKANKAR,"['ENGMATH101', 'DS102']",J,30.0,HSL,3.25,[],3.0
HSL6450,Lyric Poetry,"Lyric Poetry introduces core concepts and practical techniques related to lyric poetry.
Students will learn theory and hands-on skills, with assignments and projects to apply knowledge.",6.0,"['Foundational Knowledge', 'Problem Solving']",MILIND WAKANKAR,"['ENGMATH101', 'DS102']",J,30.0,HSL,2.22,[],3.0
HSL6510,Philosophy Of Mind And Cognition,"Philosophy Of Mind And Cognition introduces core concepts and practical techniques related to philosophy of mind and cognition.
Students will learn theory and hands-on skills, with assignments and projects to apply knowledge.",6.0,"['Foundational Knowledge', 'Problem Solving']",DON WALLACE FREEMAN DCRUZ,"['ENGMATH101', 'DS102']",AD,60.0,HSL,4.98,[],3.0
HSL654,Ideas Of Freedom,"Ideas Of Freedom introduces core concepts and practical techniques related to ideas of freedom.
Students will learn theory and hands-on skills, with assignments and projects to apply knowledge.",6.0,"['Foundational Knowledge', 'Problem Solving']",BHARATI PURI,"['ENGMATH101', 'DS102']",X,30.0,HSL,1.47,[],3.0
HSL6684,Gender And Sexuality,"Gender And Sexuality introduces core concepts and practical techniques related to gender and sexuality.
Students will learn theory and hands-on skills, with assignments and projects to apply knowledge.",6.0,"['Foundational Knowledge', 'Problem Solving']",SIMONA SAWHNEY,"['ENGMATH101', 'DS102']",AD,30.0,HSL,4.06,[],3.0
HSL6690,Anthropocene And Its Discontents,"Anthropocene And Its Discontents introduces core concepts and practical techniques related to anthropocene and its discontents.
Students will learn theory and hands-on skills, with assignments and projects to apply knowledge.",6.0,"['Foundational Knowledge', 'Problem Solving']",RICHA KUMAR,"['ENGMATH101', 'DS102']",X,30.0,HSL,3.43,[],3.0
HSL684,Queering Gender And Sexuality: Debates And Issues From India,"Queering Gender And Sexuality: Debates And Issues From India introduces core concepts and practical techniques related to queering gender and sexuality: debates and issues from india.
Students will learn theory and hands-on skills, with assignments and projects to apply knowledge.",6.0,"['Foundational Knowledge', 'Problem Solving']",SIMONA SAWHNEY,"['ENGMATH101', 'DS102']",AD,30.0,HSL,4.16,[],3.0
HSL690,Anthropocene And Its Discontents,"Anthropocene And Its Discontents introduces core concepts and practical techniques related to anthropocene and its discontents.
Students will learn theory and hands-on skills, with assignments and projects to apply knowledge.",6.0,"['Foundational Knowledge', 'Problem Solving']",RICHA KUMAR,"['ENGMATH101', 'DS102']",X,30.0,HSL,1.9,[],3.0
HSL706,Stratification Economics,"Stratification Economics introduces core concepts and practical techniques related to stratification economics.
Students will learn theory and hands-on skills, with assignments and projects to apply knowledge.",7.0,"['Foundational Knowledge', 'Problem Solving']",ISHAN ANAND,"['ENGMATH101', 'DS102']",X,30.0,HSL,3.09,[],3.0
HSL7118,Stratification Economics,"Stratification Economics introduces core concepts and practical techniques related to stratification economics.
Students will learn theory and hands-on skills, with assignments and projects to apply knowledge.",7.0,"['Foundational Knowledge', 'Problem Solving']",ISHAN ANAND,"['ENGMATH101', 'DS102']",X,30.0,HSL,2.8,[],3.0
HSL7120,Advanced Econometrics,"Advanced Econometrics introduces core concepts and practical techniques related to advanced econometrics.
Students will learn theory and hands-on skills, with assignments and projects to apply knowledge.",7.0,"['Foundational Knowledge', 'Problem Solving']",SISIR DEBNATH,"['ENGMATH101', 'DS102']",M,60.0,HSL,2.77,[],3.0
HSL719,Advanced Econometrics,"Advanced Econometrics introduces core concepts and practical techniques related to advanced econometrics.
Students will learn theory and hands-on skills, with assignments and projects to apply knowledge.",7.0,"['Foundational Knowledge', 'Problem Solving']",SISIR DEBNATH,"['ENGMATH101', 'DS102']",M,60.0,HSL,4.44,[],3.0
HSL7201,Historical Concepts And Methods,"Historical Concepts And Methods introduces core concepts and practical techniques related to historical concepts and methods.
Students will learn theory and hands-on skills, with assignments and projects to apply knowledge.",7.0,"['Foundational Knowledge', 'Problem Solving']",SUNNY KUMAR,"['ENGMATH101', 'DS102']",X,15.0,HSL,4.96,[],3.0
HSL7435,"Critical Caste Studies: Culture, Society, And Thought","Critical Caste Studies: Culture, Society, And Thought introduces core concepts and practical techniques related to critical caste studies: culture, society, and thought.
Students will learn theory and hands-on skills, with assignments and projects to apply knowledge.",7.0,"['Foundational Knowledge', 'Problem Solving']",DICKENS LEONARD M,"['ENGMATH101', 'DS102']",X,30.0,HSL,2.22,[],3.0
HSL748,Natural Language Understanding,"Natural Language Understanding introduces core concepts and practical techniques related to natural language understanding.
Students will learn theory and hands-on skills, with assignments and projects to apply knowledge.",7.0,"['Foundational Knowledge', 'Problem Solving']",ASHWINI J VAIDYA,"['ENGMATH101', 'DS102']",F,30.0,HSL,3.48,[],3.0
HSL7500,Critical Reading In Philosophical Texts,"Critical Reading In Philosophical Texts introduces core concepts and practical techniques related to critical reading in philosophical texts.
Students will learn theory and hands-on skills, with assignments and projects to apply knowledge.",7.0,"['Foundational Knowledge', 'Problem Solving']",ARUDRA VENKATA BURRA,"['ENGMATH101', 'DS102']",X,30.0,HSL,3.44,[],3.0
HSL751,Critical Reading In Philosophical Texts,"Critical Reading In Philosophical Texts introduces core concepts and practical techniques related to critical reading in philosophical texts.
Students will learn theory and hands-on skills, with assignments and projects to apply knowledge.",7.0,"['Foundational Knowledge', 'Problem Solving']",ARUDRA VENKATA BURRA,"['ENGMATH101', 'DS102']",X,30.0,HSL,3.96,[],3.0
HSL755,Fascism: Philosophicalperspectives,"Fascism: Philosophicalperspectives introduces core concepts and practical techniques related to fascism: philosophicalperspectives.
Students will learn theory and hands-on skills, with assignments and projects to apply knowledge.",7.0,"['Foundational Knowledge', 'Problem Solving']",SANIL V.,"['ENGMATH101', 'DS102']",X,30.0,HSL,4.79,[],3.0
HSL7555,Fascism:Philosophical Perspectives,"Fascism:Philosophical Perspectives introduces core concepts and practical techniques related to fascism:philosophical perspectives.
Students will learn theory and hands-on skills, with assignments and projects to apply knowledge.",7.0,"['Foundational Knowledge', 'Problem Solving']",SANIL V.,"['ENGMATH101', 'DS102']",X,30.0,HSL,1.83,[],3.0
HSL7611,Anthropology Of Disability,"Anthropology Of Disability introduces core concepts and practical techniques related to anthropology of disability.
Students will learn theory and hands-on skills, with assignments and projects to apply knowledge.",7.0,"['Foundational Knowledge', 'Problem Solving']",VINAY SUHALKA,"['ENGMATH101', 'DS102']",AA,30.0,HSL,1.84,[],3.0
HSL764,Psychological Interventions,"Psychological Interventions introduces core concepts and practical techniques related to psychological interventions.
Students will learn theory and hands-on skills, with assignments and projects to apply knowledge.",7.0,"['Foundational Knowledge', 'Problem Solving']",KAMLESH SINGH,"['ENGMATH101', 'DS102']",X,30.0,HSL,3.64,[],3.0
HSL7641,Psychological Interventions,"Psychological Interventions introduces core concepts and practical techniques related to psychological interventions.
Students will learn theory and hands-on skills, with assignments and projects to apply knowledge.",7.0,"['Foundational Knowledge', 'Problem Solving']",KAMLESH SINGH,"['ENGMATH101', 'DS102']",X,30.0,HSL,1.63,[],2.0
HSL7676,Affective Science,"Affective Science introduces core concepts and practical techniques related to affective science.
Students will learn theory and hands-on skills, with assignments and projects to apply knowledge.",7.0,"['Foundational Knowledge', 'Problem Solving']",VARSHA SINGH,"['ENGMATH101', 'DS102']",B,30.0,HSL,1.7,[],3.0
HSL7702,Computational Linguistics,"Computational Linguistics introduces core concepts and practical techniques related to computational linguistics.
Students will learn theory and hands-on skills, with assignments and projects to apply knowledge.",7.0,"['Foundational Knowledge', 'Problem Solving']",ASHWINI J VAIDYA,"['ENGMATH101', 'DS102']",F,30.0,HSL,1.3,[],3.0
HSL7703,Data-Driven Analysis And Tools For Linguistic Research,"Data-Driven Analysis And Tools For Linguistic Research introduces core concepts and practical techniques related to data-driven analysis and tools for linguistic research.
Students will learn theory and hands-on skills, with assignments and projects to apply knowledge.",7.0,"['ML Basics', 'Model Evaluation', 'Technical Writing', 'Project Management', 'Data Analysis', 'Statistics', 'Research']",SAHIINII LEMAINA VEIKHO,"['ENGMATH101', 'DS102']",M,30.0,HSL,1.01,"['DATA SCIENCE', 'ML ROLES', 'MLE ENGINEER']",2.0
HSL7901,Computational Cognition,"Computational Cognition introduces core concepts and practical techniques related to computational cognition.
Students will learn theory and hands-on skills, with assignments and projects to apply knowledge.",7.0,"['Foundational Knowledge', 'Problem Solving']",SUMEET AGARWAL,"['ENGMATH101', 'DS102']",AB,30.0,HSL,2.8,[],3.0
HSL7910,Human Learning,"Human Learning introduces core concepts and practical techniques related to human learning.
Students will learn theory and hands-on skills, with assignments and projects to apply knowledge.",7.0,"['Foundational Knowledge', 'Problem Solving']",SAMAR HUSAIN,"['ENGMATH101', 'DS102']",AC,30.0,HSL,3.38,[],3.0
HSL7911,Principles Of Cognitive Neuroscience,"Principles Of Cognitive Neuroscience introduces core concepts and practical techniques related to principles of cognitive neuroscience.
Students will learn theory and hands-on skills, with assignments and projects to apply knowledge.",7.0,"['Foundational Knowledge', 'Problem Solving']",SUMITASH JANA,"['ENGMATH101', 'DS102']",AA,30.0,HSL,2.17,[],3.0
HSL8103,Research Methods In Economics,"Research Methods In Economics introduces core concepts and practical techniques related to research methods in economics.
Students will learn theory and hands-on skills, with assignments and projects to apply knowledge.",8.0,"['Technical Writing', 'Project Management', 'Research']",REETIKA  SUBHASH KHERA,"['ENGMATH101', 'DS102']",X,30.0,HSL,1.93,[],1.0
HSL834,Literature And The City,"Literature And The City introduces core concepts and practical techniques related to literature and the city.
Students will learn theory and hands-on skills, with assignments and projects to apply knowledge.",8.0,"['Foundational Knowledge', 'Problem Solving']",STUTI KHANNA,"['ENGMATH101', 'DS102']",X,30.0,HSL,3.83,[],3.0
HSL8434,Literature And The City,"Literature And The City introduces core concepts and practical techniques related to literature and the city.
Students will learn theory and hands-on skills, with assignments and projects to apply knowledge.",8.0,"['Foundational Knowledge', 'Problem Solving']",STUTI KHANNA,"['ENGMATH101', 'DS102']",X,30.0,HSL,3.81,[],3.0
HSL8501,Buddhist Philosophy,"Buddhist Philosophy introduces core concepts and practical techniques related to buddhist philosophy.
Students will learn theory and hands-on skills, with assignments and projects to apply knowledge.",8.0,"['Foundational Knowledge', 'Problem Solving']",BHARATI PURI,"['ENGMATH101', 'DS102']",X,30.0,HSL,2.82,[],3.0
HSL8708,Advanced Topics In Psychology,"Advanced Topics In Psychology introduces core concepts and practical techniques related to advanced topics in psychology.
Students will learn theory and hands-on skills, with assignments and projects to apply knowledge.",8.0,"['Foundational Knowledge', 'Problem Solving']",YASHPAL ASHOKRAO JOGDAND,"['ENGMATH101', 'DS102']",X,30.0,HSL,3.75,[],3.0
HSL8901,Approaches In Science And Technology Studies,"Approaches In Science And Technology Studies introduces core concepts and practical techniques related to approaches in science and technology studies.
Students will learn theory and hands-on skills, with assignments and projects to apply knowledge.",8.0,"['Foundational Knowledge', 'Problem Solving']",NAVEEN THAYYIL KAMALUDDIN,"['ENGMATH101', 'DS102']",X,30.0,HSL,4.7,[],3.0
HSN5002,Writing Workshop,"Writing Workshop introduces core concepts and practical techniques related to writing workshop.
Students will learn theory and hands-on skills, with assignments and projects to apply knowledge.",5.0,"['Foundational Knowledge', 'Problem Solving']",ARUDRA VENKATA BURRA,[],X,30.0,HSN,4.15,[],0.0
HSN590,Writing Workshop,"Writing Workshop introduces core concepts and practical techniques related to writing workshop.
Students will learn theory and hands-on skills, with assignments and projects to apply knowledge.",5.0,"['Foundational Knowledge', 'Problem Solving']",ARUDRA VENKATA BURRA,[],X,30.0,HSN,3.5,[],1.0
HSP5011,Economics Lab,"Economics Lab introduces core concepts and practical techniques related to economics lab.
Students will learn theory and hands-on skills, with assignments and projects to apply knowledge.",5.0,"['Foundational Knowledge', 'Problem Solving']",ROHIT KUMAR,[],X,30.0,HSP,3.64,[],0.0
HSP523,Cognitive Science Lecture Series Ii,"Cognitive Science Lecture Series Ii introduces core concepts and practical techniques related to cognitive science lecture series ii.
Students will learn theory and hands-on skills, with assignments and projects to apply knowledge.",5.0,"['Foundational Knowledge', 'Problem Solving']",SUMITAVA MUKHERJEE,[],X,30.0,HSP,4.73,[],0.0
HSP620,Research Project In Economics Ii,"Research Project In Economics Ii introduces core concepts and practical techniques related to research project in economics ii.
Students will learn theory and hands-on skills, with assignments and projects to apply knowledge.",6.0,"['Technical Writing', 'Project Management', 'Research']",ABHIJIT BANERJI,[],X,30.0,HSP,2.7,[],0.0
HSQ504,Hss Colloquium-Iv,"Hss Colloquium-Iv introduces core concepts and practical techniques related to hss colloquium-iv.
Students will learn theory and hands-on skills, with assignments and projects to apply knowledge.",5.0,"['Foundational Knowledge', 'Problem Solving']",ARUDRA VENKATA BURRA,[],X,30.0,HSQ,3.18,[],1.0
HST5005,Introduction To Research Methods,"Introduction To Research Methods introduces core concepts and practical techniques related to introduction to research methods.
Students will learn theory and hands-on skills, with assignments and projects to apply knowledge.",5.0,"['Technical Writing', 'Project Management', 'Research']","SANIL V. , SAVYASAACHI",[],X,30.0,HST,3.59,[],2.0
HUL211,Introduction To Economics,"Introduction To Economics introduces core concepts and practical techniques related to introduction to economics.
Students will learn theory and hands-on skills, with assignments and projects to apply knowledge.",2.0,"['Foundational Knowledge', 'Problem Solving']","DEBASIS MONDAL   , SNEHA LAMBA",[],A,500.0,HUL,4.63,[],3.0
HUL212,Microeconomics,"Microeconomics introduces core concepts and practical techniques related to microeconomics.
Students will learn theory and hands-on skills, with assignments and projects to apply knowledge.",2.0,"['Foundational Knowledge', 'Problem Solving']","ABHIJIT BANERJI , ROHIT KUMAR",[],M,300.0,HUL,4.31,[],3.0
HUL231,An Introduction To Literature,"An Introduction To Literature introduces core concepts and practical techniques related to an introduction to literature.
Students will learn theory and hands-on skills, with assignments and projects to apply knowledge.",2.0,"['Foundational Knowledge', 'Problem Solving']",DIVYA DWIVEDI,[],M,150.0,HUL,1.29,[],3.0
HUL232,Modern Indian Fiction In Translation,"Modern Indian Fiction In Translation introduces core concepts and practical techniques related to modern indian fiction in translation.
Students will learn theory and hands-on skills, with assignments and projects to apply knowledge.",2.0,"['Foundational Knowledge', 'Problem Solving']",STUTI KHANNA,[],M,150.0,HUL,1.66,[],3.0
HUL242,Fundamentals Of Language Sciences,"Fundamentals Of Language Sciences introduces core concepts and practical techniques related to fundamentals of language sciences.
Students will learn theory and hands-on skills, with assignments and projects to apply knowledge.",2.0,"['Foundational Knowledge', 'Problem Solving']",DEEPAK ALOK,[],A,150.0,HUL,2.23,[],3.0
HUL253,Moral Literacy And Moral Choices,"Moral Literacy And Moral Choices introduces core concepts and practical techniques related to moral literacy and moral choices.
Students will learn theory and hands-on skills, with assignments and projects to apply knowledge.",2.0,"['Foundational Knowledge', 'Problem Solving']",TSERING NURBOO,[],M,150.0,HUL,4.0,[],3.0
HUL261,Introduction To Psychology,"Introduction To Psychology introduces core concepts and practical techniques related to introduction to psychology.
Students will learn theory and hands-on skills, with assignments and projects to apply knowledge.",2.0,"['Foundational Knowledge', 'Problem Solving']",PURNIMA SINGH,[],M,150.0,HUL,3.28,[],3.0
HUL263,Introduction To Behavioural Neuroscience,"Introduction To Behavioural Neuroscience introduces core concepts and practical techniques related to introduction to behavioural neuroscience.
Students will learn theory and hands-on skills, with assignments and projects to apply knowledge.",2.0,"['Foundational Knowledge', 'Problem Solving']",SUMITASH JANA,[],A,150.0,HUL,2.15,[],3.0
HUL271,Introduction To Sociology,"Introduction To Sociology introduces core concepts and practical techniques related to introduction to sociology.
Students will learn theory and hands-on skills, with assignments and projects to apply knowledge.",2.0,"['Foundational Knowledge', 'Problem Solving']",SARBESWAR SAHOO,[],A,150.0,HUL,1.5,[],3.0
HUL271,Introduction To Sociology,"Introduction To Sociology introduces core concepts and practical techniques related to introduction to sociology.
Students will learn theory and hands-on skills, with assignments and projects to apply knowledge.",2.0,"['Foundational Knowledge', 'Problem Solving']",VINAY SUHALKA,[],M,150.0,HUL,3.75,[],3.0
HUL272,Introduction To The Sociology Of India,"Introduction To The Sociology Of India introduces core concepts and practical techniques related to introduction to the sociology of india.
Students will learn theory and hands-on skills, with assignments and projects to apply knowledge.",2.0,"['Foundational Knowledge', 'Problem Solving']",MADHULIKA SONKAR,[],H,60.0,HUL,3.8,[],3.0
HUL275,Environment; Development And Society,"Environment; Development And Society introduces core concepts and practical techniques related to environment; development and society.
Students will learn theory and hands-on skills, with assignments and projects to apply knowledge.",2.0,"['Programming', 'Software Design', 'Debugging', 'System Design']",RICHA KUMAR,[],J,150.0,HUL,4.77,"['SDE', 'Software Engineer', 'Developer']",3.0
HUL281,Technology And Governance,"Technology And Governance introduces core concepts and practical techniques related to technology and governance.
Students will learn theory and hands-on skills, with assignments and projects to apply knowledge.",2.0,"['Foundational Knowledge', 'Problem Solving']",NAVEEN THAYYIL KAMALUDDIN,[],M,30.0,HUL,3.0,[],3.0
HUL289,Perspective On Science Technology & Human Devpt,"Perspective On Science Technology & Human Devpt introduces core concepts and practical techniques related to perspective on science technology & human devpt.
Students will learn theory and hands-on skills, with assignments and projects to apply knowledge.",2.0,"['Foundational Knowledge', 'Problem Solving']","AMBUJ D. SAGAR   , MONIKA MAKWANA",[],A,60.0,HUL,2.98,[],3.0
HUL311,Applied Game Theory,"Applied Game Theory introduces core concepts and practical techniques related to applied game theory.
Students will learn theory and hands-on skills, with assignments and projects to apply knowledge.",3.0,"['Foundational Knowledge', 'Problem Solving']",RAKESH CHATURVEDI,[],A,150.0,HUL,1.32,[],3.0
HUL315,Econometric Methods,"Econometric Methods introduces core concepts and practical techniques related to econometric methods.
Students will learn theory and hands-on skills, with assignments and projects to apply knowledge.",3.0,"['Foundational Knowledge', 'Problem Solving']",SOURABH BIKAS PAUL,[],M,150.0,HUL,1.16,[],3.0
HUL335,Indian Theatre,"Indian Theatre introduces core concepts and practical techniques related to indian theatre.
Students will learn theory and hands-on skills, with assignments and projects to apply knowledge.",3.0,"['Foundational Knowledge', 'Problem Solving']",SIMONA SAWHNEY,[],M,150.0,HUL,2.73,[],3.0
HUL374,Nations And Nationalism,"Nations And Nationalism introduces core concepts and practical techniques related to nations and nationalism.
Students will learn theory and hands-on skills, with assignments and projects to apply knowledge.",3.0,"['Foundational Knowledge', 'Problem Solving']",SUNNY KUMAR,[],M,150.0,HUL,2.29,[],3.0
HUL381,"Mind, Machines And Language","Mind, Machines And Language introduces core concepts and practical techniques related to mind, machines and language.
Students will learn theory and hands-on skills, with assignments and projects to apply knowledge.",3.0,"['Statistics', 'Data Analysis', 'Model Evaluation', 'ML Basics']",SAMAR HUSAIN,[],M,150.0,HUL,2.0,"['DATA SCIENCE', 'ML ROLES', 'MLE ENGINEER']",3.0
HUL870,Advanced Topics In Psychology,"Advanced Topics In Psychology introduces core concepts and practical techniques related to advanced topics in psychology.
Students will learn theory and hands-on skills, with assignments and projects to apply knowledge.",8.0,"['Foundational Knowledge', 'Problem Solving']",YASHPAL ASHOKRAO JOGDAND,[],X,30.0,HUL,1.37,[],3.0
HUL876,"Ethnography: Theory, Practice And Critique","Ethnography: Theory, Practice And Critique introduces core concepts and practical techniques related to ethnography: theory, practice and critique.
Students will learn theory and hands-on skills, with assignments and projects to apply knowledge.",8.0,"['Foundational Knowledge', 'Problem Solving']",RAVINDER KAUR,[],X,30.0,HUL,4.85,[],3.0
HUV747,Data-Driven Analysis And Tools For Linguistic Research,"Data-Driven Analysis And Tools For Linguistic Research introduces core concepts and practical techniques related to data-driven analysis and tools for linguistic research.
Students will learn theory and hands-on skills, with assignments and projects to apply knowledge.",7.0,"['ML Basics', 'Model Evaluation', 'Technical Writing', 'Project Management', 'Data Analysis', 'Statistics', 'Research']",SAHIINII LEMAINA VEIKHO,"['ENGMATH101', 'DS102']",M,30.0,HUV,4.34,"['DATA SCIENCE', 'ML ROLES', 'MLE ENGINEER']",2.0
JPD802,Major Project Part-Ii,"Major Project Part-Ii introduces core concepts and practical techniques related to major project part-ii.
Students will learn theory and hands-on skills, with assignments and projects to apply knowledge.",8.0,"['Technical Writing', 'Project Management', 'Research']",BIJAY PRAKASH TRIPATHI,[],P,30.0,JPD,3.3,[],0.0
MLD412,B. Tech. Project (Part -2),"B. Tech. Project (Part -2) introduces core concepts and practical techniques related to b. tech. project (part -2).
Students will learn theory and hands-on skills, with assignments and projects to apply knowledge.",4.0,"['Technical Writing', 'Project Management', 'Research']",DIVYA NAYAR,[],P,30.0,MLD,4.8,[],0.0
MLD802,Major Project-2,"Major Project-2 introduces core concepts and practical techniques related to major project-2.
Students will learn theory and hands-on skills, with assignments and projects to apply knowledge.",8.0,"['Technical Writing', 'Project Management', 'Research']",SURYANARAYANA VIKRANT KARRA,[],P,30.0,MLD,5.0,[],0.0
MLD895,Ms Research Project,"Ms Research Project introduces core concepts and practical techniques related to ms research project.
Students will learn theory and hands-on skills, with assignments and projects to apply knowledge.",8.0,"['Technical Writing', 'Project Management', 'Research']",SURYANARAYANA VIKRANT KARRA,[],P,30.0,MLD,3.69,[],0.0
MLL100,Introduction To Materials Science And Engineering,"Introduction To Materials Science And Engineering introduces core concepts and practical techniques related to introduction to materials science and engineering.
Students will learn theory and hands-on skills, with assignments and projects to apply knowledge.",1.0,"['Modeling & Simulation', 'Problem Solving', 'Engineering Analysis']","GUNDA NAGA SRI HARSHA   , ROHIT MALIK , ABHISHEK  SARKAR","['ENGMATH101', 'DS102']",E,165.0,MLL,2.08,[],3.0
MLL1001,Introduction To Materials Science And Engineering,"Introduction To Materials Science And Engineering introduces core concepts and practical techniques related to introduction to materials science and engineering.
Students will learn theory and hands-on skills, with assignments and projects to apply knowledge.",1.0,"['Modeling & Simulation', 'Problem Solving', 'Engineering Analysis']",RAJESH PRASAD,"['ENGMATH101', 'DS102']",K,40.0,MLL,1.16,[],3.0
MLL102,Structure Of Materials,"Structure Of Materials introduces core concepts and practical techniques related to structure of materials.
Students will learn theory and hands-on skills, with assignments and projects to apply knowledge.",1.0,"['Modeling & Simulation', 'Problem Solving', 'Engineering Analysis']",AYAN BHOWMIK,"['ENGMATH101', 'DS102']",B,60.0,MLL,4.03,[],2.0
MLL104,Characterization Of Materials I,"Characterization Of Materials I introduces core concepts and practical techniques related to characterization of materials i.
Students will learn theory and hands-on skills, with assignments and projects to apply knowledge.",1.0,"['Modeling & Simulation', 'Problem Solving', 'Engineering Analysis']",NIRAT  RAY,"['ENGMATH101', 'DS102']",E,40.0,MLL,2.88,[],3.0
MLL202,Phase Equilibria And Transformations,"Phase Equilibria And Transformations introduces core concepts and practical techniques related to phase equilibria and transformations.
Students will learn theory and hands-on skills, with assignments and projects to apply knowledge.",2.0,"['Foundational Knowledge', 'Problem Solving']",SANGEETA SANTRA,"['ENGMATH101', 'DS102']",H,60.0,MLL,3.61,[],2.0
MLL212,Math. Methods In Materials Engineering,"Math. Methods In Materials Engineering introduces core concepts and practical techniques related to math. methods in materials engineering.
Students will learn theory and hands-on skills, with assignments and projects to apply knowledge.",2.0,"['Modeling & Simulation', 'Problem Solving', 'Engineering Analysis']",DIVYA NAYAR,"['ENGMATH101', 'DS102']",J,40.0,MLL,4.66,[],2.0
MLL242,Introduction To Polymeric Materials,"Introduction To Polymeric Materials introduces core concepts and practical techniques related to introduction to polymeric materials.
Students will learn theory and hands-on skills, with assignments and projects to apply knowledge.",2.0,"['Modeling & Simulation', 'Problem Solving', 'Engineering Analysis']",SHIB SHANKAR BANERJEE,"['ENGMATH101', 'DS102']",C,40.0,MLL,1.73,[],3.0
MLL264,Glass And Ceramics,"Glass And Ceramics introduces core concepts and practical techniques related to glass and ceramics.
Students will learn theory and hands-on skills, with assignments and projects to apply knowledge.",2.0,"['Foundational Knowledge', 'Problem Solving']",ANKUR GOSWAMI,"['ENGMATH101', 'DS102']",D,60.0,MLL,3.34,[],2.0
MLL372,Materials Selection And Design,"Materials Selection And Design introduces core concepts and practical techniques related to materials selection and design.
Students will learn theory and hands-on skills, with assignments and projects to apply knowledge.",3.0,"['Modeling & Simulation', 'Problem Solving', 'Engineering Analysis']",SURESH NEELAKANTAN,"['ENGMATH101', 'DS102']",E,60.0,MLL,3.54,[],3.0
MLL452,Corrosioon And Degradation Of Materials,"Corrosioon And Degradation Of Materials introduces core concepts and practical techniques related to corrosioon and degradation of materials.
Students will learn theory and hands-on skills, with assignments and projects to apply knowledge.",4.0,"['Modeling & Simulation', 'Problem Solving', 'Engineering Analysis']",ABHISHEK  SARKAR,"['ENGMATH101', 'DS102']",C,40.0,MLL,2.97,[],3.0
MLL7002,Materials Processing,"Materials Processing introduces core concepts and practical techniques related to materials processing.
Students will learn theory and hands-on skills, with assignments and projects to apply knowledge.",7.0,"['Modeling & Simulation', 'Problem Solving', 'Engineering Analysis']",JAYANT JAIN,"['ENGMATH101', 'DS102']",D,40.0,MLL,1.36,[],2.0
MLL7103,Polymer Blends And Composites,"Polymer Blends And Composites introduces core concepts and practical techniques related to polymer blends and composites.
Students will learn theory and hands-on skills, with assignments and projects to apply knowledge.",7.0,"['Foundational Knowledge', 'Problem Solving']",LEENA NEBHANI,"['ENGMATH101', 'DS102']",E,40.0,MLL,2.39,[],2.0
MLL7104,Polymer Technology And Product Development,"Polymer Technology And Product Development introduces core concepts and practical techniques related to polymer technology and product development.
Students will learn theory and hands-on skills, with assignments and projects to apply knowledge.",7.0,"['Programming', 'Software Design', 'Debugging', 'System Design']",BIJAY PRAKASH TRIPATHI,"['ENGMATH101', 'DS102']",B,40.0,MLL,2.33,"['SDE', 'Software Engineer', 'Developer']",3.0
MLL7109,Polymeric Coatings,"Polymeric Coatings introduces core concepts and practical techniques related to polymeric coatings.
Students will learn theory and hands-on skills, with assignments and projects to apply knowledge.",7.0,"['Foundational Knowledge', 'Problem Solving']",JOSEMON JACOB,"['ENGMATH101', 'DS102']",J,40.0,MLL,3.68,[],3.0
MLL7110,Biodegradable Polymeric Materials,"Biodegradable Polymeric Materials introduces core concepts and practical techniques related to biodegradable polymeric materials.
Students will learn theory and hands-on skills, with assignments and projects to apply knowledge.",7.0,"['Modeling & Simulation', 'Problem Solving', 'Engineering Analysis']",SAMPA SAHA,"['ENGMATH101', 'DS102']",H,30.0,MLL,4.43,[],3.0
MLL7203,Advanced Glass And Ceramics,"Advanced Glass And Ceramics introduces core concepts and practical techniques related to advanced glass and ceramics.
Students will learn theory and hands-on skills, with assignments and projects to apply knowledge.",7.0,"['Foundational Knowledge', 'Problem Solving']",ROHIT MALIK,"['ENGMATH101', 'DS102']",E,40.0,MLL,2.32,[],3.0
MLL7204,Materials For Energy Applications,"Materials For Energy Applications introduces core concepts and practical techniques related to materials for energy applications.
Students will learn theory and hands-on skills, with assignments and projects to apply knowledge.",7.0,"['Modeling & Simulation', 'Problem Solving', 'Engineering Analysis']",SURYANARAYANA VIKRANT KARRA,"['ENGMATH101', 'DS102']",F,40.0,MLL,3.77,[],3.0
MLL7215,Creep And Superplasticity Of Materials,"Creep And Superplasticity Of Materials introduces core concepts and practical techniques related to creep and superplasticity of materials.
Students will learn theory and hands-on skills, with assignments and projects to apply knowledge.",7.0,"['Modeling & Simulation', 'Problem Solving', 'Engineering Analysis']",LAKSHMI NARAYAN RAMASUBRAMANIAN,"['ENGMATH101', 'DS102']",J,30.0,MLL,2.15,[],3.0
MLL7302,Data Driven Methods For Materials Designing,"Data Driven Methods For Materials Designing introduces core concepts and practical techniques related to data driven methods for materials designing.
Students will learn theory and hands-on skills, with assignments and projects to apply knowledge.",7.0,"['Modeling & Simulation', 'ML Basics', 'Model Evaluation', 'Engineering Analysis', 'Data Analysis', 'Statistics', 'Problem Solving']",DIBYAJYOTI GHOSH,"['ENGMATH101', 'DS102']",K,40.0,MLL,4.78,"['DATA SCIENCE', 'ML ROLES', 'MLE ENGINEER']",2.0
MLL7401,Micro-Nano Fabrication In Materials Engineering,"Micro-Nano Fabrication In Materials Engineering introduces core concepts and practical techniques related to micro-nano fabrication in materials engineering.
Students will learn theory and hands-on skills, with assignments and projects to apply knowledge.",7.0,"['Modeling & Simulation', 'Problem Solving', 'Engineering Analysis']",KRISHNA B BALASUBRAMANIAN,"['ENGMATH101', 'DS102']",M,30.0,MLL,4.25,[],3.0
MLL741,Biodegradable Polymeric Materials,"Biodegradable Polymeric Materials introduces core concepts and practical techniques related to biodegradable polymeric materials.
Students will learn theory and hands-on skills, with assignments and projects to apply knowledge.",7.0,"['Modeling & Simulation', 'Problem Solving', 'Engineering Analysis']",SAMPA SAHA,"['ENGMATH101', 'DS102']",H,30.0,MLL,3.2,[],3.0
MLL742,Micro And Nanofabrication In Materials Engg.,"Micro And Nanofabrication In Materials Engg. introduces core concepts and practical techniques related to micro and nanofabrication in materials engg..
Students will learn theory and hands-on skills, with assignments and projects to apply knowledge.",7.0,"['Modeling & Simulation', 'Problem Solving', 'Engineering Analysis']",KRISHNA B BALASUBRAMANIAN,"['ENGMATH101', 'DS102']",M,30.0,MLL,2.82,[],3.0
MLL752,Creep And Superplasticity Of Materials,"Creep And Superplasticity Of Materials introduces core concepts and practical techniques related to creep and superplasticity of materials.
Students will learn theory and hands-on skills, with assignments and projects to apply knowledge.",7.0,"['Modeling & Simulation', 'Problem Solving', 'Engineering Analysis']",LAKSHMI NARAYAN RAMASUBRAMANIAN,"['ENGMATH101', 'DS102']",J,30.0,MLL,2.26,[],3.0
MLP352,Mechanical Behavior Of Matrials Lab,"Mechanical Behavior Of Matrials Lab introduces core concepts and practical techniques related to mechanical behavior of matrials lab.
Students will learn theory and hands-on skills, with assignments and projects to apply knowledge.",3.0,"['Foundational Knowledge', 'Problem Solving']","AYAN BHOWMIK , SANGEETA SANTRA",[],D,40.0,MLP,2.29,[],0.0
MLP354,Functional Materials Lab,"Functional Materials Lab introduces core concepts and practical techniques related to functional materials lab.
Students will learn theory and hands-on skills, with assignments and projects to apply knowledge.",3.0,"['Modeling & Simulation', 'Problem Solving', 'Engineering Analysis']","KRISHNA B BALASUBRAMANIAN , ANKUR GOSWAMI",[],E,40.0,MLP,4.88,[],0.0
MLP7105,Polymer Chemistry Laboratory,"Polymer Chemistry Laboratory introduces core concepts and practical techniques related to polymer chemistry laboratory.
Students will learn theory and hands-on skills, with assignments and projects to apply knowledge.",7.0,"['Foundational Knowledge', 'Problem Solving']",LEENA NEBHANI,[],B,40.0,MLP,2.62,[],0.0
MLQ301,Materials Science And Engineering Colloquium,"Materials Science And Engineering Colloquium introduces core concepts and practical techniques related to materials science and engineering colloquium.
Students will learn theory and hands-on skills, with assignments and projects to apply knowledge.",3.0,"['Modeling & Simulation', 'Problem Solving', 'Engineering Analysis']",SURYANARAYANA VIKRANT KARRA,[],X,60.0,MLQ,3.06,[],0.0
MLS302,Research Practice For Beginners,"Research Practice For Beginners introduces core concepts and practical techniques related to research practice for beginners.
Students will learn theory and hands-on skills, with assignments and projects to apply knowledge.",3.0,"['Technical Writing', 'Project Management', 'Research']",DIVYA NAYAR,[],X,60.0,MLS,4.95,[],0.0
MTL1002,Mathematics Ii Linear Algebra And Differential Equations,"Mathematics Ii Linear Algebra And Differential Equations introduces core concepts and practical techniques related to mathematics ii linear algebra and differential equations.
Students will learn theory and hands-on skills, with assignments and projects to apply knowledge.",1.0,"['Foundational Knowledge', 'Problem Solving']","SHIV PRAKASH PATEL   , N.SHRAVAN KUMAR   , PINAKINATH SAHA , AMIT PRIYADARSHI","['ENGMATH101', 'DS102']",D,525.0,MTL,3.63,[],3.0
MTL1002,Mathematics Ii Linear Algebra And Differential Equations,"Mathematics Ii Linear Algebra And Differential Equations introduces core concepts and practical techniques related to mathematics ii linear algebra and differential equations.
Students will learn theory and hands-on skills, with assignments and projects to apply knowledge.",1.0,"['Foundational Knowledge', 'Problem Solving']","SHIV PRAKASH PATEL   , PUNIT SHARMA   , HARISH KUMAR   , EKATA SAHA , ANANTA KUMAR MAJEE","['ENGMATH101', 'DS102']",AE,875.0,MTL,3.17,[],3.0
MTL101,Linear Algebra & Diffe. Equa.,"Linear Algebra & Diffe. Equa. introduces core concepts and practical techniques related to linear algebra & diffe. equa..
Students will learn theory and hands-on skills, with assignments and projects to apply knowledge.",1.0,"['Foundational Knowledge', 'Problem Solving']",SHIV PRAKASH PATEL,"['ENGMATH101', 'DS102']",D,100.0,MTL,2.65,[],3.0
MTL101,Linear Algebra & Diffe. Equa.,"Linear Algebra & Diffe. Equa. introduces core concepts and practical techniques related to linear algebra & diffe. equa..
Students will learn theory and hands-on skills, with assignments and projects to apply knowledge.",1.0,"['Foundational Knowledge', 'Problem Solving']",SHIV PRAKASH PATEL,"['ENGMATH101', 'DS102']",AE,175.0,MTL,1.75,[],3.0
MTL102,Differential Equations,"Differential Equations introduces core concepts and practical techniques related to differential equations.
Students will learn theory and hands-on skills, with assignments and projects to apply knowledge.",1.0,"['Foundational Knowledge', 'Problem Solving']",VIJAYANANDA KALYANA SRINIVAS KUMAR VASANA,"['ENGMATH101', 'DS102']",E,300.0,MTL,2.45,[],3.0
MTL103,Optimization Methods & Appl.,"Optimization Methods & Appl. introduces core concepts and practical techniques related to optimization methods & appl..
Students will learn theory and hands-on skills, with assignments and projects to apply knowledge.",1.0,"['Foundational Knowledge', 'Problem Solving']",VIKAS VIKRAM SINGH,"['ENGMATH101', 'DS102']",H,300.0,MTL,4.03,[],3.0
MTL104,Linear Algebra & Applications,"Linear Algebra & Applications introduces core concepts and practical techniques related to linear algebra & applications.
Students will learn theory and hands-on skills, with assignments and projects to apply knowledge.",1.0,"['Foundational Knowledge', 'Problem Solving']",VIVEK MUKUNDAN,"['ENGMATH101', 'DS102']",D,250.0,MTL,3.5,[],3.0
MTL106,Probability & Stochastic Pro.,"Probability & Stochastic Pro. introduces core concepts and practical techniques related to probability & stochastic pro..
Students will learn theory and hands-on skills, with assignments and projects to apply knowledge.",1.0,"['Foundational Knowledge', 'Problem Solving']",S.DHARMARAJA,"['ENGMATH101', 'DS102']",D,250.0,MTL,4.04,[],3.0
MTL107,Numerical Methods & Computations,"Numerical Methods & Computations introduces core concepts and practical techniques related to numerical methods & computations.
Students will learn theory and hands-on skills, with assignments and projects to apply knowledge.",1.0,"['Foundational Knowledge', 'Problem Solving']",KAMANA  PORWAL,"['ENGMATH101', 'DS102']",B,150.0,MTL,1.81,[],3.0
MTL108,Introduction To Statistics,"Introduction To Statistics introduces core concepts and practical techniques related to introduction to statistics.
Students will learn theory and hands-on skills, with assignments and projects to apply knowledge.",1.0,"['Statistics', 'Data Analysis', 'Model Evaluation', 'ML Basics']",RAHUL SINGH,"['ENGMATH101', 'DS102']",D,250.0,MTL,3.2,[],3.0
MTL1080,Discrete Mathematical Structures,"Discrete Mathematical Structures introduces core concepts and practical techniques related to discrete mathematical structures.
Students will learn theory and hands-on skills, with assignments and projects to apply knowledge.",1.0,"['Foundational Knowledge', 'Problem Solving']",ASHUTOSH RAI,"['ENGMATH101', 'DS102']",A,150.0,MTL,4.71,[],3.0
MTL122,Real And Complex Analysis,"Real And Complex Analysis introduces core concepts and practical techniques related to real and complex analysis.
Students will learn theory and hands-on skills, with assignments and projects to apply knowledge.",1.0,"['Foundational Knowledge', 'Problem Solving']",BISWAJYOTI SAHA,"['ENGMATH101', 'DS102']",F,200.0,MTL,2.75,[],3.0
MTL145,Number Theory,"Number Theory introduces core concepts and practical techniques related to number theory.
Students will learn theory and hands-on skills, with assignments and projects to apply knowledge.",1.0,"['Foundational Knowledge', 'Problem Solving']",AMITABHA TRIPATHI,"['ENGMATH101', 'DS102']",AC,100.0,MTL,3.79,[],3.0
MTL146,Combinatorics,"Combinatorics introduces core concepts and practical techniques related to combinatorics.
Students will learn theory and hands-on skills, with assignments and projects to apply knowledge.",1.0,"['Foundational Knowledge', 'Problem Solving']",BIPLAB BASAK,"['ENGMATH101', 'DS102']",AA,150.0,MTL,1.49,[],3.0
MTL270,Measure Integral & Probability,"Measure Integral & Probability introduces core concepts and practical techniques related to measure integral & probability.
Students will learn theory and hands-on skills, with assignments and projects to apply knowledge.",2.0,"['Foundational Knowledge', 'Problem Solving']",VISWANATHAN PUTHAN VEEDU,"['ENGMATH101', 'DS102']",D,55.0,MTL,4.89,[],3.0
MTL390,Statistical Methods,"Statistical Methods introduces core concepts and practical techniques related to statistical methods.
Students will learn theory and hands-on skills, with assignments and projects to apply knowledge.",3.0,"['Statistics', 'Data Analysis', 'Model Evaluation', 'ML Basics']",BIPLAB PAUL,"['ENGMATH101', 'DS102']",D,200.0,MTL,3.44,[],3.0
MTL411,Functional Analysis,"Functional Analysis introduces core concepts and practical techniques related to functional analysis.
Students will learn theory and hands-on skills, with assignments and projects to apply knowledge.",4.0,"['Foundational Knowledge', 'Problem Solving']",APARAJITA  DASGUPTA,"['ENGMATH101', 'DS102']",A,150.0,MTL,1.96,[],3.0
MTL5006,Ordinary Differential Equations,"Ordinary Differential Equations introduces core concepts and practical techniques related to ordinary differential equations.
Students will learn theory and hands-on skills, with assignments and projects to apply knowledge.",5.0,"['Foundational Knowledge', 'Problem Solving']",KONIJETI SREENADH,"['ENGMATH101', 'DS102']",D,65.0,MTL,1.63,[],3.0
MTL5007,Functional Analysis,"Functional Analysis introduces core concepts and practical techniques related to functional analysis.
Students will learn theory and hands-on skills, with assignments and projects to apply knowledge.",5.0,"['Foundational Knowledge', 'Problem Solving']",VISWANATHAN PUTHAN VEEDU,"['ENGMATH101', 'DS102']",E,60.0,MTL,3.2,[],3.0
MTL5008,Mathematical Programming,"Mathematical Programming introduces core concepts and practical techniques related to mathematical programming.
Students will learn theory and hands-on skills, with assignments and projects to apply knowledge.",5.0,"['Programming', 'Software Design', 'Debugging', 'System Design']",MINATI DE,"['ENGMATH101', 'DS102']",AA,75.0,MTL,3.21,"['SDE', 'Software Engineer', 'Developer']",3.0
MTL5009,Numerical Analysis,"Numerical Analysis introduces core concepts and practical techniques related to numerical analysis.
Students will learn theory and hands-on skills, with assignments and projects to apply knowledge.",5.0,"['Foundational Knowledge', 'Problem Solving']",S.CHANDRA SEKHARA RAO,"['ENGMATH101', 'DS102']",J,60.0,MTL,1.37,[],3.0
MTL5010,Measure And Integration,"Measure And Integration introduces core concepts and practical techniques related to measure and integration.
Students will learn theory and hands-on skills, with assignments and projects to apply knowledge.",5.0,"['Foundational Knowledge', 'Problem Solving']",SIVANANTHAN SAMPATH,"['ENGMATH101', 'DS102']",B,100.0,MTL,4.97,[],3.0
MTL5011,Statistical Inference,"Statistical Inference introduces core concepts and practical techniques related to statistical inference.
Students will learn theory and hands-on skills, with assignments and projects to apply knowledge.",5.0,"['Statistics', 'Data Analysis', 'Model Evaluation', 'ML Basics']",NEERAJ JOSHI,"['ENGMATH101', 'DS102']",H,70.0,MTL,4.65,[],3.0
MTL507,Topology,"Topology introduces core concepts and practical techniques related to topology.
Students will learn theory and hands-on skills, with assignments and projects to apply knowledge.",5.0,"['Foundational Knowledge', 'Problem Solving']",ANIMA NAGAR,"['ENGMATH101', 'DS102']",F,90.0,MTL,2.85,[],3.0
MTL6507,Topology,"Topology introduces core concepts and practical techniques related to topology.
Students will learn theory and hands-on skills, with assignments and projects to apply knowledge.",6.0,"['Foundational Knowledge', 'Problem Solving']",ANIMA NAGAR,"['ENGMATH101', 'DS102']",F,90.0,MTL,1.47,[],3.0
MTL704,Numerical Optimization,"Numerical Optimization introduces core concepts and practical techniques related to numerical optimization.
Students will learn theory and hands-on skills, with assignments and projects to apply knowledge.",7.0,"['Foundational Knowledge', 'Problem Solving']",APARNA MEHRA,"['ENGMATH101', 'DS102']",E,60.0,MTL,4.33,[],3.0
MTL7070,Combinatorial Optimization,"Combinatorial Optimization introduces core concepts and practical techniques related to combinatorial optimization.
Students will learn theory and hands-on skills, with assignments and projects to apply knowledge.",7.0,"['Foundational Knowledge', 'Problem Solving']",MINATI DE,"['ENGMATH101', 'DS102']",A,20.0,MTL,2.99,[],3.0
MTL7244,Mathematical Theory For Error Correcting Codes,"Mathematical Theory For Error Correcting Codes introduces core concepts and practical techniques related to mathematical theory for error correcting codes.
Students will learn theory and hands-on skills, with assignments and projects to apply knowledge.",7.0,"['Foundational Knowledge', 'Problem Solving']",RITUMONI SARMA,"['ENGMATH101', 'DS102']",M,30.0,MTL,3.87,[],3.0
MTL725,Stochastic Processes & Its App,"Stochastic Processes & Its App introduces core concepts and practical techniques related to stochastic processes & its app.
Students will learn theory and hands-on skills, with assignments and projects to apply knowledge.",7.0,"['Foundational Knowledge', 'Problem Solving']",S.DHARMARAJA,"['ENGMATH101', 'DS102']",AD,40.0,MTL,3.04,[],3.0
MTL7255,Algebraic Curves,"Algebraic Curves introduces core concepts and practical techniques related to algebraic curves.
Students will learn theory and hands-on skills, with assignments and projects to apply knowledge.",7.0,"['Foundational Knowledge', 'Problem Solving']",PINAKINATH SAHA,"['ENGMATH101', 'DS102']",AB,50.0,MTL,2.09,[],3.0
MTL7258,Introduction To Differential Topology,"Introduction To Differential Topology introduces core concepts and practical techniques related to introduction to differential topology.
Students will learn theory and hands-on skills, with assignments and projects to apply knowledge.",7.0,"['Foundational Knowledge', 'Problem Solving']",BIPLAB BASAK,"['ENGMATH101', 'DS102']",B,100.0,MTL,4.34,[],3.0
MTL741,Fractal Geometry,"Fractal Geometry introduces core concepts and practical techniques related to fractal geometry.
Students will learn theory and hands-on skills, with assignments and projects to apply knowledge.",7.0,"['Foundational Knowledge', 'Problem Solving']",AMIT PRIYADARSHI,"['ENGMATH101', 'DS102']",B2,50.0,MTL,4.92,[],3.0
MTL743,Fourier Analysis,"Fourier Analysis introduces core concepts and practical techniques related to fourier analysis.
Students will learn theory and hands-on skills, with assignments and projects to apply knowledge.",7.0,"['Foundational Knowledge', 'Problem Solving']",N.SHRAVAN KUMAR,"['ENGMATH101', 'DS102']",AA,100.0,MTL,1.97,[],3.0
MTL744,Mathematical Theory Of Coding,"Mathematical Theory Of Coding introduces core concepts and practical techniques related to mathematical theory of coding.
Students will learn theory and hands-on skills, with assignments and projects to apply knowledge.",7.0,"['Foundational Knowledge', 'Problem Solving']",RITUMONI SARMA,"['ENGMATH101', 'DS102']",M,30.0,MTL,3.21,[],3.0
MTL745,Advanced Matrix Theory,"Advanced Matrix Theory introduces core concepts and practical techniques related to advanced matrix theory.
Students will learn theory and hands-on skills, with assignments and projects to apply knowledge.",7.0,"['Foundational Knowledge', 'Problem Solving']",S.CHANDRA SEKHARA RAO,"['ENGMATH101', 'DS102']",B,60.0,MTL,2.53,[],3.0
MTL755,Algebraic Geometry,"Algebraic Geometry introduces core concepts and practical techniques related to algebraic geometry.
Students will learn theory and hands-on skills, with assignments and projects to apply knowledge.",7.0,"['Foundational Knowledge', 'Problem Solving']",PINAKINATH SAHA,"['ENGMATH101', 'DS102']",AB,50.0,MTL,4.69,[],3.0
MTL756,Lie Algebras And Lie Groups,"Lie Algebras And Lie Groups introduces core concepts and practical techniques related to lie algebras and lie groups.
Students will learn theory and hands-on skills, with assignments and projects to apply knowledge.",7.0,"['Foundational Knowledge', 'Problem Solving']",RITUMONI SARMA,"['ENGMATH101', 'DS102']",A,30.0,MTL,3.03,[],3.0
MTL761,Basic Ergodic Theory,"Basic Ergodic Theory introduces core concepts and practical techniques related to basic ergodic theory.
Students will learn theory and hands-on skills, with assignments and projects to apply knowledge.",7.0,"['Foundational Knowledge', 'Problem Solving']",ANIMA NAGAR,"['ENGMATH101', 'DS102']",H,30.0,MTL,4.52,[],3.0
MTL768,Graph Theory,"Graph Theory introduces core concepts and practical techniques related to graph theory.
Students will learn theory and hands-on skills, with assignments and projects to apply knowledge.",7.0,"['Foundational Knowledge', 'Problem Solving']",AMITABHA TRIPATHI,"['ENGMATH101', 'DS102']",F,150.0,MTL,4.46,[],3.0
MTL770,Combinatorial Optimization,"Combinatorial Optimization introduces core concepts and practical techniques related to combinatorial optimization.
Students will learn theory and hands-on skills, with assignments and projects to apply knowledge.",7.0,"['Foundational Knowledge', 'Problem Solving']",MINATI DE,"['ENGMATH101', 'DS102']",A,90.0,MTL,2.1,[],3.0
MTL7743,Fourier Analysis,"Fourier Analysis introduces core concepts and practical techniques related to fourier analysis.
Students will learn theory and hands-on skills, with assignments and projects to apply knowledge.",7.0,"['Foundational Knowledge', 'Problem Solving']",N.SHRAVAN KUMAR,"['ENGMATH101', 'DS102']",AA,100.0,MTL,4.16,[],3.0
MTL7744,Applied Harmonic Analysis,"Applied Harmonic Analysis introduces core concepts and practical techniques related to applied harmonic analysis.
Students will learn theory and hands-on skills, with assignments and projects to apply knowledge.",7.0,"['Foundational Knowledge', 'Problem Solving']",SIVANANTHAN SAMPATH,"['ENGMATH101', 'DS102']",AB,60.0,MTL,2.66,[],3.0
MTL7761,Basic Ergodic Theory,"Basic Ergodic Theory introduces core concepts and practical techniques related to basic ergodic theory.
Students will learn theory and hands-on skills, with assignments and projects to apply knowledge.",7.0,"['Foundational Knowledge', 'Problem Solving']",ANIMA NAGAR,"['ENGMATH101', 'DS102']",H,30.0,MTL,4.74,[],3.0
MTL780,Parameterized Algorithms For Np-Hard Problems,"Parameterized Algorithms For Np-Hard Problems introduces core concepts and practical techniques related to parameterized algorithms for np-hard problems.
Students will learn theory and hands-on skills, with assignments and projects to apply knowledge.",7.0,"['Foundational Knowledge', 'Problem Solving']",ASHUTOSH RAI,"['ENGMATH101', 'DS102']",AB,30.0,MTL,3.03,[],3.0
MTL782,Data Mining,"Data Mining introduces core concepts and practical techniques related to data mining.
Students will learn theory and hands-on skills, with assignments and projects to apply knowledge.",7.0,"['Statistics', 'Data Analysis', 'Model Evaluation', 'ML Basics']",BHAWANI SANKAR PANDA,"['ENGMATH101', 'DS102']",B,130.0,MTL,4.28,"['DATA SCIENCE', 'ML ROLES', 'MLE ENGINEER']",3.0
MTP290,Computing Laboratory,"Computing Laboratory introduces core concepts and practical techniques related to computing laboratory.
Students will learn theory and hands-on skills, with assignments and projects to apply knowledge.",2.0,"['Foundational Knowledge', 'Problem Solving']",DALU JACOB,[],D,150.0,MTP,2.13,[],0.0
JRD301,Mini Project In Robotics,"Mini Project In Robotics introduces core concepts and practical techniques related to mini project in robotics.
Students will learn theory and hands-on skills, with assignments and projects to apply knowledge.",3.0,"['Technical Writing', 'Project Management', 'Research']",SHUBHENDU BHASIN,[],X,10.0,JRD,2.19,[],0.0
MCD310,Mini Project,"Mini Project introduces core concepts and practical techniques related to mini project.
Students will learn theory and hands-on skills, with assignments and projects to apply knowledge.",3.0,"['Technical Writing', 'Project Management', 'Research']",SUPREET SINGH BAHGA,[],X,5.0,MCD,3.35,[],0.0
MCD411,B.Tech.Project,"B.Tech.Project introduces core concepts and practical techniques related to b.tech.project.
Students will learn theory and hands-on skills, with assignments and projects to apply knowledge.",4.0,"['Technical Writing', 'Project Management', 'Research']",SUNIL JHA,[],X,50.0,MCD,5.0,[],0.0
MCD412,B.Tech.Project - Ii,"B.Tech.Project - Ii introduces core concepts and practical techniques related to b.tech.project - ii.
Students will learn theory and hands-on skills, with assignments and projects to apply knowledge.",4.0,"['Technical Writing', 'Project Management', 'Research']","SUNIL JHA , AMBER SRIVASTAVA , ARPAN GUPTA , DEBABRATA DASGUPTA",[],X,200.0,MCD,2.96,[],0.0
MCD812,Major Project Part Ii (Thermalengineering),"Major Project Part Ii (Thermalengineering) introduces core concepts and practical techniques related to major project part ii (thermalengineering).
Students will learn theory and hands-on skills, with assignments and projects to apply knowledge.",8.0,"['Modeling & Simulation', 'Engineering Analysis', 'Technical Writing', 'Project Management', 'Problem Solving', 'Research']",PRATIK DAS,[],X,20.0,MCD,1.59,[],0.0
MCD831,Major Project Part-I,"Major Project Part-I introduces core concepts and practical techniques related to major project part-i.
Students will learn theory and hands-on skills, with assignments and projects to apply knowledge.",8.0,"['Technical Writing', 'Project Management', 'Research']",RAMA KRISHNA K,[],X,30.0,MCD,3.15,[],0.0
MCD832,Major Project Part Ii,"Major Project Part Ii introduces core concepts and practical techniques related to major project part ii.
Students will learn theory and hands-on skills, with assignments and projects to apply knowledge.",8.0,"['Technical Writing', 'Project Management', 'Research']",RAMA KRISHNA K,[],X,15.0,MCD,2.38,[],0.0
MCD862,Major Project Part-Ii,"Major Project Part-Ii introduces core concepts and practical techniques related to major project part-ii.
Students will learn theory and hands-on skills, with assignments and projects to apply knowledge.",8.0,"['Technical Writing', 'Project Management', 'Research']",PRASHANT PALKAR,[],X,50.0,MCD,3.21,[],0.0
MCD882,Major Project Part-2,"Major Project Part-2 introduces core concepts and practical techniques related to major project part-2.
Students will learn theory and hands-on skills, with assignments and projects to apply knowledge.",8.0,"['Technical Writing', 'Project Management', 'Research']",SAGAR SARKAR,[],X,40.0,MCD,3.17,[],0.0
MCD895,Major Project (Msr),"Major Project (Msr) introduces core concepts and practical techniques related to major project (msr).
Students will learn theory and hands-on skills, with assignments and projects to apply knowledge.",8.0,"['Technical Writing', 'Project Management', 'Research']",DEBABRATA DASGUPTA,[],X,60.0,MCD,2.82,[],0.0
MCL131,Manufacturing Processes I,"Manufacturing Processes I introduces core concepts and practical techniques related to manufacturing processes i.
Students will learn theory and hands-on skills, with assignments and projects to apply knowledge.",1.0,"['Foundational Knowledge', 'Problem Solving']",PRITHVIRAJ MUKHOPADHYAY,"['ENGMATH101', 'DS102']",F,100.0,MCL,2.29,[],3.0
MCL132,Metal Forming And Press Tools,"Metal Forming And Press Tools introduces core concepts and practical techniques related to metal forming and press tools.
Students will learn theory and hands-on skills, with assignments and projects to apply knowledge.",1.0,"['Foundational Knowledge', 'Problem Solving']",DIGAVALLI RAVI KUMAR,"['ENGMATH101', 'DS102']",H,120.0,MCL,1.75,[],3.0
MCL133,Near Net Shape Manufacturing,"Near Net Shape Manufacturing introduces core concepts and practical techniques related to near net shape manufacturing.
Students will learn theory and hands-on skills, with assignments and projects to apply knowledge.",1.0,"['Foundational Knowledge', 'Problem Solving']","KUSUM MEENA , SIVANANDAM ARAVINDAN   , DIGAVALLI RAVI KUMAR","['ENGMATH101', 'DS102']",F,120.0,MCL,3.79,[],3.0
MCL136,Material Removal Processes,"Material Removal Processes introduces core concepts and practical techniques related to material removal processes.
Students will learn theory and hands-on skills, with assignments and projects to apply knowledge.",1.0,"['Modeling & Simulation', 'Problem Solving', 'Engineering Analysis']",SUDARSAN GHOSH,"['ENGMATH101', 'DS102']",H,120.0,MCL,3.29,[],3.0
MCL142,Thermal Sc. For Ele. Engineers,"Thermal Sc. For Ele. Engineers introduces core concepts and practical techniques related to thermal sc. for ele. engineers.
Students will learn theory and hands-on skills, with assignments and projects to apply knowledge.",1.0,"['Foundational Knowledge', 'Problem Solving']",BAHNI  RAY,"['ENGMATH101', 'DS102']",D,180.0,MCL,1.93,[],3.0
MCL201,Mechanical Engg. Drawing,"Mechanical Engg. Drawing introduces core concepts and practical techniques related to mechanical engg. drawing.
Students will learn theory and hands-on skills, with assignments and projects to apply knowledge.",2.0,"['Foundational Knowledge', 'Problem Solving']",SUJEET KUMAR SINHA,"['ENGMATH101', 'DS102']",E,190.0,MCL,4.1,[],2.0
MCL212,Control Theory & Applications,"Control Theory & Applications introduces core concepts and practical techniques related to control theory & applications.
Students will learn theory and hands-on skills, with assignments and projects to apply knowledge.",2.0,"['Foundational Knowledge', 'Problem Solving']",SUBODH VASANT MODAK,"['ENGMATH101', 'DS102']",B,190.0,MCL,1.17,[],3.0
MCL241,Energy Systems And Tech.,"Energy Systems And Tech. introduces core concepts and practical techniques related to energy systems and tech..
Students will learn theory and hands-on skills, with assignments and projects to apply knowledge.",2.0,"['Programming', 'Software Design', 'Debugging', 'System Design']","PAVAN PRAKASH DUVVURI , M.R. RAVI","['ENGMATH101', 'DS102']",B,120.0,MCL,3.98,"['SDE', 'Software Engineer', 'Developer']",3.0
MCL311,Cad & Finite Element Analysis,"Cad & Finite Element Analysis introduces core concepts and practical techniques related to cad & finite element analysis.
Students will learn theory and hands-on skills, with assignments and projects to apply knowledge.",3.0,"['Foundational Knowledge', 'Problem Solving']",ARPAN GUPTA,"['ENGMATH101', 'DS102']",E,190.0,MCL,3.82,[],3.0
MCL314,Acoustics And Noise Control,"Acoustics And Noise Control introduces core concepts and practical techniques related to acoustics and noise control.
Students will learn theory and hands-on skills, with assignments and projects to apply knowledge.",3.0,"['Foundational Knowledge', 'Problem Solving']","ARPAN GUPTA , ASHISH KAMALAKAR DARPE","['ENGMATH101', 'DS102']",B,20.0,MCL,4.25,[],3.0
MCL321,Automotive Systems,"Automotive Systems introduces core concepts and practical techniques related to automotive systems.
Students will learn theory and hands-on skills, with assignments and projects to apply knowledge.",3.0,"['Programming', 'Software Design', 'Debugging', 'System Design']",RAJ KUMAR PANDEY,"['ENGMATH101', 'DS102']",J,30.0,MCL,2.54,"['SDE', 'Software Engineer', 'Developer']",3.0
MCL331,Micro And Nano Manufacturing,"Micro And Nano Manufacturing introduces core concepts and practical techniques related to micro and nano manufacturing.
Students will learn theory and hands-on skills, with assignments and projects to apply knowledge.",3.0,"['Foundational Knowledge', 'Problem Solving']",SIVANANDAM ARAVINDAN,"['ENGMATH101', 'DS102']",A,120.0,MCL,3.65,[],3.0
MCL347,Intermediate Heat Transfer,"Intermediate Heat Transfer introduces core concepts and practical techniques related to intermediate heat transfer.
Students will learn theory and hands-on skills, with assignments and projects to apply knowledge.",3.0,"['Foundational Knowledge', 'Problem Solving']",PRABAL TALUKDAR,"['ENGMATH101', 'DS102']",E,40.0,MCL,4.28,[],3.0
MCL348,Thermal Mgmt. Of Electronics,"Thermal Mgmt. Of Electronics introduces core concepts and practical techniques related to thermal mgmt. of electronics.
Students will learn theory and hands-on skills, with assignments and projects to apply knowledge.",3.0,"['Foundational Knowledge', 'Problem Solving']",P.M.V.SUBBARAO,"['ENGMATH101', 'DS102']",J,45.0,MCL,4.92,[],3.0
MCL361,Manufacturing System Design,"Manufacturing System Design introduces core concepts and practical techniques related to manufacturing system design.
Students will learn theory and hands-on skills, with assignments and projects to apply knowledge.",3.0,"['Debugging', 'Modeling & Simulation', 'Software Design', 'Programming', 'Engineering Analysis', 'Problem Solving', 'System Design']",MINAKSHI KUMARI,"['ENGMATH101', 'DS102']",D,175.0,MCL,2.98,"['SDE', 'Software Engineer', 'Developer']",3.0
MCL380,Spl. Topics In Mechanical Engg,"Spl. Topics In Mechanical Engg introduces core concepts and practical techniques related to spl. topics in mechanical engg.
Students will learn theory and hands-on skills, with assignments and projects to apply knowledge.",3.0,"['Foundational Knowledge', 'Problem Solving']",ANURAG GOYAL,"['ENGMATH101', 'DS102']",F,30.0,MCL,1.15,[],3.0
MCL421,Automotive Structural Design,"Automotive Structural Design introduces core concepts and practical techniques related to automotive structural design.
Students will learn theory and hands-on skills, with assignments and projects to apply knowledge.",4.0,"['Modeling & Simulation', 'Problem Solving', 'Engineering Analysis']",ANOOP CHAWLA,"['ENGMATH101', 'DS102']",D,20.0,MCL,3.01,[],2.0
MCL431,Cam And Automation,"Cam And Automation introduces core concepts and practical techniques related to cam and automation.
Students will learn theory and hands-on skills, with assignments and projects to apply knowledge.",4.0,"['Foundational Knowledge', 'Problem Solving']",SUNIL JHA,"['ENGMATH101', 'DS102']",S1,0.0,MCL,3.36,[],2.0
MCL705,Experimental Methods,"Experimental Methods introduces core concepts and practical techniques related to experimental methods.
Students will learn theory and hands-on skills, with assignments and projects to apply knowledge.",7.0,"['Foundational Knowledge', 'Problem Solving']","KRISHNA KANT AGRAWAL   , SANGEETA KOHLI","['ENGMATH101', 'DS102']",C,60.0,MCL,4.48,[],3.0
MCL707,Thermal Turbomachines,"Thermal Turbomachines introduces core concepts and practical techniques related to thermal turbomachines.
Students will learn theory and hands-on skills, with assignments and projects to apply knowledge.",7.0,"['Statistics', 'Data Analysis', 'Model Evaluation', 'ML Basics']",B. PREMACHANDRAN,"['ENGMATH101', 'DS102']",E,30.0,MCL,4.5,"['DATA SCIENCE', 'ML ROLES', 'MLE ENGINEER']",3.0
MCL711,Fracture Mechanics In Design,"Fracture Mechanics In Design introduces core concepts and practical techniques related to fracture mechanics in design.
Students will learn theory and hands-on skills, with assignments and projects to apply knowledge.",7.0,"['Modeling & Simulation', 'Problem Solving', 'Engineering Analysis']",NARESH VARMA DATLA,"['ENGMATH101', 'DS102']",B,30.0,MCL,2.76,[],2.0
MCL714,Orthopedic Biomechanics And Implant Design,"Orthopedic Biomechanics And Implant Design introduces core concepts and practical techniques related to orthopedic biomechanics and implant design.
Students will learn theory and hands-on skills, with assignments and projects to apply knowledge.",7.0,"['Modeling & Simulation', 'Problem Solving', 'Engineering Analysis']",KAUSHIK MUKHERJEE,"['ENGMATH101', 'DS102']",F,10.0,MCL,3.1,[],2.0
MCL730,Designing With Advance Materials,"Designing With Advance Materials introduces core concepts and practical techniques related to designing with advance materials.
Students will learn theory and hands-on skills, with assignments and projects to apply knowledge.",7.0,"['Modeling & Simulation', 'Problem Solving', 'Engineering Analysis']",NARESH VARMA DATLA,"['ENGMATH101', 'DS102']",S1,0.0,MCL,2.83,[],3.0
MCL732,Air Pollution: Sources And Apportionment,"Air Pollution: Sources And Apportionment introduces core concepts and practical techniques related to air pollution: sources and apportionment.
Students will learn theory and hands-on skills, with assignments and projects to apply knowledge.",7.0,"['Foundational Knowledge', 'Problem Solving']",MAYANK KUMAR,"['ENGMATH101', 'DS102']",H,20.0,MCL,3.89,[],3.0
MCL733,Vibrations And Noise Engineering,"Vibrations And Noise Engineering introduces core concepts and practical techniques related to vibrations and noise engineering.
Students will learn theory and hands-on skills, with assignments and projects to apply knowledge.",7.0,"['Modeling & Simulation', 'Problem Solving', 'Engineering Analysis']",ASHISH KAMALAKAR DARPE,"['ENGMATH101', 'DS102']",A,30.0,MCL,2.64,[],3.0
MCL736,Automotive Design,"Automotive Design introduces core concepts and practical techniques related to automotive design.
Students will learn theory and hands-on skills, with assignments and projects to apply knowledge.",7.0,"['Modeling & Simulation', 'Problem Solving', 'Engineering Analysis']",ANOOP CHAWLA,"['ENGMATH101', 'DS102']",D,20.0,MCL,3.62,[],3.0
MCL738,Dynamics Of Multibody Systems,"Dynamics Of Multibody Systems introduces core concepts and practical techniques related to dynamics of multibody systems.
Students will learn theory and hands-on skills, with assignments and projects to apply knowledge.",7.0,"['Debugging', 'Modeling & Simulation', 'Software Design', 'Programming', 'Engineering Analysis', 'Problem Solving', 'System Design']",SUBIR KUMAR SAHA,"['ENGMATH101', 'DS102']",B,30.0,MCL,1.62,"['SDE', 'Software Engineer', 'Developer']",2.0
MCL741,Control Engineering,"Control Engineering introduces core concepts and practical techniques related to control engineering.
Students will learn theory and hands-on skills, with assignments and projects to apply knowledge.",7.0,"['Modeling & Simulation', 'Problem Solving', 'Engineering Analysis']",JAYANTA KUMAR DUTT,"['ENGMATH101', 'DS102']",E,30.0,MCL,2.88,[],3.0
MCL745,Robotics,"Robotics introduces core concepts and practical techniques related to robotics.
Students will learn theory and hands-on skills, with assignments and projects to apply knowledge.",7.0,"['Foundational Knowledge', 'Problem Solving']",SUBIR KUMAR SAHA,"['ENGMATH101', 'DS102']",C,15.0,MCL,4.88,[],3.0
MCL747,Design Of Precision Machines,"Design Of Precision Machines introduces core concepts and practical techniques related to design of precision machines.
Students will learn theory and hands-on skills, with assignments and projects to apply knowledge.",7.0,"['Modeling & Simulation', 'ML Basics', 'Model Evaluation', 'Engineering Analysis', 'Data Analysis', 'Statistics', 'Problem Solving']",SUDIPTO MUKHERJEE,"['ENGMATH101', 'DS102']",B,30.0,MCL,2.35,"['DATA SCIENCE', 'ML ROLES', 'MLE ENGINEER']",2.0
MCL748,Tribological System Design,"Tribological System Design introduces core concepts and practical techniques related to tribological system design.
Students will learn theory and hands-on skills, with assignments and projects to apply knowledge.",7.0,"['Debugging', 'Modeling & Simulation', 'Software Design', 'Programming', 'Engineering Analysis', 'Problem Solving', 'System Design']",HARISH HIRANI,"['ENGMATH101', 'DS102']",F,30.0,MCL,3.77,"['SDE', 'Software Engineer', 'Developer']",3.0
MCL754,Operations Planning And Contro,"Operations Planning And Contro introduces core concepts and practical techniques related to operations planning and contro.
Students will learn theory and hands-on skills, with assignments and projects to apply knowledge.",7.0,"['Foundational Knowledge', 'Problem Solving']",SHAURYA SHRIYAM,"['ENGMATH101', 'DS102']",J,23.0,MCL,3.6,[],3.0
MCL756,Supply Chain Management,"Supply Chain Management introduces core concepts and practical techniques related to supply chain management.
Students will learn theory and hands-on skills, with assignments and projects to apply knowledge.",7.0,"['Foundational Knowledge', 'Problem Solving']",SANJEEV GOVINDRAO DESHMUKH,"['ENGMATH101', 'DS102']",K,75.0,MCL,4.41,[],3.0
MCL758,Optimization,"Optimization introduces core concepts and practical techniques related to optimization.
Students will learn theory and hands-on skills, with assignments and projects to apply knowledge.",7.0,"['Foundational Knowledge', 'Problem Solving']",AMBER SRIVASTAVA,"['ENGMATH101', 'DS102']",M,60.0,MCL,4.41,[],3.0
MCL770,Stochastic Modeling And Simulation,"Stochastic Modeling And Simulation introduces core concepts and practical techniques related to stochastic modeling and simulation.
Students will learn theory and hands-on skills, with assignments and projects to apply knowledge.",7.0,"['Foundational Knowledge', 'Problem Solving']",NOMESH BHOJKUMAR BOLIA,"['ENGMATH101', 'DS102']",A,30.0,MCL,4.44,[],3.0
MCL775,Special Topics In Ie,"Special Topics In Ie introduces core concepts and practical techniques related to special topics in ie.
Students will learn theory and hands-on skills, with assignments and projects to apply knowledge.",7.0,"['Foundational Knowledge', 'Problem Solving']",PRASHANT PALKAR,"['ENGMATH101', 'DS102']",AB,30.0,MCL,2.52,[],3.0
MCL782,Computational Methods,"Computational Methods introduces core concepts and practical techniques related to computational methods.
Students will learn theory and hands-on skills, with assignments and projects to apply knowledge.",7.0,"['Foundational Knowledge', 'Problem Solving']",PULAK MOHAN PANDEY,"['ENGMATH101', 'DS102']",B,30.0,MCL,2.27,[],2.0
MCL784,Computer Aided Manufacturing,"Computer Aided Manufacturing introduces core concepts and practical techniques related to computer aided manufacturing.
Students will learn theory and hands-on skills, with assignments and projects to apply knowledge.",7.0,"['Programming', 'Software Design', 'Debugging', 'System Design']",SUNIL JHA,"['ENGMATH101', 'DS102']",F,30.0,MCL,3.87,[],3.0
MCL786,Metrology,"Metrology introduces core concepts and practical techniques related to metrology.
Students will learn theory and hands-on skills, with assignments and projects to apply knowledge.",7.0,"['Foundational Knowledge', 'Problem Solving']","ABHISHEK DAS , PRITHVIRAJ MUKHOPADHYAY","['ENGMATH101', 'DS102']",E,30.0,MCL,4.04,[],2.0
MCL796,Additive Manufacturing,"Additive Manufacturing introduces core concepts and practical techniques related to additive manufacturing.
Students will learn theory and hands-on skills, with assignments and projects to apply knowledge.",7.0,"['Foundational Knowledge', 'Problem Solving']",SAGAR SARKAR,"['ENGMATH101', 'DS102']",B,15.0,MCL,4.49,[],3.0
MCL813,Computational Heat Transfer,"Computational Heat Transfer introduces core concepts and practical techniques related to computational heat transfer.
Students will learn theory and hands-on skills, with assignments and projects to apply knowledge.",8.0,"['Foundational Knowledge', 'Problem Solving']",SUPREET SINGH BAHGA,"['ENGMATH101', 'DS102']",J,30.0,MCL,1.14,[],3.0
MCL814,Convective Heat Transfer,"Convective Heat Transfer introduces core concepts and practical techniques related to convective heat transfer.
Students will learn theory and hands-on skills, with assignments and projects to apply knowledge.",8.0,"['Foundational Knowledge', 'Problem Solving']",P.M.V.SUBBARAO,"['ENGMATH101', 'DS102']",B,10.0,MCL,1.27,[],3.0
MCL816,Gas Dynamics,"Gas Dynamics introduces core concepts and practical techniques related to gas dynamics.
Students will learn theory and hands-on skills, with assignments and projects to apply knowledge.",8.0,"['Modeling & Simulation', 'Problem Solving', 'Engineering Analysis']",PRATIK DAS,"['ENGMATH101', 'DS102']",J,15.0,MCL,3.52,[],3.0
MCL817,Heat Exchangers,"Heat Exchangers introduces core concepts and practical techniques related to heat exchangers.
Students will learn theory and hands-on skills, with assignments and projects to apply knowledge.",8.0,"['Foundational Knowledge', 'Problem Solving']",B. PREMACHANDRAN,"['ENGMATH101', 'DS102']",D,10.0,MCL,4.68,[],3.0
MCL819,Lattice Boltzmann Method,"Lattice Boltzmann Method introduces core concepts and practical techniques related to lattice boltzmann method.
Students will learn theory and hands-on skills, with assignments and projects to apply knowledge.",8.0,"['Foundational Knowledge', 'Problem Solving']",AMIT GUPTA,"['ENGMATH101', 'DS102']",F,10.0,MCL,4.99,[],3.0
MCL821,Radiation Heat Transfer,"Radiation Heat Transfer introduces core concepts and practical techniques related to radiation heat transfer.
Students will learn theory and hands-on skills, with assignments and projects to apply knowledge.",8.0,"['Foundational Knowledge', 'Problem Solving']",SANGEETA KOHLI,"['ENGMATH101', 'DS102']",F,10.0,MCL,3.99,[],3.0
MCL823,Thermal Design,"Thermal Design introduces core concepts and practical techniques related to thermal design.
Students will learn theory and hands-on skills, with assignments and projects to apply knowledge.",8.0,"['Modeling & Simulation', 'Problem Solving', 'Engineering Analysis']",ANJAN RAY,"['ENGMATH101', 'DS102']",E,5.0,MCL,2.74,[],3.0
MCL826,Introduction To Microfluidics,"Introduction To Microfluidics introduces core concepts and practical techniques related to introduction to microfluidics.
Students will learn theory and hands-on skills, with assignments and projects to apply knowledge.",8.0,"['Modeling & Simulation', 'Problem Solving', 'Engineering Analysis']",DEBABRATA DASGUPTA,"['ENGMATH101', 'DS102']",X,10.0,MCL,1.39,[],3.0
MCL839,Rotor Dynamics,"Rotor Dynamics introduces core concepts and practical techniques related to rotor dynamics.
Students will learn theory and hands-on skills, with assignments and projects to apply knowledge.",8.0,"['Modeling & Simulation', 'Problem Solving', 'Engineering Analysis']",ASHISH KAMALAKAR DARPE,"['ENGMATH101', 'DS102']",B,15.0,MCL,3.53,[],2.0
MCL865,Advanced Operations Research,"Advanced Operations Research introduces core concepts and practical techniques related to advanced operations research.
Students will learn theory and hands-on skills, with assignments and projects to apply knowledge.",8.0,"['Technical Writing', 'Project Management', 'Research']",VARUN  RAMAMOHAN,"['ENGMATH101', 'DS102']",E,50.0,MCL,4.49,[],3.0
MCP100,Engg. Visualization & Comm.,"Engg. Visualization & Comm. introduces core concepts and practical techniques related to engg. visualization & comm..
Students will learn theory and hands-on skills, with assignments and projects to apply knowledge.",1.0,"['Foundational Knowledge', 'Problem Solving']","DEVENDRA KUMAR DUBEY , GIRISH CHANDRA , SANTOSH KUMAR , ARPAN GUPTA , RAMA KRISHNA K   , SUJEET KUMAR SINHA   , NARESH VARMA DATLA",[],P,700.0,MCP,2.77,[],0.0
MCP101,Product Realization Through Manufacturing,"Product Realization Through Manufacturing introduces core concepts and practical techniques related to product realization through manufacturing.
Students will learn theory and hands-on skills, with assignments and projects to apply knowledge.",1.0,"['Foundational Knowledge', 'Problem Solving']",SAGAR SARKAR,[],K,700.0,MCP,3.78,[],0.0
MCP232,Production Engineering Lab I,"Production Engineering Lab I introduces core concepts and practical techniques related to production engineering lab i.
Students will learn theory and hands-on skills, with assignments and projects to apply knowledge.",2.0,"['Modeling & Simulation', 'Problem Solving', 'Engineering Analysis']",KUSUM MEENA,[],X,0.0,MCP,4.61,[],0.0
MCP261,Industrial Engineering Lab - I,"Industrial Engineering Lab - I introduces core concepts and practical techniques related to industrial engineering lab - i.
Students will learn theory and hands-on skills, with assignments and projects to apply knowledge.",2.0,"['Modeling & Simulation', 'Problem Solving', 'Engineering Analysis']",AMBER SRIVASTAVA,[],X,120.0,MCP,1.18,[],0.0
MCP301,Mechanical Engineering Lab - I,"Mechanical Engineering Lab - I introduces core concepts and practical techniques related to mechanical engineering lab - i.
Students will learn theory and hands-on skills, with assignments and projects to apply knowledge.",3.0,"['Modeling & Simulation', 'Problem Solving', 'Engineering Analysis']","SATINDER PAUL SINGH , JAYANTA KUMAR DUTT",[],D,190.0,MCP,4.18,[],0.0
MCP331,Manufacturing Laboratory-Ii,"Manufacturing Laboratory-Ii introduces core concepts and practical techniques related to manufacturing laboratory-ii.
Students will learn theory and hands-on skills, with assignments and projects to apply knowledge.",3.0,"['Foundational Knowledge', 'Problem Solving']",SUDARSAN GHOSH,[],X,100.0,MCP,2.17,[],0.0
MCP332,Production Engineering Lab- Ii,"Production Engineering Lab- Ii introduces core concepts and practical techniques related to production engineering lab- ii.
Students will learn theory and hands-on skills, with assignments and projects to apply knowledge.",3.0,"['Modeling & Simulation', 'Problem Solving', 'Engineering Analysis']",SIVANANDAM ARAVINDAN,[],X,100.0,MCP,2.5,[],0.0
MCQ301,Seminar Course - I,"Seminar Course - I introduces core concepts and practical techniques related to seminar course - i.
Students will learn theory and hands-on skills, with assignments and projects to apply knowledge.",3.0,"['Technical Writing', 'Project Management', 'Research']",SUBIR KUMAR SAHA,[],P,30.0,MCQ,1.58,[],0.0
MCQ302,Seminar Course - Ii,"Seminar Course - Ii introduces core concepts and practical techniques related to seminar course - ii.
Students will learn theory and hands-on skills, with assignments and projects to apply knowledge.",3.0,"['Technical Writing', 'Project Management', 'Research']",SANGEETA KOHLI,[],P,40.0,MCQ,3.12,[],0.0
MCQ303,Seminar Course - Iii,"Seminar Course - Iii introduces core concepts and practical techniques related to seminar course - iii.
Students will learn theory and hands-on skills, with assignments and projects to apply knowledge.",3.0,"['Technical Writing', 'Project Management', 'Research']",SAGAR SARKAR,[],P,40.0,MCQ,3.26,[],0.0
MCV390A,Spl. Module In Mechanical Engg (Energy Efficiency In Thermal Systems),"Spl. Module In Mechanical Engg (Energy Efficiency In Thermal Systems) introduces core concepts and practical techniques related to spl. module in mechanical engg (energy efficiency in thermal systems).
Students will learn theory and hands-on skills, with assignments and projects to apply knowledge.",3.0,"['Programming', 'Software Design', 'Debugging', 'System Design']",PRABAL TALUKDAR,[],M,30.0,MCV,4.17,"['SDE', 'Software Engineer', 'Developer']",1.0
MED7153,Cornerstone Project,"Cornerstone Project introduces core concepts and practical techniques related to cornerstone project.
Students will learn theory and hands-on skills, with assignments and projects to apply knowledge.",7.0,"['Technical Writing', 'Project Management', 'Research']",PRASHANT PALKAR,[],X,20.0,MED,1.68,[],0.0
MED7252,Major Project Part-2 (Project Intensive Track),"Major Project Part-2 (Project Intensive Track) introduces core concepts and practical techniques related to major project part-2 (project intensive track).
Students will learn theory and hands-on skills, with assignments and projects to apply knowledge.",7.0,"['Technical Writing', 'Project Management', 'Research']",RAMA KRISHNA K,[],X,15.0,MED,1.32,[],0.0
MED7253,Cornerstone Project,"Cornerstone Project introduces core concepts and practical techniques related to cornerstone project.
Students will learn theory and hands-on skills, with assignments and projects to apply knowledge.",7.0,"['Technical Writing', 'Project Management', 'Research']",RAMA KRISHNA K,[],X,30.0,MED,4.48,[],0.0
MED7353,Cornerstone Project,"Cornerstone Project introduces core concepts and practical techniques related to cornerstone project.
Students will learn theory and hands-on skills, with assignments and projects to apply knowledge.",7.0,"['Technical Writing', 'Project Management', 'Research']",SAGAR SARKAR,[],X,30.0,MED,3.48,[],0.0
MED7453,Corner-Stone Project,"Corner-Stone Project introduces core concepts and practical techniques related to corner-stone project.
Students will learn theory and hands-on skills, with assignments and projects to apply knowledge.",7.0,"['Technical Writing', 'Project Management', 'Research']",PRATIK DAS,[],X,35.0,MED,1.96,[],0.0
MEL1002,Engineering Mechanics,"Engineering Mechanics introduces core concepts and practical techniques related to engineering mechanics.
Students will learn theory and hands-on skills, with assignments and projects to apply knowledge.",1.0,"['Modeling & Simulation', 'Problem Solving', 'Engineering Analysis']","RAMA KRISHNA K   , RAJAN  PRASAD , P.M.V.SUBBARAO","['ENGMATH101', 'DS102']",C,700.0,MEL,4.65,[],3.0
MEL7001,Professional Ethics For Mechanical Engineers,"Professional Ethics For Mechanical Engineers introduces core concepts and practical techniques related to professional ethics for mechanical engineers.
Students will learn theory and hands-on skills, with assignments and projects to apply knowledge.",7.0,"['Foundational Knowledge', 'Problem Solving']",SUJEET KUMAR SINHA,"['ENGMATH101', 'DS102']",X,200.0,MEL,1.57,[],1.0
MEL7111,Integer Programming,"Integer Programming introduces core concepts and practical techniques related to integer programming.
Students will learn theory and hands-on skills, with assignments and projects to apply knowledge.",7.0,"['Programming', 'Software Design', 'Debugging', 'System Design']",PRASHANT PALKAR,"['ENGMATH101', 'DS102']",AB,30.0,MEL,2.84,"['SDE', 'Software Engineer', 'Developer']",3.0
MEL7118,Reinforcement Learning,"Reinforcement Learning introduces core concepts and practical techniques related to reinforcement learning.
Students will learn theory and hands-on skills, with assignments and projects to apply knowledge.",7.0,"['Foundational Knowledge', 'Problem Solving']",AMBER SRIVASTAVA,"['ENGMATH101', 'DS102']",AA,30.0,MEL,2.02,[],3.0
MEL7120,Introduction To Stochastic Modeling And Simulation,"Introduction To Stochastic Modeling And Simulation introduces core concepts and practical techniques related to introduction to stochastic modeling and simulation.
Students will learn theory and hands-on skills, with assignments and projects to apply knowledge.",7.0,"['Foundational Knowledge', 'Problem Solving']",NOMESH BHOJKUMAR BOLIA,"['ENGMATH101', 'DS102']",A,30.0,MEL,2.02,[],3.0
MEL7125,Stochastic Simulation Development And Analysis,"Stochastic Simulation Development And Analysis introduces core concepts and practical techniques related to stochastic simulation development and analysis.
Students will learn theory and hands-on skills, with assignments and projects to apply knowledge.",7.0,"['Programming', 'Software Design', 'Debugging', 'System Design']",VARUN  RAMAMOHAN,"['ENGMATH101', 'DS102']",AB,50.0,MEL,1.04,"['SDE', 'Software Engineer', 'Developer']",3.0
MEL7126,Special Topics In Ieor,"Special Topics In Ieor introduces core concepts and practical techniques related to special topics in ieor.
Students will learn theory and hands-on skills, with assignments and projects to apply knowledge.",7.0,"['Foundational Knowledge', 'Problem Solving']",SHAURYA SHRIYAM,"['ENGMATH101', 'DS102']",J,30.0,MEL,4.22,[],3.0
MEL7206,Finite Element Method,"Finite Element Method introduces core concepts and practical techniques related to finite element method.
Students will learn theory and hands-on skills, with assignments and projects to apply knowledge.",7.0,"['Foundational Knowledge', 'Problem Solving']",KAUSHIK MUKHERJEE,"['ENGMATH101', 'DS102']",D,35.0,MEL,4.6,[],2.0
MEL7211,Robotics,"Robotics introduces core concepts and practical techniques related to robotics.
Students will learn theory and hands-on skills, with assignments and projects to apply knowledge.",7.0,"['Foundational Knowledge', 'Problem Solving']",SUBIR KUMAR SAHA,"['ENGMATH101', 'DS102']",C,15.0,MEL,3.71,[],3.0
MEL7213,Automotive Structural Design,"Automotive Structural Design introduces core concepts and practical techniques related to automotive structural design.
Students will learn theory and hands-on skills, with assignments and projects to apply knowledge.",7.0,"['Modeling & Simulation', 'Problem Solving', 'Engineering Analysis']",ANOOP CHAWLA,"['ENGMATH101', 'DS102']",D,20.0,MEL,1.63,[],2.0
MEL7215,Acoustics And Noise Control,"Acoustics And Noise Control introduces core concepts and practical techniques related to acoustics and noise control.
Students will learn theory and hands-on skills, with assignments and projects to apply knowledge.",7.0,"['Foundational Knowledge', 'Problem Solving']","ARPAN GUPTA , ASHISH KAMALAKAR DARPE","['ENGMATH101', 'DS102']",B,20.0,MEL,2.77,[],3.0
MEL7216,Machine Learning For Computational Design,"Machine Learning For Computational Design introduces core concepts and practical techniques related to machine learning for computational design.
Students will learn theory and hands-on skills, with assignments and projects to apply knowledge.",7.0,"['Modeling & Simulation', 'ML Basics', 'Model Evaluation', 'Engineering Analysis', 'Data Analysis', 'Statistics', 'Problem Solving']",NARESH VARMA DATLA,"['ENGMATH101', 'DS102']",C,15.0,MEL,2.38,"['DATA SCIENCE', 'ML ROLES', 'MLE ENGINEER']",2.0
MEL7232,Orthopedic Biomechanics And Implant Design,"Orthopedic Biomechanics And Implant Design introduces core concepts and practical techniques related to orthopedic biomechanics and implant design.
Students will learn theory and hands-on skills, with assignments and projects to apply knowledge.",7.0,"['Modeling & Simulation', 'Problem Solving', 'Engineering Analysis']",KAUSHIK MUKHERJEE,"['ENGMATH101', 'DS102']",F,15.0,MEL,3.35,[],2.0
MEL7304,Metrology,"Metrology introduces core concepts and practical techniques related to metrology.
Students will learn theory and hands-on skills, with assignments and projects to apply knowledge.",7.0,"['Foundational Knowledge', 'Problem Solving']","ABHISHEK DAS , PRITHVIRAJ MUKHOPADHYAY","['ENGMATH101', 'DS102']",E,40.0,MEL,3.56,[],2.0
MEL7306,Additive Manufacturing,"Additive Manufacturing introduces core concepts and practical techniques related to additive manufacturing.
Students will learn theory and hands-on skills, with assignments and projects to apply knowledge.",7.0,"['Foundational Knowledge', 'Problem Solving']",SAGAR SARKAR,"['ENGMATH101', 'DS102']",B,35.0,MEL,2.7,[],3.0
MEL7307,Smart Manufacturing,"Smart Manufacturing introduces core concepts and practical techniques related to smart manufacturing.
Students will learn theory and hands-on skills, with assignments and projects to apply knowledge.",7.0,"['Foundational Knowledge', 'Problem Solving']",SUNIL JHA,"['ENGMATH101', 'DS102']",F,30.0,MEL,2.0,[],3.0
MEL7405,Convective Heat Transfer,"Convective Heat Transfer introduces core concepts and practical techniques related to convective heat transfer.
Students will learn theory and hands-on skills, with assignments and projects to apply knowledge.",7.0,"['Foundational Knowledge', 'Problem Solving']",P.M.V.SUBBARAO,"['ENGMATH101', 'DS102']",B,25.0,MEL,4.38,[],3.0
MEL7406,Scientific Computing For Thermofluids,"Scientific Computing For Thermofluids introduces core concepts and practical techniques related to scientific computing for thermofluids.
Students will learn theory and hands-on skills, with assignments and projects to apply knowledge.",7.0,"['Modeling & Simulation', 'Problem Solving', 'Engineering Analysis']",SUBHRA DATTA,"['ENGMATH101', 'DS102']",M,35.0,MEL,1.8,[],2.0
MEL7413,Radiative Heat Transfer,"Radiative Heat Transfer introduces core concepts and practical techniques related to radiative heat transfer.
Students will learn theory and hands-on skills, with assignments and projects to apply knowledge.",7.0,"['Foundational Knowledge', 'Problem Solving']",SANGEETA KOHLI,"['ENGMATH101', 'DS102']",F,10.0,MEL,2.54,[],3.0
MEL7415,Lattice Boltzmann Method,"Lattice Boltzmann Method introduces core concepts and practical techniques related to lattice boltzmann method.
Students will learn theory and hands-on skills, with assignments and projects to apply knowledge.",7.0,"['Foundational Knowledge', 'Problem Solving']",AMIT GUPTA,"['ENGMATH101', 'DS102']",F,15.0,MEL,2.93,[],2.0
MEL7421,Aerodynamics Of Flight,"Aerodynamics Of Flight introduces core concepts and practical techniques related to aerodynamics of flight.
Students will learn theory and hands-on skills, with assignments and projects to apply knowledge.",7.0,"['Modeling & Simulation', 'Problem Solving', 'Engineering Analysis']",SUPREET SINGH BAHGA,"['ENGMATH101', 'DS102']",F,30.0,MEL,1.95,[],3.0
MEL7423,Thermal Design,"Thermal Design introduces core concepts and practical techniques related to thermal design.
Students will learn theory and hands-on skills, with assignments and projects to apply knowledge.",7.0,"['Modeling & Simulation', 'Problem Solving', 'Engineering Analysis']",ANJAN RAY,"['ENGMATH101', 'DS102']",E,25.0,MEL,3.29,[],3.0
MEL7430,Heat Exchangers,"Heat Exchangers introduces core concepts and practical techniques related to heat exchangers.
Students will learn theory and hands-on skills, with assignments and projects to apply knowledge.",7.0,"['Foundational Knowledge', 'Problem Solving']",B. PREMACHANDRAN,"['ENGMATH101', 'DS102']",D,20.0,MEL,3.3,[],3.0
MEL7431,Gas Dynamics,"Gas Dynamics introduces core concepts and practical techniques related to gas dynamics.
Students will learn theory and hands-on skills, with assignments and projects to apply knowledge.",7.0,"['Modeling & Simulation', 'Problem Solving', 'Engineering Analysis']",PRATIK DAS,"['ENGMATH101', 'DS102']",J,25.0,MEL,4.97,[],3.0
MEL7432,Introduction To Microfluidics,"Introduction To Microfluidics introduces core concepts and practical techniques related to introduction to microfluidics.
Students will learn theory and hands-on skills, with assignments and projects to apply knowledge.",7.0,"['Modeling & Simulation', 'Problem Solving', 'Engineering Analysis']",DEBABRATA DASGUPTA,"['ENGMATH101', 'DS102']",X,10.0,MEL,2.18,[],3.0
MEL7433,Air Pollution: Sources And Apportionment,"Air Pollution: Sources And Apportionment introduces core concepts and practical techniques related to air pollution: sources and apportionment.
Students will learn theory and hands-on skills, with assignments and projects to apply knowledge.",7.0,"['Foundational Knowledge', 'Problem Solving']",MAYANK KUMAR,"['ENGMATH101', 'DS102']",H,30.0,MEL,4.91,[],3.0
MEL8262,Rotor Dynamics,"Rotor Dynamics introduces core concepts and practical techniques related to rotor dynamics.
Students will learn theory and hands-on skills, with assignments and projects to apply knowledge.",8.0,"['Modeling & Simulation', 'Problem Solving', 'Engineering Analysis']",ASHISH KAMALAKAR DARPE,"['ENGMATH101', 'DS102']",B,15.0,MEL,3.63,[],2.0
MEL8418,"Heating, Ventilating And Air-Conditioning (Hvac) Technologies","Heating, Ventilating And Air-Conditioning (Hvac) Technologies introduces core concepts and practical techniques related to heating, ventilating and air-conditioning (hvac) technologies.
Students will learn theory and hands-on skills, with assignments and projects to apply knowledge.",8.0,"['Foundational Knowledge', 'Problem Solving']",ANURAG GOYAL,"['ENGMATH101', 'DS102']",J,30.0,MEL,2.1,[],3.0
MEL8828,Turbulent Combustion: Modelling And Applications,"Turbulent Combustion: Modelling And Applications introduces core concepts and practical techniques related to turbulent combustion: modelling and applications.
Students will learn theory and hands-on skills, with assignments and projects to apply knowledge.",8.0,"['Foundational Knowledge', 'Problem Solving']",KRISHNA KANT AGRAWAL,"['ENGMATH101', 'DS102']",X,20.0,MEL,3.26,[],3.0
MEN7002,Teaching And Research Practicum,"Teaching And Research Practicum introduces core concepts and practical techniques related to teaching and research practicum.
Students will learn theory and hands-on skills, with assignments and projects to apply knowledge.",7.0,"['Technical Writing', 'Project Management', 'Research']",DEBABRATA DASGUPTA,[],X,200.0,MEN,3.74,[],0.0
MEP1000,Engineering Visualization,"Engineering Visualization introduces core concepts and practical techniques related to engineering visualization.
Students will learn theory and hands-on skills, with assignments and projects to apply knowledge.",1.0,"['Modeling & Simulation', 'Problem Solving', 'Engineering Analysis']","DEVENDRA KUMAR DUBEY , RAJ KUMAR PANDEY   , JAYANTA KUMAR DUTT ,",[],P,700.0,MEP,3.98,[],0.0
MEP1001,Manufacturing For Product Innovation,"Manufacturing For Product Innovation introduces core concepts and practical techniques related to manufacturing for product innovation.
Students will learn theory and hands-on skills, with assignments and projects to apply knowledge.",1.0,"['Foundational Knowledge', 'Problem Solving']",PULAK MOHAN PANDEY,[],B,700.0,MEP,1.2,[],0.0
MEP7003,Research Communication,"Research Communication introduces core concepts and practical techniques related to research communication.
Students will learn theory and hands-on skills, with assignments and projects to apply knowledge.",7.0,"['Technical Writing', 'Project Management', 'Research']",SUBIR KUMAR SAHA,[],K,60.0,MEP,3.43,[],0.0
VLM101,Industrial Safety And Hazards,"Industrial Safety And Hazards introduces core concepts and practical techniques related to industrial safety and hazards.
Students will learn theory and hands-on skills, with assignments and projects to apply knowledge.",1.0,"['Foundational Knowledge', 'Problem Solving']",P.M.V.SUBBARAO,[],X,35.0,VLM,2.99,[],1.0
VLM102,Energy Management In Manufacturing,"Energy Management In Manufacturing introduces core concepts and practical techniques related to energy management in manufacturing.
Students will learn theory and hands-on skills, with assignments and projects to apply knowledge.",1.0,"['Foundational Knowledge', 'Problem Solving']","PRABAL TALUKDAR   , ANURAG GOYAL , AMIT GUPTA",[],X,35.0,VLM,4.62,[],0.0
VLM103,Machining Technology,"Machining Technology introduces core concepts and practical techniques related to machining technology.
Students will learn theory and hands-on skills, with assignments and projects to apply knowledge.",1.0,"['Foundational Knowledge', 'Problem Solving']","SUDARSAN GHOSH   , PRITHVIRAJ MUKHOPADHYAY",[],X,35.0,VLM,2.14,[],0.0
VLM104,Machine Tools And Tool Design,"Machine Tools And Tool Design introduces core concepts and practical techniques related to machine tools and tool design.
Students will learn theory and hands-on skills, with assignments and projects to apply knowledge.",1.0,"['Modeling & Simulation', 'ML Basics', 'Model Evaluation', 'Engineering Analysis', 'Data Analysis', 'Statistics', 'Problem Solving']","SUDARSAN GHOSH   , ASHISH KAMALAKAR DARPE",[],X,35.0,VLM,4.2,"['DATA SCIENCE', 'ML ROLES', 'MLE ENGINEER']",0.0
VLM105,Process Engineering,"Process Engineering introduces core concepts and practical techniques related to process engineering.
Students will learn theory and hands-on skills, with assignments and projects to apply knowledge.",1.0,"['Modeling & Simulation', 'Problem Solving', 'Engineering Analysis']","ABHISHEK DAS , PRITHVIRAJ MUKHOPADHYAY",[],X,35.0,VLM,3.43,[],1.0
VLM106,Engineering Measurement,"Engineering Measurement introduces core concepts and practical techniques related to engineering measurement.
Students will learn theory and hands-on skills, with assignments and projects to apply knowledge.",1.0,"['Modeling & Simulation', 'Problem Solving', 'Engineering Analysis']",PRITHVIRAJ MUKHOPADHYAY,[],X,35.0,VLM,2.41,[],0.0
VLM107,Micro And Nano Fabrication,"Micro And Nano Fabrication introduces core concepts and practical techniques related to micro and nano fabrication.
Students will learn theory and hands-on skills, with assignments and projects to apply knowledge.",1.0,"['Foundational Knowledge', 'Problem Solving']","SIVANANDAM ARAVINDAN   , SUPREET SINGH BAHGA",[],X,35.0,VLM,3.55,[],0.0
VLM108,Cad/Cam And Numerical Control,"Cad/Cam And Numerical Control introduces core concepts and practical techniques related to cad/cam and numerical control.
Students will learn theory and hands-on skills, with assignments and projects to apply knowledge.",1.0,"['Foundational Knowledge', 'Problem Solving']",NARESH VARMA DATLA,[],X,35.0,VLM,3.48,[],1.0
VLM109,Additive Manufacturing,"Additive Manufacturing introduces core concepts and practical techniques related to additive manufacturing.
Students will learn theory and hands-on skills, with assignments and projects to apply knowledge.",1.0,"['Foundational Knowledge', 'Problem Solving']",PULAK MOHAN PANDEY,[],X,35.0,VLM,3.71,[],0.0
VLM110,Automation And Smart Manufacturing,"Automation And Smart Manufacturing introduces core concepts and practical techniques related to automation and smart manufacturing.
Students will learn theory and hands-on skills, with assignments and projects to apply knowledge.",1.0,"['Foundational Knowledge', 'Problem Solving']",SUNIL JHA,[],X,35.0,VLM,3.88,[],0.0
VLM111,Robotics,"Robotics introduces core concepts and practical techniques related to robotics.
Students will learn theory and hands-on skills, with assignments and projects to apply knowledge.",1.0,"['Foundational Knowledge', 'Problem Solving']",SHAURYA SHRIYAM,[],X,35.0,VLM,3.64,[],1.0
VLM112,Advances In Materials,"Advances In Materials introduces core concepts and practical techniques related to advances in materials.
Students will learn theory and hands-on skills, with assignments and projects to apply knowledge.",1.0,"['Modeling & Simulation', 'Problem Solving', 'Engineering Analysis']","JAYANT JAIN   , RAJESH PRASAD",[],X,35.0,VLM,4.35,[],0.0
VLM113,Casting,"Casting introduces core concepts and practical techniques related to casting.
Students will learn theory and hands-on skills, with assignments and projects to apply knowledge.",1.0,"['Foundational Knowledge', 'Problem Solving']",SIVANANDAM ARAVINDAN,[],X,35.0,VLM,3.51,[],0.0
VLM114,Welding,"Welding introduces core concepts and practical techniques related to welding.
Students will learn theory and hands-on skills, with assignments and projects to apply knowledge.",1.0,"['Foundational Knowledge', 'Problem Solving']",ABHISHEK DAS,[],X,35.0,VLM,4.61,[],0.0
VLM115,Forming,"Forming introduces core concepts and practical techniques related to forming.
Students will learn theory and hands-on skills, with assignments and projects to apply knowledge.",1.0,"['Foundational Knowledge', 'Problem Solving']",DIGAVALLI RAVI KUMAR,[],X,35.0,VLM,3.59,[],0.0
VLM116,Processing Of Polymers And Composites,"Processing Of Polymers And Composites introduces core concepts and practical techniques related to processing of polymers and composites.
Students will learn theory and hands-on skills, with assignments and projects to apply knowledge.",1.0,"['Foundational Knowledge', 'Problem Solving']",KUSUM MEENA,[],X,35.0,VLM,2.24,[],1.0
VLM117,Statistics For Manufacturing Management,"Statistics For Manufacturing Management introduces core concepts and practical techniques related to statistics for manufacturing management.
Students will learn theory and hands-on skills, with assignments and projects to apply knowledge.",1.0,"['Statistics', 'Data Analysis', 'Model Evaluation', 'ML Basics']","VARUN  RAMAMOHAN , MINAKSHI KUMARI",[],X,35.0,VLM,2.76,[],0.0
VLM118,Artificial Intelligence And Machine Learning For Manufacturing Management,"Artificial Intelligence And Machine Learning For Manufacturing Management introduces core concepts and practical techniques related to artificial intelligence and machine learning for manufacturing management.
Students will learn theory and hands-on skills, with assignments and projects to apply knowledge.",1.0,"['Statistics', 'Data Analysis', 'Model Evaluation', 'ML Basics']","PRASHANT PALKAR , AMBER SRIVASTAVA",[],X,35.0,VLM,3.32,"['DATA SCIENCE', 'ML ROLES', 'MLE ENGINEER']",1.0
VLM119,Experimental And Computational Tools For Manufacturing Management,"Experimental And Computational Tools For Manufacturing Management introduces core concepts and practical techniques related to experimental and computational tools for manufacturing management.
Students will learn theory and hands-on skills, with assignments and projects to apply knowledge.",1.0,"['Foundational Knowledge', 'Problem Solving']","B. PREMACHANDRAN   , DIPAYAN DAS",[],X,35.0,VLM,3.93,[],1.0
VLM120,Leadership Talks,"Leadership Talks introduces core concepts and practical techniques related to leadership talks.
Students will learn theory and hands-on skills, with assignments and projects to apply knowledge.",1.0,"['Foundational Knowledge', 'Problem Solving']",SUSHIL,[],X,35.0,VLM,1.36,[],0.0
VEL700,Human Values And Technology,"Human Values And Technology introduces core concepts and practical techniques related to human values and technology.
Students will learn theory and hands-on skills, with assignments and projects to apply knowledge.",7.0,"['Foundational Knowledge', 'Problem Solving']",M.R. RAVI,[],M,50.0,VEL,2.18,[],2.0
VEL7100,Human Values And Technology,"Human Values And Technology introduces core concepts and practical techniques related to human values and technology.
Students will learn theory and hands-on skills, with assignments and projects to apply knowledge.",7.0,"['Foundational Knowledge', 'Problem Solving']",M.R. RAVI,[],M,10.0,VEL,3.99,[],3.0
VEQ8000,Research Communications And Ethics,"Research Communications And Ethics introduces core concepts and practical techniques related to research communications and ethics.
Students will learn theory and hands-on skills, with assignments and projects to apply knowledge.",8.0,"['Technical Writing', 'Project Management', 'Research']",RAHUL GARG,[],X,10.0,VEQ,1.7,[],0.0
VEV7030,Special Module On Inner Development-1,"Special Module On Inner Development-1 introduces core concepts and practical techniques related to special module on inner development-1.
Students will learn theory and hands-on skills, with assignments and projects to apply knowledge.",7.0,"['Programming', 'Software Design', 'Debugging', 'System Design']",JYOTI KUMAR,[],X,20.0,VEV,1.53,"['SDE', 'Software Engineer', 'Developer']",0.0
VEV7031,Special Module On Inner Development-2,"Special Module On Inner Development-2 introduces core concepts and practical techniques related to special module on inner development-2.
Students will learn theory and hands-on skills, with assignments and projects to apply knowledge.",7.0,"['Programming', 'Software Design', 'Debugging', 'System Design']",RAHUL GARG,[],K,30.0,VEV,3.16,"['SDE', 'Software Engineer', 'Developer']",0.0
VEV7032,Special Module On Inner Development-3,"Special Module On Inner Development-3 introduces core concepts and practical techniques related to special module on inner development-3.
Students will learn theory and hands-on skills, with assignments and projects to apply knowledge.",7.0,"['Programming', 'Software Design', 'Debugging', 'System Design']",SANGEETA KOHLI,[],X,30.0,VEV,4.89,"['SDE', 'Software Engineer', 'Developer']",0.0
VEV7033,Special Module On Leadership-1,"Special Module On Leadership-1 introduces core concepts and practical techniques related to special module on leadership-1.
Students will learn theory and hands-on skills, with assignments and projects to apply knowledge.",7.0,"['Foundational Knowledge', 'Problem Solving']",RAHUL GARG,[],X,30.0,VEV,3.12,[],1.0
VEV7034,Special Module On Leadership-2,"Special Module On Leadership-2 introduces core concepts and practical techniques related to special module on leadership-2.
Students will learn theory and hands-on skills, with assignments and projects to apply knowledge.",7.0,"['Foundational Knowledge', 'Problem Solving']",RAHUL GARG,[],X,30.0,VEV,4.65,[],1.0
VEV7037,Special Module On Civilization - 1,"Special Module On Civilization - 1 introduces core concepts and practical techniques related to special module on civilization - 1.
Students will learn theory and hands-on skills, with assignments and projects to apply knowledge.",7.0,"['Foundational Knowledge', 'Problem Solving']",NOMESH BHOJKUMAR BOLIA,[],X,30.0,VEV,4.32,[],1.0
VEV7038,Special Module On Civilization - 2,"Special Module On Civilization - 2 introduces core concepts and practical techniques related to special module on civilization - 2.
Students will learn theory and hands-on skills, with assignments and projects to apply knowledge.",7.0,"['Foundational Knowledge', 'Problem Solving']",NOMESH BHOJKUMAR BOLIA,[],X,30.0,VEV,2.03,[],1.0
VEV731,Special Module On Inner Development 1,"Special Module On Inner Development 1 introduces core concepts and practical techniques related to special module on inner development 1.
Students will learn theory and hands-on skills, with assignments and projects to apply knowledge.",7.0,"['Programming', 'Software Design', 'Debugging', 'System Design']",JYOTI KUMAR,[],X,300.0,VEV,4.3,"['SDE', 'Software Engineer', 'Developer']",1.0
VEV732,Special Module On Inner Development-Ii,"Special Module On Inner Development-Ii introduces core concepts and practical techniques related to special module on inner development-ii.
Students will learn theory and hands-on skills, with assignments and projects to apply knowledge.",7.0,"['Programming', 'Software Design', 'Debugging', 'System Design']",RAHUL GARG,[],K,200.0,VEV,2.93,"['SDE', 'Software Engineer', 'Developer']",1.0
VEV733,Special Module On Leadership  I,"Special Module On Leadership  I introduces core concepts and practical techniques related to special module on leadership  i.
Students will learn theory and hands-on skills, with assignments and projects to apply knowledge.",7.0,"['Foundational Knowledge', 'Problem Solving']",RAHUL GARG,[],X,300.0,VEV,4.23,[],1.0
VEV734,Special Module On Leadership-Ii,"Special Module On Leadership-Ii introduces core concepts and practical techniques related to special module on leadership-ii.
Students will learn theory and hands-on skills, with assignments and projects to apply knowledge.",7.0,"['Foundational Knowledge', 'Problem Solving']",RAHUL GARG,[],X,300.0,VEV,3.99,[],1.0
VEV737A,Special Module On Civilization-I,"Special Module On Civilization-I introduces core concepts and practical techniques related to special module on civilization-i.
Students will learn theory and hands-on skills, with assignments and projects to apply knowledge.",7.0,"['Foundational Knowledge', 'Problem Solving']",NOMESH BHOJKUMAR BOLIA,[],X,300.0,VEV,2.35,[],0.0
VEV738A,Special Module On Civilization-Ii,"Special Module On Civilization-Ii introduces core concepts and practical techniques related to special module on civilization-ii.
Students will learn theory and hands-on skills, with assignments and projects to apply knowledge.",7.0,"['Foundational Knowledge', 'Problem Solving']",NOMESH BHOJKUMAR BOLIA,[],X,0.0,VEV,1.46,[],0.0
VEV741,Special Module On Inner Development-3,"Special Module On Inner Development-3 introduces core concepts and practical techniques related to special module on inner development-3.
Students will learn theory and hands-on skills, with assignments and projects to apply knowledge.",7.0,"['Programming', 'Software Design', 'Debugging', 'System Design']",SANGEETA KOHLI,[],X,300.0,VEV,4.85,"['SDE', 'Software Engineer', 'Developer']",1.0
OPD7100,Cornerstone Project For M. Tech. Photonics,"Cornerstone Project For M. Tech. Photonics introduces core concepts and practical techniques related to cornerstone project for m. tech. photonics.
Students will learn theory and hands-on skills, with assignments and projects to apply knowledge.",7.0,"['Technical Writing', 'Project Management', 'Research']",PARVENDRA KUMAR,[],P1,10.0,OPD,1.56,[],0.0
OPL700,Optics And Photonics For Engineers & Scientists,"Optics And Photonics For Engineers & Scientists introduces core concepts and practical techniques related to optics and photonics for engineers & scientists.
Students will learn theory and hands-on skills, with assignments and projects to apply knowledge.",7.0,"['Foundational Knowledge', 'Problem Solving']",P.SENTHILKUMARAN,[],D,30.0,OPL,4.87,[],3.0
OPL7014,Integrated Photonics,"Integrated Photonics introduces core concepts and practical techniques related to integrated photonics.
Students will learn theory and hands-on skills, with assignments and projects to apply knowledge.",7.0,"['Foundational Knowledge', 'Problem Solving']",DEEPAK JAIN,[],F,30.0,OPL,4.44,[],3.0
OPL704,"Quantum Systems, Entanglement And Communication","Quantum Systems, Entanglement And Communication introduces core concepts and practical techniques related to quantum systems, entanglement and communication.
Students will learn theory and hands-on skills, with assignments and projects to apply knowledge.",7.0,"['Programming', 'Software Design', 'Debugging', 'System Design']",PARVENDRA KUMAR,[],AA1,30.0,OPL,3.9,"['SDE', 'Software Engineer', 'Developer']",1.0
OPL7100,Optics And Photonics For Engineers And Scientists,"Optics And Photonics For Engineers And Scientists introduces core concepts and practical techniques related to optics and photonics for engineers and scientists.
Students will learn theory and hands-on skills, with assignments and projects to apply knowledge.",7.0,"['Foundational Knowledge', 'Problem Solving']",AADHI A,[],D,30.0,OPL,4.92,[],3.0
OPL711,Principles Of Lasers,"Principles Of Lasers introduces core concepts and practical techniques related to principles of lasers.
Students will learn theory and hands-on skills, with assignments and projects to apply knowledge.",7.0,"['Foundational Knowledge', 'Problem Solving']",GAYATHRI BHARATHAN,[],J,30.0,OPL,4.87,[],3.0
OPL713,Information Photonics,"Information Photonics introduces core concepts and practical techniques related to information photonics.
Students will learn theory and hands-on skills, with assignments and projects to apply knowledge.",7.0,"['Foundational Knowledge', 'Problem Solving']",KEDAR BHALCHANDRA KHARE,[],M,30.0,OPL,4.22,[],3.0
OPL7130,Information Photonics,"Information Photonics introduces core concepts and practical techniques related to information photonics.
Students will learn theory and hands-on skills, with assignments and projects to apply knowledge.",7.0,"['Foundational Knowledge', 'Problem Solving']",KEDAR BHALCHANDRA KHARE,[],M,30.0,OPL,2.46,[],3.0
OPL714,Integrated Photonics,"Integrated Photonics introduces core concepts and practical techniques related to integrated photonics.
Students will learn theory and hands-on skills, with assignments and projects to apply knowledge.",7.0,"['Foundational Knowledge', 'Problem Solving']",DEEPAK JAIN,[],F,30.0,OPL,4.16,[],3.0
OPL715,Nanophotonics,"Nanophotonics introduces core concepts and practical techniques related to nanophotonics.
Students will learn theory and hands-on skills, with assignments and projects to apply knowledge.",7.0,"['Foundational Knowledge', 'Problem Solving']",DHEERAJ PRATAP,[],H,30.0,OPL,1.06,[],3.0
OPL718,Quantum Nonlinear Photonics,"Quantum Nonlinear Photonics introduces core concepts and practical techniques related to quantum nonlinear photonics.
Students will learn theory and hands-on skills, with assignments and projects to apply knowledge.",7.0,"['Foundational Knowledge', 'Problem Solving']",RITWICK DAS,[],B,30.0,OPL,3.15,[],3.0
OPL7711,Laser Science And Technology,"Laser Science And Technology introduces core concepts and practical techniques related to laser science and technology.
Students will learn theory and hands-on skills, with assignments and projects to apply knowledge.",7.0,"['Foundational Knowledge', 'Problem Solving']",GAYATHRI BHARATHAN,[],J,30.0,OPL,2.82,[],3.0
OPL7715,Nanophotonics,"Nanophotonics introduces core concepts and practical techniques related to nanophotonics.
Students will learn theory and hands-on skills, with assignments and projects to apply knowledge.",7.0,"['Foundational Knowledge', 'Problem Solving']",DHEERAJ PRATAP,[],H,30.0,OPL,3.69,[],3.0
OPL7718,Quantum Nonlinear Optics,"Quantum Nonlinear Optics introduces core concepts and practical techniques related to quantum nonlinear optics.
Students will learn theory and hands-on skills, with assignments and projects to apply knowledge.",7.0,"['Foundational Knowledge', 'Problem Solving']",RITWICK DAS,[],B,30.0,OPL,3.69,[],3.0
OPL7778,Semiconductor Optoelectronic Devices,"Semiconductor Optoelectronic Devices introduces core concepts and practical techniques related to semiconductor optoelectronic devices.
Students will learn theory and hands-on skills, with assignments and projects to apply knowledge.",7.0,"['Foundational Knowledge', 'Problem Solving']",AWANISH PANDEY,[],E,30.0,OPL,3.34,[],3.0
OPN7100,Teaching And Research Practicum,"Teaching And Research Practicum introduces core concepts and practical techniques related to teaching and research practicum.
Students will learn theory and hands-on skills, with assignments and projects to apply knowledge.",7.0,"['Technical Writing', 'Project Management', 'Research']",P.SENTHILKUMARAN,[],P3,10.0,OPN,4.29,[],0.0
OPP7020,Photonics Laboratory - 2,"Photonics Laboratory - 2 introduces core concepts and practical techniques related to photonics laboratory - 2.
Students will learn theory and hands-on skills, with assignments and projects to apply knowledge.",7.0,"['Foundational Knowledge', 'Problem Solving']",SAURABH MANI TRIPATHI,[],P2,10.0,OPP,4.76,[],0.0
OPV793,Photonic Matrix Processors For Artificial Intelligence,"Photonic Matrix Processors For Artificial Intelligence introduces core concepts and practical techniques related to photonic matrix processors for artificial intelligence.
Students will learn theory and hands-on skills, with assignments and projects to apply knowledge.",7.0,"['Statistics', 'Data Analysis', 'Model Evaluation', 'ML Basics']",AADHI A,[],AA1,30.0,OPV,1.43,"['DATA SCIENCE', 'ML ROLES', 'MLE ENGINEER']",1.0
PYL7560,Fourier Optics And Holography,"Fourier Optics And Holography introduces core concepts and practical techniques related to fourier optics and holography.
Students will learn theory and hands-on skills, with assignments and projects to apply knowledge.",7.0,"['Foundational Knowledge', 'Problem Solving']",KEDAR BHALCHANDRA KHARE,[],M,30.0,PYL,1.94,[],3.0
JOD8001,Major Project - I,"Major Project - I introduces core concepts and practical techniques related to major project - i.
Students will learn theory and hands-on skills, with assignments and projects to apply knowledge.",8.0,"['Technical Writing', 'Project Management', 'Research']",AMARTYA SENGUPTA,[],X,30.0,JOD,1.1,[],0.0
JOD802,Major Project Part-Ii,"Major Project Part-Ii introduces core concepts and practical techniques related to major project part-ii.
Students will learn theory and hands-on skills, with assignments and projects to apply knowledge.",8.0,"['Technical Writing', 'Project Management', 'Research']",AMARTYA SENGUPTA,[],X,30.0,JOD,4.54,[],0.0
PYD412,Major Project Part Ii,"Major Project Part Ii introduces core concepts and practical techniques related to major project part ii.
Students will learn theory and hands-on skills, with assignments and projects to apply knowledge.",4.0,"['Technical Writing', 'Project Management', 'Research']",PRADIPTA GHOSH,[],Q,90.0,PYD,3.25,[],0.0
PYD414,Project Iii,"Project Iii introduces core concepts and practical techniques related to project iii.
Students will learn theory and hands-on skills, with assignments and projects to apply knowledge.",4.0,"['Technical Writing', 'Project Management', 'Research']",PRADIPTA GHOSH,[],Q,90.0,PYD,4.66,[],0.0
PYD562,Project Ii,"Project Ii introduces core concepts and practical techniques related to project ii.
Students will learn theory and hands-on skills, with assignments and projects to apply knowledge.",5.0,"['Technical Writing', 'Project Management', 'Research']",RAHUL SURESH MARATHE,[],Q,90.0,PYD,1.89,[],0.0
PYD658,Mini Project,"Mini Project introduces core concepts and practical techniques related to mini project.
Students will learn theory and hands-on skills, with assignments and projects to apply knowledge.",6.0,"['Technical Writing', 'Project Management', 'Research']",RAHUL SURESH MARATHE,[],X,60.0,PYD,1.25,[],0.0
PYD7002,Cornerstone Project,"Cornerstone Project introduces core concepts and practical techniques related to cornerstone project.
Students will learn theory and hands-on skills, with assignments and projects to apply knowledge.",7.0,"['Technical Writing', 'Project Management', 'Research']",BODHADITYA SANTRA,[],X,50.0,PYD,4.3,[],0.0
PYD802,Major Project Part-Ii,"Major Project Part-Ii introduces core concepts and practical techniques related to major project part-ii.
Students will learn theory and hands-on skills, with assignments and projects to apply knowledge.",8.0,"['Technical Writing', 'Project Management', 'Research']",MARSHAL,[],Q,60.0,PYD,4.64,[],0.0
PYD852,Major Project Part-Ii,"Major Project Part-Ii introduces core concepts and practical techniques related to major project part-ii.
Students will learn theory and hands-on skills, with assignments and projects to apply knowledge.",8.0,"['Technical Writing', 'Project Management', 'Research']",BODHADITYA SANTRA,[],Q,70.0,PYD,2.21,[],0.0
PYL1001,Introduction To Electrodynamics,"Introduction To Electrodynamics introduces core concepts and practical techniques related to introduction to electrodynamics.
Students will learn theory and hands-on skills, with assignments and projects to apply knowledge.",1.0,"['Modeling & Simulation', 'Problem Solving', 'Engineering Analysis']",ROHIT NARULA,[],X,500.0,PYL,2.63,[],2.0
PYL1002,Waves And Oscillations,"Waves And Oscillations introduces core concepts and practical techniques related to waves and oscillations.
Students will learn theory and hands-on skills, with assignments and projects to apply knowledge.",1.0,"['Foundational Knowledge', 'Problem Solving']",ASHMEET SINGH,[],X,200.0,PYL,1.56,[],2.0
PYL1012,Mathematical Physics,"Mathematical Physics introduces core concepts and practical techniques related to mathematical physics.
Students will learn theory and hands-on skills, with assignments and projects to apply knowledge.",1.0,"['Foundational Knowledge', 'Problem Solving']",ABHISHEK MURALIDHAR IYER,[],X,100.0,PYL,4.79,[],3.0
PYL102,Principles Of Elect. Materials,"Principles Of Elect. Materials introduces core concepts and practical techniques related to principles of elect. materials.
Students will learn theory and hands-on skills, with assignments and projects to apply knowledge.",1.0,"['Modeling & Simulation', 'Problem Solving', 'Engineering Analysis']",AMARTYA SENGUPTA,[],H,200.0,PYL,2.22,[],3.0
PYL122,Quantum Mechanics,"Quantum Mechanics introduces core concepts and practical techniques related to quantum mechanics.
Students will learn theory and hands-on skills, with assignments and projects to apply knowledge.",1.0,"['Modeling & Simulation', 'Problem Solving', 'Engineering Analysis']",SUPRIT SINGH,[],F,120.0,PYL,2.97,[],3.0
PYL202,Statistical Physics,"Statistical Physics introduces core concepts and practical techniques related to statistical physics.
Students will learn theory and hands-on skills, with assignments and projects to apply knowledge.",2.0,"['Statistics', 'Data Analysis', 'Model Evaluation', 'ML Basics']",DEEPAK KUMAR,[],A,120.0,PYL,1.39,[],3.0
PYL204,Computational Physics,"Computational Physics introduces core concepts and practical techniques related to computational physics.
Students will learn theory and hands-on skills, with assignments and projects to apply knowledge.",2.0,"['Foundational Knowledge', 'Problem Solving']",VIKRANT SAXENA,[],B,120.0,PYL,4.55,[],3.0
PYL206,Mathematical Physics-Ii,"Mathematical Physics-Ii introduces core concepts and practical techniques related to mathematical physics-ii.
Students will learn theory and hands-on skills, with assignments and projects to apply knowledge.",2.0,"['Foundational Knowledge', 'Problem Solving']",PRADIPTA GHOSH,[],C,120.0,PYL,1.54,[],3.0
PYL206,Mathematical Physics-Ii,"Mathematical Physics-Ii introduces core concepts and practical techniques related to mathematical physics-ii.
Students will learn theory and hands-on skills, with assignments and projects to apply knowledge.",2.0,"['Foundational Knowledge', 'Problem Solving']",PRADIPTA GHOSH,[],X,1.0,PYL,2.81,[],3.0
PYL208,Solid State Physics Ii,"Solid State Physics Ii introduces core concepts and practical techniques related to solid state physics ii.
Students will learn theory and hands-on skills, with assignments and projects to apply knowledge.",2.0,"['Foundational Knowledge', 'Problem Solving']",KAUSHIK SEN,[],D,120.0,PYL,3.68,[],3.0
PYL331,Applied Quantum Mechanics,"Applied Quantum Mechanics introduces core concepts and practical techniques related to applied quantum mechanics.
Students will learn theory and hands-on skills, with assignments and projects to apply knowledge.",3.0,"['Modeling & Simulation', 'Problem Solving', 'Engineering Analysis']",BODHADITYA SANTRA,[],E,50.0,PYL,3.97,[],3.0
PYL5052,Electrodynamics,"Electrodynamics introduces core concepts and practical techniques related to electrodynamics.
Students will learn theory and hands-on skills, with assignments and projects to apply knowledge.",5.0,"['Modeling & Simulation', 'Problem Solving', 'Engineering Analysis']",HITENDRA KUMAR MALIK,[],E,90.0,PYL,4.78,[],3.0
PYL5054,Statistical Mechanics,"Statistical Mechanics introduces core concepts and practical techniques related to statistical mechanics.
Students will learn theory and hands-on skills, with assignments and projects to apply knowledge.",5.0,"['Modeling & Simulation', 'ML Basics', 'Model Evaluation', 'Engineering Analysis', 'Data Analysis', 'Statistics', 'Problem Solving']",SANKALPA GHOSH,[],A,90.0,PYL,2.68,[],3.0
PYL5056,Quantum Mechanics Ii,"Quantum Mechanics Ii introduces core concepts and practical techniques related to quantum mechanics ii.
Students will learn theory and hands-on skills, with assignments and projects to apply knowledge.",5.0,"['Modeling & Simulation', 'Problem Solving', 'Engineering Analysis']",SARTHAK PARIKH,[],H,90.0,PYL,3.97,[],3.0
PYL5058,Solid State Physics,"Solid State Physics introduces core concepts and practical techniques related to solid state physics.
Students will learn theory and hands-on skills, with assignments and projects to apply knowledge.",5.0,"['Foundational Knowledge', 'Problem Solving']",HEMANTA KUMAR KUNDU,[],B,90.0,PYL,1.62,[],3.0
PYL5060,Applied Optics,"Applied Optics introduces core concepts and practical techniques related to applied optics.
Students will learn theory and hands-on skills, with assignments and projects to apply knowledge.",5.0,"['Foundational Knowledge', 'Problem Solving']",SUNIL KUMAR,[],F,90.0,PYL,2.66,[],3.0
PYL552,Electrodynamics,"Electrodynamics introduces core concepts and practical techniques related to electrodynamics.
Students will learn theory and hands-on skills, with assignments and projects to apply knowledge.",5.0,"['Modeling & Simulation', 'Problem Solving', 'Engineering Analysis']",HITENDRA KUMAR MALIK,[],E,90.0,PYL,1.4,[],3.0
PYL556,Quantum Mechanics Ii,"Quantum Mechanics Ii introduces core concepts and practical techniques related to quantum mechanics ii.
Students will learn theory and hands-on skills, with assignments and projects to apply knowledge.",5.0,"['Modeling & Simulation', 'Problem Solving', 'Engineering Analysis']",SARTHAK PARIKH,[],H,90.0,PYL,2.96,[],3.0
PYL558,Statistical Mechanics,"Statistical Mechanics introduces core concepts and practical techniques related to statistical mechanics.
Students will learn theory and hands-on skills, with assignments and projects to apply knowledge.",5.0,"['Modeling & Simulation', 'ML Basics', 'Model Evaluation', 'Engineering Analysis', 'Data Analysis', 'Statistics', 'Problem Solving']",SANKALPA GHOSH,[],A,90.0,PYL,2.63,[],3.0
PYL560,Applied Optics,"Applied Optics introduces core concepts and practical techniques related to applied optics.
Students will learn theory and hands-on skills, with assignments and projects to apply knowledge.",5.0,"['Foundational Knowledge', 'Problem Solving']",SUNIL KUMAR,[],F,90.0,PYL,4.81,[],3.0
PYL563,Solid State Physics,"Solid State Physics introduces core concepts and practical techniques related to solid state physics.
Students will learn theory and hands-on skills, with assignments and projects to apply knowledge.",5.0,"['Foundational Knowledge', 'Problem Solving']",HEMANTA KUMAR KUNDU,[],B,90.0,PYL,1.13,[],3.0
PYL7004,Science And Technology Of Thin Films,"Science And Technology Of Thin Films introduces core concepts and practical techniques related to science and technology of thin films.
Students will learn theory and hands-on skills, with assignments and projects to apply knowledge.",7.0,"['Foundational Knowledge', 'Problem Solving']",SUJIT  MANNA,[],J,50.0,PYL,2.48,[],3.0
PYL7005,Introduction To Quantum Materials,"Introduction To Quantum Materials introduces core concepts and practical techniques related to introduction to quantum materials.
Students will learn theory and hands-on skills, with assignments and projects to apply knowledge.",7.0,"['Modeling & Simulation', 'Problem Solving', 'Engineering Analysis']",KAUSTUV MANNA,[],K,50.0,PYL,2.77,[],3.0
PYL704,Sc. & Technology Of Thin Films,"Sc. & Technology Of Thin Films introduces core concepts and practical techniques related to sc. & technology of thin films.
Students will learn theory and hands-on skills, with assignments and projects to apply knowledge.",7.0,"['Foundational Knowledge', 'Problem Solving']",SUJIT  MANNA,[],J,60.0,PYL,4.8,[],3.0
PYL7049,Quantum Information And Computation,"Quantum Information And Computation introduces core concepts and practical techniques related to quantum information and computation.
Students will learn theory and hands-on skills, with assignments and projects to apply knowledge.",7.0,"['Foundational Knowledge', 'Problem Solving']",JOYEE GHOSH,[],M,50.0,PYL,4.42,[],3.0
PYL7052,Laser Systems And Applications,"Laser Systems And Applications introduces core concepts and practical techniques related to laser systems and applications.
Students will learn theory and hands-on skills, with assignments and projects to apply knowledge.",7.0,"['Programming', 'Software Design', 'Debugging', 'System Design']",NAVENDU MONDAL,[],J,60.0,PYL,1.4,"['SDE', 'Software Engineer', 'Developer']",3.0
PYL7057,Statistical And Quantum Optics,"Statistical And Quantum Optics introduces core concepts and practical techniques related to statistical and quantum optics.
Students will learn theory and hands-on skills, with assignments and projects to apply knowledge.",7.0,"['Statistics', 'Data Analysis', 'Model Evaluation', 'ML Basics']",BHASKAR KANSERI,[],K,60.0,PYL,3.74,[],3.0
PYL7060,Biomedical Optics And Biophotonics,"Biomedical Optics And Biophotonics introduces core concepts and practical techniques related to biomedical optics and biophotonics.
Students will learn theory and hands-on skills, with assignments and projects to apply knowledge.",7.0,"['Foundational Knowledge', 'Problem Solving']",DALIP SINGH MEHTA,[],H,60.0,PYL,3.18,[],3.0
PYL707,Characterisation Tec. For Mat.,"Characterisation Tec. For Mat. introduces core concepts and practical techniques related to characterisation tec. for mat..
Students will learn theory and hands-on skills, with assignments and projects to apply knowledge.",7.0,"['Foundational Knowledge', 'Problem Solving']",PANKAJ SRIVASTAVA,[],D,60.0,PYL,4.91,[],3.0
PYL7123,Vacuum Science And Cryogenics,"Vacuum Science And Cryogenics introduces core concepts and practical techniques related to vacuum science and cryogenics.
Students will learn theory and hands-on skills, with assignments and projects to apply knowledge.",7.0,"['Foundational Knowledge', 'Problem Solving']",SUJEET CHAUDHARY,[],J,30.0,PYL,2.43,[],3.0
PYL7124,Foundations Of Spintronics,"Foundations Of Spintronics introduces core concepts and practical techniques related to foundations of spintronics.
Students will learn theory and hands-on skills, with assignments and projects to apply knowledge.",7.0,"['Foundational Knowledge', 'Problem Solving']",PRANABA KISHOR MUDULI,[],H,60.0,PYL,2.59,[],3.0
PYL7126,Semiconductor Device Technology,"Semiconductor Device Technology introduces core concepts and practical techniques related to semiconductor device technology.
Students will learn theory and hands-on skills, with assignments and projects to apply knowledge.",7.0,"['Foundational Knowledge', 'Problem Solving']",NEERAJ KHARE,[],C,60.0,PYL,1.76,[],3.0
PYL7127,Energy Materials And Devices,"Energy Materials And Devices introduces core concepts and practical techniques related to energy materials and devices.
Students will learn theory and hands-on skills, with assignments and projects to apply knowledge.",7.0,"['Modeling & Simulation', 'Problem Solving', 'Engineering Analysis']",SANTANU GHOSH,[],F,60.0,PYL,1.49,[],3.0
PYL7139,Computational Techniques For Solid State Materials,"Computational Techniques For Solid State Materials introduces core concepts and practical techniques related to computational techniques for solid state materials.
Students will learn theory and hands-on skills, with assignments and projects to apply knowledge.",7.0,"['Modeling & Simulation', 'Problem Solving', 'Engineering Analysis']",SASWATA BHATTACHARYA,[],K,50.0,PYL,4.39,[],3.0
PYL7144,The Standard Model Of Elementary Particles,"The Standard Model Of Elementary Particles introduces core concepts and practical techniques related to the standard model of elementary particles.
Students will learn theory and hands-on skills, with assignments and projects to apply knowledge.",7.0,"['Foundational Knowledge', 'Problem Solving']",FOLKE TOBIAS  FLORUS TOLL,[],J,60.0,PYL,2.82,[],3.0
PYL7176,Cold And Process Plasmas,"Cold And Process Plasmas introduces core concepts and practical techniques related to cold and process plasmas.
Students will learn theory and hands-on skills, with assignments and projects to apply knowledge.",7.0,"['Foundational Knowledge', 'Problem Solving']",MARSHAL,[],K,40.0,PYL,3.65,[],3.0
PYL7186,Non-Equilibrium Statistical Mechanics,"Non-Equilibrium Statistical Mechanics introduces core concepts and practical techniques related to non-equilibrium statistical mechanics.
Students will learn theory and hands-on skills, with assignments and projects to apply knowledge.",7.0,"['Modeling & Simulation', 'ML Basics', 'Model Evaluation', 'Engineering Analysis', 'Data Analysis', 'Statistics', 'Problem Solving']",RAHUL SURESH MARATHE,[],K,30.0,PYL,3.57,[],3.0
PYL7190,Integrated Optics,"Integrated Optics introduces core concepts and practical techniques related to integrated optics.
Students will learn theory and hands-on skills, with assignments and projects to apply knowledge.",7.0,"['Foundational Knowledge', 'Problem Solving']",R.K. VARSHNEY,[],C,50.0,PYL,3.39,[],3.0
PYL7195,Optics And Laser Engineering,"Optics And Laser Engineering introduces core concepts and practical techniques related to optics and laser engineering.
Students will learn theory and hands-on skills, with assignments and projects to apply knowledge.",7.0,"['Modeling & Simulation', 'Problem Solving', 'Engineering Analysis']",GADDAM VIJAYA PRAKASH,[],M,40.0,PYL,1.09,[],3.0
PYL723,Vacuum Science And Cryogenics,"Vacuum Science And Cryogenics introduces core concepts and practical techniques related to vacuum science and cryogenics.
Students will learn theory and hands-on skills, with assignments and projects to apply knowledge.",7.0,"['Foundational Knowledge', 'Problem Solving']",SUJEET CHAUDHARY,[],J,30.0,PYL,4.15,[],3.0
PYL724,Advances In Spintronics,"Advances In Spintronics introduces core concepts and practical techniques related to advances in spintronics.
Students will learn theory and hands-on skills, with assignments and projects to apply knowledge.",7.0,"['Foundational Knowledge', 'Problem Solving']",PRANABA KISHOR MUDULI,[],H,60.0,PYL,1.97,[],3.0
PYL726,Semiconductor Device Technology,"Semiconductor Device Technology introduces core concepts and practical techniques related to semiconductor device technology.
Students will learn theory and hands-on skills, with assignments and projects to apply knowledge.",7.0,"['Foundational Knowledge', 'Problem Solving']",NEERAJ KHARE,[],C,60.0,PYL,1.5,[],3.0
PYL727,Energy Materials And Devices,"Energy Materials And Devices introduces core concepts and practical techniques related to energy materials and devices.
Students will learn theory and hands-on skills, with assignments and projects to apply knowledge.",7.0,"['Modeling & Simulation', 'Problem Solving', 'Engineering Analysis']",SANTANU GHOSH,[],F,60.0,PYL,3.26,[],3.0
PYL7292,Optical And Quantum Electronics,"Optical And Quantum Electronics introduces core concepts and practical techniques related to optical and quantum electronics.
Students will learn theory and hands-on skills, with assignments and projects to apply knowledge.",7.0,"['Foundational Knowledge', 'Problem Solving']",ALOKA SINHA,[],B,60.0,PYL,1.27,[],3.0
PYL739,Comp. Te. For Solid State Mat.,"Comp. Te. For Solid State Mat. introduces core concepts and practical techniques related to comp. te. for solid state mat..
Students will learn theory and hands-on skills, with assignments and projects to apply knowledge.",7.0,"['Foundational Knowledge', 'Problem Solving']",SASWATA BHATTACHARYA,[],K,60.0,PYL,4.06,[],3.0
PYL742,Gen. Relativity & Intro. Astr.,"Gen. Relativity & Intro. Astr. introduces core concepts and practical techniques related to gen. relativity & intro. astr..
Students will learn theory and hands-on skills, with assignments and projects to apply knowledge.",7.0,"['Foundational Knowledge', 'Problem Solving']",RANA NANDI,[],H,60.0,PYL,1.83,[],3.0
PYL743,Group Theory & Its Application,"Group Theory & Its Application introduces core concepts and practical techniques related to group theory & its application.
Students will learn theory and hands-on skills, with assignments and projects to apply knowledge.",7.0,"['Foundational Knowledge', 'Problem Solving']",ADITYA NARAIN  AGNIHOTRI,[],D,65.0,PYL,1.86,[],3.0
PYL744,High Energy Physics,"High Energy Physics introduces core concepts and practical techniques related to high energy physics.
Students will learn theory and hands-on skills, with assignments and projects to apply knowledge.",7.0,"['Foundational Knowledge', 'Problem Solving']",FOLKE TOBIAS  FLORUS TOLL,[],J,60.0,PYL,4.48,[],3.0
PYL746,Non-Equilibrium Statistical Me,"Non-Equilibrium Statistical Me introduces core concepts and practical techniques related to non-equilibrium statistical me.
Students will learn theory and hands-on skills, with assignments and projects to apply knowledge.",7.0,"['Statistics', 'Data Analysis', 'Model Evaluation', 'ML Basics']",RAHUL SURESH MARATHE,[],K,30.0,PYL,2.31,[],3.0
PYL749,Quantum Information & Computa.,"Quantum Information & Computa. introduces core concepts and practical techniques related to quantum information & computa..
Students will learn theory and hands-on skills, with assignments and projects to apply knowledge.",7.0,"['Foundational Knowledge', 'Problem Solving']",JOYEE GHOSH,[],M,50.0,PYL,1.59,[],3.0
PYL752,Laser Systems And Applications,"Laser Systems And Applications introduces core concepts and practical techniques related to laser systems and applications.
Students will learn theory and hands-on skills, with assignments and projects to apply knowledge.",7.0,"['Programming', 'Software Design', 'Debugging', 'System Design']",NAVENDU MONDAL,[],J,60.0,PYL,4.6,"['SDE', 'Software Engineer', 'Developer']",3.0
PYL7545,Topology In Condensed Matter Physics,"Topology In Condensed Matter Physics introduces core concepts and practical techniques related to topology in condensed matter physics.
Students will learn theory and hands-on skills, with assignments and projects to apply knowledge.",7.0,"['Foundational Knowledge', 'Problem Solving']",GARGEE GIRISH SHARMA,[],M,30.0,PYL,1.01,[],3.0
PYL756,Fourier Optics And Holography,"Fourier Optics And Holography introduces core concepts and practical techniques related to fourier optics and holography.
Students will learn theory and hands-on skills, with assignments and projects to apply knowledge.",7.0,"['Foundational Knowledge', 'Problem Solving']",KEDAR BHALCHANDRA KHARE,[],M,60.0,PYL,4.43,[],3.0
PYL757,Statistical & Quantum Optics,"Statistical & Quantum Optics introduces core concepts and practical techniques related to statistical & quantum optics.
Students will learn theory and hands-on skills, with assignments and projects to apply knowledge.",7.0,"['Statistics', 'Data Analysis', 'Model Evaluation', 'ML Basics']",BHASKAR KANSERI,[],K,60.0,PYL,1.58,[],3.0
PYL760,Biomedical Optics & Bio-Photo.,"Biomedical Optics & Bio-Photo. introduces core concepts and practical techniques related to biomedical optics & bio-photo..
Students will learn theory and hands-on skills, with assignments and projects to apply knowledge.",7.0,"['Foundational Knowledge', 'Problem Solving']",DALIP SINGH MEHTA,[],H,60.0,PYL,1.52,[],3.0
PYL790,Integrated Optics,"Integrated Optics introduces core concepts and practical techniques related to integrated optics.
Students will learn theory and hands-on skills, with assignments and projects to apply knowledge.",7.0,"['Foundational Knowledge', 'Problem Solving']",R.K. VARSHNEY,[],C,50.0,PYL,2.0,[],3.0
PYL792,Optical Electronics,"Optical Electronics introduces core concepts and practical techniques related to optical electronics.
Students will learn theory and hands-on skills, with assignments and projects to apply knowledge.",7.0,"['Foundational Knowledge', 'Problem Solving']",ALOKA SINHA,[],B,60.0,PYL,1.7,[],3.0
PYL795,Optics And Lasers,"Optics And Lasers introduces core concepts and practical techniques related to optics and lasers.
Students will learn theory and hands-on skills, with assignments and projects to apply knowledge.",7.0,"['Foundational Knowledge', 'Problem Solving']",GADDAM VIJAYA PRAKASH,[],M,50.0,PYL,3.64,[],3.0
PYL800,Num. & Comp. Meth. In Research,"Num. & Comp. Meth. In Research introduces core concepts and practical techniques related to num. & comp. meth. in research.
Students will learn theory and hands-on skills, with assignments and projects to apply knowledge.",8.0,"['Technical Writing', 'Project Management', 'Research']",SUJIN B.BABU,[],H,120.0,PYL,1.1,[],3.0
PYL8000,Numerical And Computational Methods In Research,"Numerical And Computational Methods In Research introduces core concepts and practical techniques related to numerical and computational methods in research.
Students will learn theory and hands-on skills, with assignments and projects to apply knowledge.",8.0,"['Technical Writing', 'Project Management', 'Research']",SUJIN B.BABU,[],H,30.0,PYL,1.06,[],3.0
PYP100,Physics Laboratory,"Physics Laboratory introduces core concepts and practical techniques related to physics laboratory.
Students will learn theory and hands-on skills, with assignments and projects to apply knowledge.",1.0,"['Foundational Knowledge', 'Problem Solving']","SUJIT  MANNA  , ADITYA NARAIN  AGNIHOTRI  , BRAJESH KUMAR MANI , SUJIN B.BABU , VIKRANT SAXENA   , PRADIPTA GHOSH   , ROHIT NARULA   , RAHUL SURESH MARATHE   , HITENDRA KUMAR MALIK , VARSHA BANERJEE , ABHISHEK",[],P,700.0,PYP,4.16,[],0.0
PYP1000,Physics Laboratory,"Physics Laboratory introduces core concepts and practical techniques related to physics laboratory.
Students will learn theory and hands-on skills, with assignments and projects to apply knowledge.",1.0,"['Foundational Knowledge', 'Problem Solving']",SUJIT  MANNA,[],P,650.0,PYP,1.95,[],0.0
PYP212,Engg. Physics Laboratory Ii,"Engg. Physics Laboratory Ii introduces core concepts and practical techniques related to engg. physics laboratory ii.
Students will learn theory and hands-on skills, with assignments and projects to apply knowledge.",2.0,"['Foundational Knowledge', 'Problem Solving']","SUNIL KUMAR   , KAUSHIK SEN , GADDAM VIJAYA PRAKASH , DALIP SINGH MEHTA",[],D,70.0,PYP,2.3,[],0.0
PYP224,Engineering Physics Laboratory-Iv,"Engineering Physics Laboratory-Iv introduces core concepts and practical techniques related to engineering physics laboratory-iv.
Students will learn theory and hands-on skills, with assignments and projects to apply knowledge.",2.0,"['Modeling & Simulation', 'Problem Solving', 'Engineering Analysis']","PINTU DAS , RAJENDRA SINGH   , SUJEET CHAUDHARY   , PANKAJ SRIVASTAVA",[],D,70.0,PYP,1.7,[],0.0
PYP562,Laboratory Ii,"Laboratory Ii introduces core concepts and practical techniques related to laboratory ii.
Students will learn theory and hands-on skills, with assignments and projects to apply knowledge.",5.0,"['Foundational Knowledge', 'Problem Solving']","DEEPAK KUMAR , HEMANTA KUMAR KUNDU , SARTHAK PARIKH , SASWATA BHATTACHARYA , RAJENDRA SINGH DHAKA , JITENDRA PRATAP SINGH",[],P,70.0,PYP,1.21,[],0.0
PYP702,Solid State Materials Laboratory-Ii,"Solid State Materials Laboratory-Ii introduces core concepts and practical techniques related to solid state materials laboratory-ii.
Students will learn theory and hands-on skills, with assignments and projects to apply knowledge.",7.0,"['Modeling & Simulation', 'Problem Solving', 'Engineering Analysis']","KAUSTUV MANNA , SANTANU GHOSH",[],D,70.0,PYP,3.97,[],0.0
PYP762,Advanced Optics Laboratory,"Advanced Optics Laboratory introduces core concepts and practical techniques related to advanced optics laboratory.
Students will learn theory and hands-on skills, with assignments and projects to apply knowledge.",7.0,"['Foundational Knowledge', 'Problem Solving']","BHASKAR KANSERI , ALOKA SINHA",[],D,70.0,PYP,3.1,[],0.0
PYP764,Advanced Optical Workshop,"Advanced Optical Workshop introduces core concepts and practical techniques related to advanced optical workshop.
Students will learn theory and hands-on skills, with assignments and projects to apply knowledge.",7.0,"['Foundational Knowledge', 'Problem Solving']",GUFRAN SAYEED KHAN,[],Q,30.0,PYP,3.98,[],0.0
PYQ302,Seminar Course - Ii,"Seminar Course - Ii introduces core concepts and practical techniques related to seminar course - ii.
Students will learn theory and hands-on skills, with assignments and projects to apply knowledge.",3.0,"['Technical Writing', 'Project Management', 'Research']",AMITA DAS,[],X,30.0,PYQ,2.9,[],0.0
AID7098,Cornerstone Project,"Cornerstone Project introduces core concepts and practical techniques related to cornerstone project.
Students will learn theory and hands-on skills, with assignments and projects to apply knowledge.",7.0,"['Technical Writing', 'Project Management', 'Research']",SUDIPAN SAHA,[],P,20.0,AID,4.11,[],0.0
AID710,Mini Project In Artificial Intelligence,"Mini Project In Artificial Intelligence introduces core concepts and practical techniques related to mini project in artificial intelligence.
Students will learn theory and hands-on skills, with assignments and projects to apply knowledge.",7.0,"['ML Basics', 'Model Evaluation', 'Technical Writing', 'Project Management', 'Data Analysis', 'Statistics', 'Research']",SOUVIK CHAKRABORTY,[],P,100.0,AID,3.05,"['DATA SCIENCE', 'ML ROLES', 'MLE ENGINEER']",0.0
AID8095,Ms Research Project,"Ms Research Project introduces core concepts and practical techniques related to ms research project.
Students will learn theory and hands-on skills, with assignments and projects to apply knowledge.",8.0,"['Technical Writing', 'Project Management', 'Research']",SANDEEP KUMAR,[],P,60.0,AID,1.44,[],0.0
AID891,M.Tech. Project Part-I,"M.Tech. Project Part-I introduces core concepts and practical techniques related to m.tech. project part-i.
Students will learn theory and hands-on skills, with assignments and projects to apply knowledge.",8.0,"['Technical Writing', 'Project Management', 'Research']",SUDIPAN SAHA,[],P,5.0,AID,3.02,[],0.0
AID892,M.Tech. Project Part-Ii,"M.Tech. Project Part-Ii introduces core concepts and practical techniques related to m.tech. project part-ii.
Students will learn theory and hands-on skills, with assignments and projects to apply knowledge.",8.0,"['Technical Writing', 'Project Management', 'Research']",SUDIPAN SAHA,[],P,20.0,AID,4.78,[],0.0
AID895,Ms Research Project,"Ms Research Project introduces core concepts and practical techniques related to ms research project.
Students will learn theory and hands-on skills, with assignments and projects to apply knowledge.",8.0,"['Technical Writing', 'Project Management', 'Research']",SANDEEP KUMAR,[],P,60.0,AID,1.17,[],0.0
AIL7021,Deep Learning,"Deep Learning introduces core concepts and practical techniques related to deep learning.
Students will learn theory and hands-on skills, with assignments and projects to apply knowledge.",7.0,"['Statistics', 'Data Analysis', 'Model Evaluation', 'ML Basics']",ARAMBAM JAMES  SINGH,"['ENGMATH101', 'DS102']",AC,70.0,AIL,4.13,"['DATA SCIENCE', 'ML ROLES', 'MLE ENGINEER']",3.0
AIL7026,Data Mining,"Data Mining introduces core concepts and practical techniques related to data mining.
Students will learn theory and hands-on skills, with assignments and projects to apply knowledge.",7.0,"['Statistics', 'Data Analysis', 'Model Evaluation', 'ML Basics']",SAYAN RANU,"['ENGMATH101', 'DS102']",AD,70.0,AIL,4.47,"['DATA SCIENCE', 'ML ROLES', 'MLE ENGINEER']",3.0
AIL7031,Deep Learning For Computer Vision,"Deep Learning For Computer Vision introduces core concepts and practical techniques related to deep learning for computer vision.
Students will learn theory and hands-on skills, with assignments and projects to apply knowledge.",7.0,"['Debugging', 'Software Design', 'ML Basics', 'Programming', 'Model Evaluation', 'Data Analysis', 'Statistics', 'System Design']",SUDIPAN SAHA,"['ENGMATH101', 'DS102']",AA,30.0,AIL,3.09,"['DATA SCIENCE', 'ML ROLES', 'MLE ENGINEER']",3.0
AIL7061,Computational Cognition,"Computational Cognition introduces core concepts and practical techniques related to computational cognition.
Students will learn theory and hands-on skills, with assignments and projects to apply knowledge.",7.0,"['Foundational Knowledge', 'Problem Solving']",SUMEET AGARWAL,"['ENGMATH101', 'DS102']",AB,20.0,AIL,2.83,[],3.0
AIL721,Deep Learning,"Deep Learning introduces core concepts and practical techniques related to deep learning.
Students will learn theory and hands-on skills, with assignments and projects to apply knowledge.",7.0,"['Statistics', 'Data Analysis', 'Model Evaluation', 'ML Basics']",ARAMBAM JAMES  SINGH,"['ENGMATH101', 'DS102']",AC,60.0,AIL,4.86,"['DATA SCIENCE', 'ML ROLES', 'MLE ENGINEER']",3.0
AIL8022,Special Topics In Machine Learning Ii,"Special Topics In Machine Learning Ii introduces core concepts and practical techniques related to special topics in machine learning ii.
Students will learn theory and hands-on skills, with assignments and projects to apply knowledge.",8.0,"['Statistics', 'Data Analysis', 'Model Evaluation', 'ML Basics']",BHASKAR PRATIM MUKHOTY,"['ENGMATH101', 'DS102']",J,20.0,AIL,1.24,"['DATA SCIENCE', 'ML ROLES', 'MLE ENGINEER']",3.0
AIL8027,Advanced Reinforcement Learning,"Advanced Reinforcement Learning introduces core concepts and practical techniques related to advanced reinforcement learning.
Students will learn theory and hands-on skills, with assignments and projects to apply knowledge.",8.0,"['Foundational Knowledge', 'Problem Solving']",RAUNAK PUSHPAK  BHATTACHARYYA,"['ENGMATH101', 'DS102']",C,40.0,AIL,2.92,[],3.0
AIL821,Special Topics In Machine Learning,"Special Topics In Machine Learning introduces core concepts and practical techniques related to special topics in machine learning.
Students will learn theory and hands-on skills, with assignments and projects to apply knowledge.",8.0,"['Statistics', 'Data Analysis', 'Model Evaluation', 'ML Basics']",BHASKAR PRATIM MUKHOTY,"['ENGMATH101', 'DS102']",J,20.0,AIL,2.61,"['DATA SCIENCE', 'ML ROLES', 'MLE ENGINEER']",3.0
AIL861,Special Topics In Applications,"Special Topics In Applications introduces core concepts and practical techniques related to special topics in applications.
Students will learn theory and hands-on skills, with assignments and projects to apply knowledge.",8.0,"['Foundational Knowledge', 'Problem Solving']",SUMEET AGARWAL,"['ENGMATH101', 'DS102']",AB,20.0,AIL,3.74,[],3.0
AIN7091,Teaching/Research Practicum,"Teaching/Research Practicum introduces core concepts and practical techniques related to teaching/research practicum.
Students will learn theory and hands-on skills, with assignments and projects to apply knowledge.",7.0,"['Technical Writing', 'Project Management', 'Research']",SUDIPAN SAHA,[],P,100.0,AIN,2.96,[],0.0
AIS710,Independent Study In Artificial Intelligence,"Independent Study In Artificial Intelligence introduces core concepts and practical techniques related to independent study in artificial intelligence.
Students will learn theory and hands-on skills, with assignments and projects to apply knowledge.",7.0,"['Statistics', 'Data Analysis', 'Model Evaluation', 'ML Basics']",SOUVIK CHAKRABORTY,[],P,100.0,AIS,4.64,"['DATA SCIENCE', 'ML ROLES', 'MLE ENGINEER']",0.0
AIV7090,Ethical Considerations In Minds,"Ethical Considerations In Minds introduces core concepts and practical techniques related to ethical considerations in minds.
Students will learn theory and hands-on skills, with assignments and projects to apply knowledge.",7.0,"['Foundational Knowledge', 'Problem Solving']",BHASKAR PRATIM MUKHOTY,[],B,40.0,AIV,1.29,[],1.0
AIV7091,Research Communication,"Research Communication introduces core concepts and practical techniques related to research communication.
Students will learn theory and hands-on skills, with assignments and projects to apply knowledge.",7.0,"['Technical Writing', 'Project Management', 'Research']",ANOOP KRISHNAN NADUVATH  MANA,[],X,20.0,AIV,1.32,[],1.0
AIV790,Ethical Considerations In Minds,"Ethical Considerations In Minds introduces core concepts and practical techniques related to ethical considerations in minds.
Students will learn theory and hands-on skills, with assignments and projects to apply knowledge.",7.0,"['Foundational Knowledge', 'Problem Solving']",BHASKAR PRATIM MUKHOTY,[],B,10.0,AIV,3.43,[],1.0
SBD301,Mini Project,"Mini Project introduces core concepts and practical techniques related to mini project.
Students will learn theory and hands-on skills, with assignments and projects to apply knowledge.",3.0,"['Technical Writing', 'Project Management', 'Research']",SHILPI MINOCHA,[],P,10.0,SBD,1.26,[],0.0
SBD602,Major Project/Internship,"Major Project/Internship introduces core concepts and practical techniques related to major project/internship.
Students will learn theory and hands-on skills, with assignments and projects to apply knowledge.",6.0,"['Technical Writing', 'Project Management', 'Research']",MANOJ BALAKRISHNA MENON,[],P,20.0,SBD,2.1,[],0.0
SBL100,Intro. To Biology For Engineer,"Intro. To Biology For Engineer introduces core concepts and practical techniques related to intro. to biology for engineer.
Students will learn theory and hands-on skills, with assignments and projects to apply knowledge.",1.0,"['Foundational Knowledge', 'Problem Solving']","SARAN KUMAR , SAURABH RAJ , ASHOK KUMAR PATEL",[],C,605.0,SBL,3.53,[],3.0
SBL201,High-Dimensional Biology,"High-Dimensional Biology introduces core concepts and practical techniques related to high-dimensional biology.
Students will learn theory and hands-on skills, with assignments and projects to apply knowledge.",2.0,"['Foundational Knowledge', 'Problem Solving']","SHILPI MINOCHA , ANITA ROY , MANOJ BALAKRISHNA MENON",[],F,60.0,SBL,3.19,[],3.0
SBL702,Systems Biology,"Systems Biology introduces core concepts and practical techniques related to systems biology.
Students will learn theory and hands-on skills, with assignments and projects to apply knowledge.",7.0,"['Programming', 'Software Design', 'Debugging', 'System Design']",JAMES GOMES,[],K,30.0,SBL,2.3,"['SDE', 'Software Engineer', 'Developer']",3.0
SBL704,Human Virology,"Human Virology introduces core concepts and practical techniques related to human virology.
Students will learn theory and hands-on skills, with assignments and projects to apply knowledge.",7.0,"['Foundational Knowledge', 'Problem Solving']",VIVEKANANDAN PERUMAL,[],F,60.0,SBL,4.98,[],3.0
SBL705,Biology Of Proteins,"Biology Of Proteins introduces core concepts and practical techniques related to biology of proteins.
Students will learn theory and hands-on skills, with assignments and projects to apply knowledge.",7.0,"['Foundational Knowledge', 'Problem Solving']",TAPAN KUMAR CHAUDHURI,[],B,60.0,SBL,3.12,[],3.0
SBL720,Genome And Healthcare,"Genome And Healthcare introduces core concepts and practical techniques related to genome and healthcare.
Students will learn theory and hands-on skills, with assignments and projects to apply knowledge.",7.0,"['Foundational Knowledge', 'Problem Solving']","AMIT KUMAR GAURAV , ASHOK KUMAR",[],AC,60.0,SBL,2.81,[],3.0
SBL721,Techniques In Biomolecular Interactions,"Techniques In Biomolecular Interactions introduces core concepts and practical techniques related to techniques in biomolecular interactions.
Students will learn theory and hands-on skills, with assignments and projects to apply knowledge.",7.0,"['Foundational Knowledge', 'Problem Solving']","SAURABH RAJ , AMIT KUMAR GAURAV",[],H,60.0,SBL,3.42,[],3.0
SBL722,Stem Cells Biology,"Stem Cells Biology introduces core concepts and practical techniques related to stem cells biology.
Students will learn theory and hands-on skills, with assignments and projects to apply knowledge.",7.0,"['Foundational Knowledge', 'Problem Solving']","JYOTIRMAYA BEHERA , DEEPTI ABBEY",[],H,60.0,SBL,1.4,[],3.0
SBL723,Principles Of Neural Excitability And Communication,"Principles Of Neural Excitability And Communication introduces core concepts and practical techniques related to principles of neural excitability and communication.
Students will learn theory and hands-on skills, with assignments and projects to apply knowledge.",7.0,"['Statistics', 'Data Analysis', 'Model Evaluation', 'ML Basics']",TAPAN KUMAR NAYAK,[],E,60.0,SBL,3.81,"['DATA SCIENCE', 'ML ROLES', 'MLE ENGINEER']",3.0
SBL730,Modern Trends In Drug Development,"Modern Trends In Drug Development introduces core concepts and practical techniques related to modern trends in drug development.
Students will learn theory and hands-on skills, with assignments and projects to apply knowledge.",7.0,"['Programming', 'Software Design', 'Debugging', 'System Design']",SANTANU MONDAL,[],J,30.0,SBL,4.41,"['SDE', 'Software Engineer', 'Developer']",3.0
SBL733,Introduction And Techniques: Immunometabolism,"Introduction And Techniques: Immunometabolism introduces core concepts and practical techniques related to introduction and techniques: immunometabolism.
Students will learn theory and hands-on skills, with assignments and projects to apply knowledge.",7.0,"['Foundational Knowledge', 'Problem Solving']",PARUL MEHROTRA,[],AB,60.0,SBL,3.6,[],3.0
SBP200,Introduction To Practical Modern Biology,"Introduction To Practical Modern Biology introduces core concepts and practical techniques related to introduction to practical modern biology.
Students will learn theory and hands-on skills, with assignments and projects to apply knowledge.",2.0,"['Foundational Knowledge', 'Problem Solving']",ASHOK KUMAR PATEL,[],P,20.0,SBP,4.08,[],0.0
SBS800,Independent Study,"Independent Study introduces core concepts and practical techniques related to independent study.
Students will learn theory and hands-on skills, with assignments and projects to apply knowledge.",8.0,"['Foundational Knowledge', 'Problem Solving']",SHILPI MINOCHA,[],P,10.0,SBS,3.88,[],0.0
SBV882,Biological Membranes,"Biological Membranes introduces core concepts and practical techniques related to biological membranes.
Students will learn theory and hands-on skills, with assignments and projects to apply knowledge.",8.0,"['Foundational Knowledge', 'Problem Solving']",ADITYA MITTAL,[],M,30.0,SBV,1.86,[],1.0
SBV894,Current Methods In Mammalian Genetics,"Current Methods In Mammalian Genetics introduces core concepts and practical techniques related to current methods in mammalian genetics.
Students will learn theory and hands-on skills, with assignments and projects to apply knowledge.",8.0,"['Foundational Knowledge', 'Problem Solving']",MANOJ BALAKRISHNA MENON,[],AD,30.0,SBV,2.81,[],1.0
SBV898,Techniques In Mammalian Cell Culture,"Techniques In Mammalian Cell Culture introduces core concepts and practical techniques related to techniques in mammalian cell culture.
Students will learn theory and hands-on skills, with assignments and projects to apply knowledge.",8.0,"['Foundational Knowledge', 'Problem Solving']",ANITA ROY,[],K,30.0,SBV,1.91,[],1.0
JCD7101,Cornerstone Project,"Cornerstone Project introduces core concepts and practical techniques related to cornerstone project.
Students will learn theory and hands-on skills, with assignments and projects to apply knowledge.",7.0,"['Technical Writing', 'Project Management', 'Research']",ASHOK KUMAR BHATEJA,[],P,30.0,JCD,2.36,[],1.0
SID8080,Minor Project In Information Technology,"Minor Project In Information Technology introduces core concepts and practical techniques related to minor project in information technology.
Students will learn theory and hands-on skills, with assignments and projects to apply knowledge.",8.0,"['Technical Writing', 'Project Management', 'Research']",ABHILASH JINDAL,[],P,50.0,SID,2.81,[],0.0
SID8090,Major Project In Information Technology,"Major Project In Information Technology introduces core concepts and practical techniques related to major project in information technology.
Students will learn theory and hands-on skills, with assignments and projects to apply knowledge.",8.0,"['Technical Writing', 'Project Management', 'Research']",ABHILASH JINDAL,[],P,50.0,SID,2.66,[],0.0
SID880,Minor Project In Information Technology,"Minor Project In Information Technology introduces core concepts and practical techniques related to minor project in information technology.
Students will learn theory and hands-on skills, with assignments and projects to apply knowledge.",8.0,"['Technical Writing', 'Project Management', 'Research']",ABHILASH JINDAL,[],P,50.0,SID,1.38,[],0.0
SID890,Ms Research Project,"Ms Research Project introduces core concepts and practical techniques related to ms research project.
Students will learn theory and hands-on skills, with assignments and projects to apply knowledge.",8.0,"['Technical Writing', 'Project Management', 'Research']",ABHILASH JINDAL,[],P,50.0,SID,2.71,[],0.0
SIL7163,"Introduction To Blockchains, Cryptocurrencies, And Smart Contracts","Introduction To Blockchains, Cryptocurrencies, And Smart Contracts introduces core concepts and practical techniques related to introduction to blockchains, cryptocurrencies, and smart contracts.
Students will learn theory and hands-on skills, with assignments and projects to apply knowledge.",7.0,"['Foundational Knowledge', 'Problem Solving']",SUBODH VISHNU SHARMA,[],AA,50.0,SIL,3.66,[],3.0
SIL7165,Network And System Security,"Network And System Security introduces core concepts and practical techniques related to network and system security.
Students will learn theory and hands-on skills, with assignments and projects to apply knowledge.",7.0,"['Programming', 'Software Design', 'Debugging', 'System Design']",HUZUR SARAN,[],X,50.0,SIL,2.5,"['SDE', 'Software Engineer', 'Developer']",3.0
SIL7171,Mobile Security,"Mobile Security introduces core concepts and practical techniques related to mobile security.
Students will learn theory and hands-on skills, with assignments and projects to apply knowledge.",7.0,"['Foundational Knowledge', 'Problem Solving']",VIRESHWAR KUMAR,[],AB,50.0,SIL,1.61,[],3.0
SIL7175,Biometric Security,"Biometric Security introduces core concepts and practical techniques related to biometric security.
Students will learn theory and hands-on skills, with assignments and projects to apply knowledge.",7.0,"['Foundational Knowledge', 'Problem Solving']",ASHOK KUMAR BHATEJA,[],B,50.0,SIL,4.69,[],3.0
SIL763,"Introduction To Blockchains, Cryptocurrencies, And Smart Contracts","Introduction To Blockchains, Cryptocurrencies, And Smart Contracts introduces core concepts and practical techniques related to introduction to blockchains, cryptocurrencies, and smart contracts.
Students will learn theory and hands-on skills, with assignments and projects to apply knowledge.",7.0,"['Foundational Knowledge', 'Problem Solving']",SUBODH VISHNU SHARMA,[],AA,50.0,SIL,1.27,[],3.0
SIL765,Networks & System Security,"Networks & System Security introduces core concepts and practical techniques related to networks & system security.
Students will learn theory and hands-on skills, with assignments and projects to apply knowledge.",7.0,"['Programming', 'Software Design', 'Debugging', 'System Design']",HUZUR SARAN,[],X,50.0,SIL,4.33,"['SDE', 'Software Engineer', 'Developer']",3.0
SIL771,Special Topics In Cyber Security,"Special Topics In Cyber Security introduces core concepts and practical techniques related to special topics in cyber security.
Students will learn theory and hands-on skills, with assignments and projects to apply knowledge.",7.0,"['Foundational Knowledge', 'Problem Solving']",VIRESHWAR KUMAR,[],AB,50.0,SIL,1.37,[],3.0
SIL775,Biometric Security,"Biometric Security introduces core concepts and practical techniques related to biometric security.
Students will learn theory and hands-on skills, with assignments and projects to apply knowledge.",7.0,"['Foundational Knowledge', 'Problem Solving']",ASHOK KUMAR BHATEJA,[],B,50.0,SIL,1.39,[],3.0
SIL8001,Professional Ethics In Applied Computing,"Professional Ethics In Applied Computing introduces core concepts and practical techniques related to professional ethics in applied computing.
Students will learn theory and hands-on skills, with assignments and projects to apply knowledge.",8.0,"['Foundational Knowledge', 'Problem Solving']",MAYA RAMANATH,[],X,50.0,SIL,3.96,[],1.0
SIN8000,Teaching Practicum In Information Technology,"Teaching Practicum In Information Technology introduces core concepts and practical techniques related to teaching practicum in information technology.
Students will learn theory and hands-on skills, with assignments and projects to apply knowledge.",8.0,"['Foundational Knowledge', 'Problem Solving']",TARUN MANGLA,[],X,50.0,SIN,4.25,[],0.0
SIN8001,Research Practicum In Information Technology,"Research Practicum In Information Technology introduces core concepts and practical techniques related to research practicum in information technology.
Students will learn theory and hands-on skills, with assignments and projects to apply knowledge.",8.0,"['Technical Writing', 'Project Management', 'Research']",TARUN MANGLA,[],X,50.0,SIN,3.23,[],0.0
JRL7030,Robot Kinematics And Dynamics,"Robot Kinematics And Dynamics introduces core concepts and practical techniques related to robot kinematics and dynamics.
Students will learn theory and hands-on skills, with assignments and projects to apply knowledge.",7.0,"['Modeling & Simulation', 'Problem Solving', 'Engineering Analysis']",SUBIR KUMAR SAHA,"['ENGMATH101', 'DS102']",C,20.0,JRL,3.35,[],3.0
JRN7099,Teaching/Research Practicum,"Teaching/Research Practicum introduces core concepts and practical techniques related to teaching/research practicum.
Students will learn theory and hands-on skills, with assignments and projects to apply knowledge.",7.0,"['Technical Writing', 'Project Management', 'Research']",RAMA KRISHNA K,[],X,15.0,JRN,3.25,[],0.0
JVD7003,Cornerstone Project,"Cornerstone Project introduces core concepts and practical techniques related to cornerstone project.
Students will learn theory and hands-on skills, with assignments and projects to apply knowledge.",7.0,"['Technical Writing', 'Project Management', 'Research']",ANKESH JAIN,[],P,30.0,JVD,2.32,[],0.0
JVN7000,Teaching/Research Practicum,"Teaching/Research Practicum introduces core concepts and practical techniques related to teaching/research practicum.
Students will learn theory and hands-on skills, with assignments and projects to apply knowledge.",7.0,"['Technical Writing', 'Project Management', 'Research']",ANKESH JAIN,[],P,30.0,JVN,1.49,[],0.0
SPD881,Mpp Major Project - I,"Mpp Major Project - I introduces core concepts and practical techniques related to mpp major project - i.
Students will learn theory and hands-on skills, with assignments and projects to apply knowledge.",8.0,"['Technical Writing', 'Project Management', 'Research']",RAJARSHI DASGUPTA,[],X,30.0,SPD,2.41,[],0.0
SPL703,Research Methods For Public Policy,"Research Methods For Public Policy introduces core concepts and practical techniques related to research methods for public policy.
Students will learn theory and hands-on skills, with assignments and projects to apply knowledge.",7.0,"['Technical Writing', 'Project Management', 'Research']",DEBANANDA MISRA,[],AA,20.0,SPL,3.66,[],3.0
SPL707,Tools For Policy Analysis,"Tools For Policy Analysis introduces core concepts and practical techniques related to tools for policy analysis.
Students will learn theory and hands-on skills, with assignments and projects to apply knowledge.",7.0,"['Foundational Knowledge', 'Problem Solving']",RAJARSHI DASGUPTA,[],AB,40.0,SPL,4.0,[],3.0
SPL709,Principles Of Economics For Public Policy,"Principles Of Economics For Public Policy introduces core concepts and practical techniques related to principles of economics for public policy.
Students will learn theory and hands-on skills, with assignments and projects to apply knowledge.",7.0,"['Foundational Knowledge', 'Problem Solving']",TIESTA THAKUR,[],A,60.0,SPL,4.47,[],3.0
SPL723,Understanding Public Policy Making Through Case Studies,"Understanding Public Policy Making Through Case Studies introduces core concepts and practical techniques related to understanding public policy making through case studies.
Students will learn theory and hands-on skills, with assignments and projects to apply knowledge.",7.0,"['Foundational Knowledge', 'Problem Solving']",UPASNA SHARMA,[],AC,35.0,SPL,3.88,[],3.0
SPL730,Sti Policy And Agriculture,"Sti Policy And Agriculture introduces core concepts and practical techniques related to sti policy and agriculture.
Students will learn theory and hands-on skills, with assignments and projects to apply knowledge.",7.0,"['Foundational Knowledge', 'Problem Solving']",SOUTRIK BASU,[],M,25.0,SPL,4.87,[],3.0
SPL740,Causal Inference And Impact Assessment,"Causal Inference And Impact Assessment introduces core concepts and practical techniques related to causal inference and impact assessment.
Students will learn theory and hands-on skills, with assignments and projects to apply knowledge.",7.0,"['Foundational Knowledge', 'Problem Solving']",TIESTA THAKUR,[],E,40.0,SPL,3.4,[],3.0
SPL752,Techs And The City - An Urban Policy Perspective,"Techs And The City - An Urban Policy Perspective introduces core concepts and practical techniques related to techs and the city - an urban policy perspective.
Students will learn theory and hands-on skills, with assignments and projects to apply knowledge.",7.0,"['Foundational Knowledge', 'Problem Solving']",SURAJIT CHAKRAVARTY,[],AC,40.0,SPL,2.41,[],3.0
SPL753,Urban Planning Practicum,"Urban Planning Practicum introduces core concepts and practical techniques related to urban planning practicum.
Students will learn theory and hands-on skills, with assignments and projects to apply knowledge.",7.0,"['Foundational Knowledge', 'Problem Solving']",SURAJIT CHAKRAVARTY,[],X,25.0,SPL,3.31,[],2.0
SPL7703,Research Methods For Public Policy,"Research Methods For Public Policy introduces core concepts and practical techniques related to research methods for public policy.
Students will learn theory and hands-on skills, with assignments and projects to apply knowledge.",7.0,"['Technical Writing', 'Project Management', 'Research']",DEBANANDA MISRA,[],AA,40.0,SPL,1.85,[],3.0
SPL7707,Tools For Policy Analysis,"Tools For Policy Analysis introduces core concepts and practical techniques related to tools for policy analysis.
Students will learn theory and hands-on skills, with assignments and projects to apply knowledge.",7.0,"['Foundational Knowledge', 'Problem Solving']",RAJARSHI DASGUPTA,[],AB,40.0,SPL,3.63,[],3.0
SPL7709,Principles Of Economics For Public Policy,"Principles Of Economics For Public Policy introduces core concepts and practical techniques related to principles of economics for public policy.
Students will learn theory and hands-on skills, with assignments and projects to apply knowledge.",7.0,"['Foundational Knowledge', 'Problem Solving']",TIESTA THAKUR,[],A,60.0,SPL,1.9,[],3.0
SPL7723,Understanding Public Policy Making Through Case-Studies,"Understanding Public Policy Making Through Case-Studies introduces core concepts and practical techniques related to understanding public policy making through case-studies.
Students will learn theory and hands-on skills, with assignments and projects to apply knowledge.",7.0,"['Foundational Knowledge', 'Problem Solving']",UPASNA SHARMA,[],AC,40.0,SPL,1.43,[],3.0
SPL7725,Climate Change Adaptation: From Theory To Practice,"Climate Change Adaptation: From Theory To Practice introduces core concepts and practical techniques related to climate change adaptation: from theory to practice.
Students will learn theory and hands-on skills, with assignments and projects to apply knowledge.",7.0,"['Foundational Knowledge', 'Problem Solving']",ANSHU OGRA,[],AD,30.0,SPL,4.38,[],3.0
SPL7730,Sti Policy And Agriculture,"Sti Policy And Agriculture introduces core concepts and practical techniques related to sti policy and agriculture.
Students will learn theory and hands-on skills, with assignments and projects to apply knowledge.",7.0,"['Foundational Knowledge', 'Problem Solving']",SOUTRIK BASU,[],M,25.0,SPL,2.47,[],3.0
SPL7740,Causal Inference And Impact Evaluation,"Causal Inference And Impact Evaluation introduces core concepts and practical techniques related to causal inference and impact evaluation.
Students will learn theory and hands-on skills, with assignments and projects to apply knowledge.",7.0,"['Foundational Knowledge', 'Problem Solving']",TIESTA THAKUR,[],E,40.0,SPL,4.05,[],3.0
SPL7752,Techs And The City - An Urban Policy Perspective,"Techs And The City - An Urban Policy Perspective introduces core concepts and practical techniques related to techs and the city - an urban policy perspective.
Students will learn theory and hands-on skills, with assignments and projects to apply knowledge.",7.0,"['Foundational Knowledge', 'Problem Solving']",SURAJIT CHAKRAVARTY,[],AC,40.0,SPL,3.3,[],3.0
SPL7753,Urban Planning Practicum,"Urban Planning Practicum introduces core concepts and practical techniques related to urban planning practicum.
Students will learn theory and hands-on skills, with assignments and projects to apply knowledge.",7.0,"['Foundational Knowledge', 'Problem Solving']",SURAJIT CHAKRAVARTY,[],X,25.0,SPL,4.23,[],2.0
SPL7792,Inclusive City And Accessibility Audit,"Inclusive City And Accessibility Audit introduces core concepts and practical techniques related to inclusive city and accessibility audit.
Students will learn theory and hands-on skills, with assignments and projects to apply knowledge.",7.0,"['Foundational Knowledge', 'Problem Solving']",RATHIN BISWAS,[],K,30.0,SPL,4.38,[],1.0
SPL7793,Special Module On Public Policy In Management Of Natural Resources,"Special Module On Public Policy In Management Of Natural Resources introduces core concepts and practical techniques related to special module on public policy in management of natural resources.
Students will learn theory and hands-on skills, with assignments and projects to apply knowledge.",7.0,"['Foundational Knowledge', 'Problem Solving']",ROHIT CHANDRA,[],B,40.0,SPL,4.9,[],1.0
SPL7888,"Waste Management: Technology, Policy &Amp; Practice","Waste Management: Technology, Policy &Amp; Practice introduces core concepts and practical techniques related to waste management: technology, policy &amp; practice.
Students will learn theory and hands-on skills, with assignments and projects to apply knowledge.",7.0,"['Foundational Knowledge', 'Problem Solving']",RATHIN BISWAS,[],M,30.0,SPL,4.27,[],3.0
SPL810G,Advanced Topics In Policy Studies,"Advanced Topics In Policy Studies introduces core concepts and practical techniques related to advanced topics in policy studies.
Students will learn theory and hands-on skills, with assignments and projects to apply knowledge.",8.0,"['Foundational Knowledge', 'Problem Solving']",SUGAT CHATURVEDI,[],H,30.0,SPL,3.45,[],3.0
SPL8810,Selected Topics In Policy Studies,"Selected Topics In Policy Studies introduces core concepts and practical techniques related to selected topics in policy studies.
Students will learn theory and hands-on skills, with assignments and projects to apply knowledge.",8.0,"['Foundational Knowledge', 'Problem Solving']",SUGAT CHATURVEDI,[],H,30.0,SPL,3.57,[],3.0
SPV792,Inclusive City And Accessibility Audit,"Inclusive City And Accessibility Audit introduces core concepts and practical techniques related to inclusive city and accessibility audit.
Students will learn theory and hands-on skills, with assignments and projects to apply knowledge.",7.0,"['Foundational Knowledge', 'Problem Solving']",RATHIN BISWAS,[],K,30.0,SPV,1.11,[],1.0
SPV793,Special Module On Public Policy In Management Of Natural Resources,"Special Module On Public Policy In Management Of Natural Resources introduces core concepts and practical techniques related to special module on public policy in management of natural resources.
Students will learn theory and hands-on skills, with assignments and projects to apply knowledge.",7.0,"['Foundational Knowledge', 'Problem Solving']",ROHIT CHANDRA,[],B,40.0,SPV,4.72,[],1.0
TXD401,Major Project Part I,"Major Project Part I introduces core concepts and practical techniques related to major project part i.
Students will learn theory and hands-on skills, with assignments and projects to apply knowledge.",4.0,"['Technical Writing', 'Project Management', 'Research']",SUMIT SINHA RAY,[],P,60.0,TXD,4.32,[],0.0
TXD402,Major Project Part Ii,"Major Project Part Ii introduces core concepts and practical techniques related to major project part ii.
Students will learn theory and hands-on skills, with assignments and projects to apply knowledge.",4.0,"['Technical Writing', 'Project Management', 'Research']",SUMIT SINHA RAY,[],P,30.0,TXD,2.07,[],0.0
TXD7507,Cornerstone Project,"Cornerstone Project introduces core concepts and practical techniques related to cornerstone project.
Students will learn theory and hands-on skills, with assignments and projects to apply knowledge.",7.0,"['Technical Writing', 'Project Management', 'Research']",ARCHANA SAMANTA,[],X,30.0,TXD,1.72,[],0.0
TXD7508,Cornerstone Project (M.Tech. Textile Engineering),"Cornerstone Project (M.Tech. Textile Engineering) introduces core concepts and practical techniques related to cornerstone project (m.tech. textile engineering).
Students will learn theory and hands-on skills, with assignments and projects to apply knowledge.",7.0,"['Modeling & Simulation', 'Engineering Analysis', 'Technical Writing', 'Project Management', 'Problem Solving', 'Research']",BIPIN  KUMAR,[],X,30.0,TXD,3.81,[],0.0
TXD802,Major Project Part-I (Txf),"Major Project Part-I (Txf) introduces core concepts and practical techniques related to major project part-i (txf).
Students will learn theory and hands-on skills, with assignments and projects to apply knowledge.",8.0,"['Technical Writing', 'Project Management', 'Research']",BHANU NANDAN,[],X,20.0,TXD,2.24,[],0.0
TXD803,Major Project Part Ii,"Major Project Part Ii introduces core concepts and practical techniques related to major project part ii.
Students will learn theory and hands-on skills, with assignments and projects to apply knowledge.",8.0,"['Technical Writing', 'Project Management', 'Research']",BIPIN  KUMAR,[],P,30.0,TXD,2.36,[],0.0
TXD804,Major Project Part Ii,"Major Project Part Ii introduces core concepts and practical techniques related to major project part ii.
Students will learn theory and hands-on skills, with assignments and projects to apply knowledge.",8.0,"['Technical Writing', 'Project Management', 'Research']",BHANU NANDAN,[],P,30.0,TXD,1.02,[],0.0
TXD806,Major Project Part Ii (Tcp),"Major Project Part Ii (Tcp) introduces core concepts and practical techniques related to major project part ii (tcp).
Students will learn theory and hands-on skills, with assignments and projects to apply knowledge.",8.0,"['Technical Writing', 'Project Management', 'Research']",MD. S. WAZED ALI,[],P,30.0,TXD,4.48,[],0.0
TXL211,Structure And Physical Properties Of Fibres,"Structure And Physical Properties Of Fibres introduces core concepts and practical techniques related to structure and physical properties of fibres.
Students will learn theory and hands-on skills, with assignments and projects to apply knowledge.",2.0,"['Foundational Knowledge', 'Problem Solving']",RAJIV K. SRIVASTAVA,[],D,120.0,TXL,3.27,[],3.0
TXL221,Yarn Manufacture I,"Yarn Manufacture I introduces core concepts and practical techniques related to yarn manufacture i.
Students will learn theory and hands-on skills, with assignments and projects to apply knowledge.",2.0,"['Foundational Knowledge', 'Problem Solving']",SOHEL RANA,[],E,120.0,TXL,2.6,[],3.0
TXL231,Fabric Manufacture I,"Fabric Manufacture I introduces core concepts and practical techniques related to fabric manufacture i.
Students will learn theory and hands-on skills, with assignments and projects to apply knowledge.",2.0,"['Foundational Knowledge', 'Problem Solving']","SUMIT SINHA RAY , ABHIJIT MAJUMDAR",[],B,120.0,TXL,1.57,[],3.0
TXL241,Tech. Of Text. Preparation & F,"Tech. Of Text. Preparation & F introduces core concepts and practical techniques related to tech. of text. preparation & f.
Students will learn theory and hands-on skills, with assignments and projects to apply knowledge.",2.0,"['Foundational Knowledge', 'Problem Solving']","MD. S. WAZED ALI , HARUN VENKATESAN",[],F,120.0,TXL,3.53,[],3.0
TXL361,Evaluation Of Textile Material,"Evaluation Of Textile Material introduces core concepts and practical techniques related to evaluation of textile material.
Students will learn theory and hands-on skills, with assignments and projects to apply knowledge.",3.0,"['Modeling & Simulation', 'Problem Solving', 'Engineering Analysis']",APURBA DAS,[],D,120.0,TXL,1.12,[],3.0
TXL371,Theory Of Textile Structures,"Theory Of Textile Structures introduces core concepts and practical techniques related to theory of textile structures.
Students will learn theory and hands-on skills, with assignments and projects to apply knowledge.",3.0,"['Foundational Knowledge', 'Problem Solving']","VIJAYKUMAR NARAYANDAS BAHETI , R.ALAGIRUSAMY",[],C,120.0,TXL,3.98,[],3.0
TXL372,Speciality Yarns And Fabrics,"Speciality Yarns And Fabrics introduces core concepts and practical techniques related to speciality yarns and fabrics.
Students will learn theory and hands-on skills, with assignments and projects to apply knowledge.",3.0,"['Foundational Knowledge', 'Problem Solving']","DIPAYAN DAS   , VIJAYKUMAR NARAYANDAS BAHETI",[],H,120.0,TXL,1.86,[],2.0
TXL6501,Basics Of Textiles,"Basics Of Textiles introduces core concepts and practical techniques related to basics of textiles.
Students will learn theory and hands-on skills, with assignments and projects to apply knowledge.",6.0,"['Foundational Knowledge', 'Problem Solving']",MD. S. WAZED ALI,[],X,10.0,TXL,2.68,[],2.0
TXL7104,Engineering Of Solution Spun Fibres,"Engineering Of Solution Spun Fibres introduces core concepts and practical techniques related to engineering of solution spun fibres.
Students will learn theory and hands-on skills, with assignments and projects to apply knowledge.",7.0,"['Modeling & Simulation', 'Problem Solving', 'Engineering Analysis']",ARCHANA SAMANTA,[],B,60.0,TXL,2.36,[],3.0
TXL740,Sc. & App. Of Nanotec. In Tex.,"Sc. & App. Of Nanotec. In Tex. introduces core concepts and practical techniques related to sc. & app. of nanotec. in tex..
Students will learn theory and hands-on skills, with assignments and projects to apply knowledge.",7.0,"['Foundational Knowledge', 'Problem Solving']",MANGALA JOSHI,[],E,50.0,TXL,2.48,[],3.0
TXL7401,Advances In Finishing Of Textiles,"Advances In Finishing Of Textiles introduces core concepts and practical techniques related to advances in finishing of textiles.
Students will learn theory and hands-on skills, with assignments and projects to apply knowledge.",7.0,"['Foundational Knowledge', 'Problem Solving']",DEEPTI GUPTA,[],F,40.0,TXL,3.89,[],3.0
TXL7403,Sustainability In Fibres And Textile Chemical Processing,"Sustainability In Fibres And Textile Chemical Processing introduces core concepts and practical techniques related to sustainability in fibres and textile chemical processing.
Students will learn theory and hands-on skills, with assignments and projects to apply knowledge.",7.0,"['Foundational Knowledge', 'Problem Solving']",SAMRAT MUKHOPADHYAY,[],B,40.0,TXL,4.11,[],3.0
TXL7451,Technology Of Textile Coating And Lamination,"Technology Of Textile Coating And Lamination introduces core concepts and practical techniques related to technology of textile coating and lamination.
Students will learn theory and hands-on skills, with assignments and projects to apply knowledge.",7.0,"['Foundational Knowledge', 'Problem Solving']",JAVED NABIBAKSHA SHEIKH,[],F,10.0,TXL,3.27,[],2.0
TXL7453,Textile Auxiliaries,"Textile Auxiliaries introduces core concepts and practical techniques related to textile auxiliaries.
Students will learn theory and hands-on skills, with assignments and projects to apply knowledge.",7.0,"['Foundational Knowledge', 'Problem Solving']",BHUPENDRA SINGH BUTOLA,[],D,20.0,TXL,1.34,[],3.0
TXL7501,Technical Textiles,"Technical Textiles introduces core concepts and practical techniques related to technical textiles.
Students will learn theory and hands-on skills, with assignments and projects to apply knowledge.",7.0,"['Foundational Knowledge', 'Problem Solving']",DIPAYAN DAS,[],B,30.0,TXL,1.21,[],3.0
TXL7502,Sustainability And Circularity In Textiles,"Sustainability And Circularity In Textiles introduces core concepts and practical techniques related to sustainability and circularity in textiles.
Students will learn theory and hands-on skills, with assignments and projects to apply knowledge.",7.0,"['Foundational Knowledge', 'Problem Solving']",ABHIJIT MAJUMDAR,[],J,40.0,TXL,1.63,[],2.0
TXL7555,Electronics And Controls For Textile Industry,"Electronics And Controls For Textile Industry introduces core concepts and practical techniques related to electronics and controls for textile industry.
Students will learn theory and hands-on skills, with assignments and projects to apply knowledge.",7.0,"['Foundational Knowledge', 'Problem Solving']",ANKUR GUPTA,[],J,20.0,TXL,3.47,[],3.0
TXL756,Textile Auxiliaries,"Textile Auxiliaries introduces core concepts and practical techniques related to textile auxiliaries.
Students will learn theory and hands-on skills, with assignments and projects to apply knowledge.",7.0,"['Foundational Knowledge', 'Problem Solving']",BHUPENDRA SINGH BUTOLA,[],D,40.0,TXL,3.7,[],3.0
TXL7560,Life Cycle Assessment For Textiles,"Life Cycle Assessment For Textiles introduces core concepts and practical techniques related to life cycle assessment for textiles.
Students will learn theory and hands-on skills, with assignments and projects to apply knowledge.",7.0,"['Foundational Knowledge', 'Problem Solving']",BIPIN  KUMAR,[],B,65.0,TXL,2.09,[],3.0
TXL7563,Science And Applications Of Nanotechnology In Textiles,"Science And Applications Of Nanotechnology In Textiles introduces core concepts and practical techniques related to science and applications of nanotechnology in textiles.
Students will learn theory and hands-on skills, with assignments and projects to apply knowledge.",7.0,"['Foundational Knowledge', 'Problem Solving']",MANGALA JOSHI,[],E,10.0,TXL,3.65,[],3.0
TXL7601,Design Of Experiments And Statistical Analysis,"Design Of Experiments And Statistical Analysis introduces core concepts and practical techniques related to design of experiments and statistical analysis.
Students will learn theory and hands-on skills, with assignments and projects to apply knowledge.",7.0,"['Modeling & Simulation', 'ML Basics', 'Model Evaluation', 'Engineering Analysis', 'Data Analysis', 'Statistics', 'Problem Solving']",AMIT RAWAL,[],M,30.0,TXL,2.94,[],3.0
TXL7654,Medical Textiles,"Medical Textiles introduces core concepts and practical techniques related to medical textiles.
Students will learn theory and hands-on skills, with assignments and projects to apply knowledge.",7.0,"['Foundational Knowledge', 'Problem Solving']",SOURABH GHOSH,[],H,10.0,TXL,2.77,[],3.0
TXL771,Electronics And Controls For Textileindustry,"Electronics And Controls For Textileindustry introduces core concepts and practical techniques related to electronics and controls for textileindustry.
Students will learn theory and hands-on skills, with assignments and projects to apply knowledge.",7.0,"['Foundational Knowledge', 'Problem Solving']",ANKUR GUPTA,[],J,60.0,TXL,2.09,[],3.0
TXL773,Medical Textiles,"Medical Textiles introduces core concepts and practical techniques related to medical textiles.
Students will learn theory and hands-on skills, with assignments and projects to apply knowledge.",7.0,"['Foundational Knowledge', 'Problem Solving']",SOURABH GHOSH,[],H,50.0,TXL,4.02,[],3.0
TXL775,Technical Textiles,"Technical Textiles introduces core concepts and practical techniques related to technical textiles.
Students will learn theory and hands-on skills, with assignments and projects to apply knowledge.",7.0,"['Foundational Knowledge', 'Problem Solving']",DIPAYAN DAS,[],B,30.0,TXL,1.46,[],3.0
TXL783,Design Of Exper. & Stat. Tech.,"Design Of Exper. & Stat. Tech. introduces core concepts and practical techniques related to design of exper. & stat. tech..
Students will learn theory and hands-on skills, with assignments and projects to apply knowledge.",7.0,"['Modeling & Simulation', 'Problem Solving', 'Engineering Analysis']",AMIT RAWAL,[],M,30.0,TXL,2.72,[],3.0
TXL786,Technology Of Textile Coating And Lamination,"Technology Of Textile Coating And Lamination introduces core concepts and practical techniques related to technology of textile coating and lamination.
Students will learn theory and hands-on skills, with assignments and projects to apply knowledge.",7.0,"['Foundational Knowledge', 'Problem Solving']",JAVED NABIBAKSHA SHEIKH,[],F,35.0,TXL,2.13,[],2.0
TXN7501,Teaching Practicum (M.Tech. Textile Engineering),"Teaching Practicum (M.Tech. Textile Engineering) introduces core concepts and practical techniques related to teaching practicum (m.tech. textile engineering).
Students will learn theory and hands-on skills, with assignments and projects to apply knowledge.",7.0,"['Modeling & Simulation', 'Problem Solving', 'Engineering Analysis']",BIPIN  KUMAR,[],X,30.0,TXN,3.71,[],0.0
TXN7502,Research Practicum (M.Tech. Textile Engineering),"Research Practicum (M.Tech. Textile Engineering) introduces core concepts and practical techniques related to research practicum (m.tech. textile engineering).
Students will learn theory and hands-on skills, with assignments and projects to apply knowledge.",7.0,"['Modeling & Simulation', 'Engineering Analysis', 'Technical Writing', 'Project Management', 'Problem Solving', 'Research']",BIPIN  KUMAR,[],X,30.0,TXN,2.95,[],0.0
TXN7503,Teaching Practicum (M.Tech. In Fibre Engineering And Textile Chemical Processing),"Teaching Practicum (M.Tech. In Fibre Engineering And Textile Chemical Processing) introduces core concepts and practical techniques related to teaching practicum (m.tech. in fibre engineering and textile chemical processing).
Students will learn theory and hands-on skills, with assignments and projects to apply knowledge.",7.0,"['Modeling & Simulation', 'Problem Solving', 'Engineering Analysis']",ARCHANA SAMANTA,[],X,30.0,TXN,3.67,[],0.0
TXN7504,Research Practicum (M.Tech. In Fibre Engineering And Textile Chemical Processing),"Research Practicum (M.Tech. In Fibre Engineering And Textile Chemical Processing) introduces core concepts and practical techniques related to research practicum (m.tech. in fibre engineering and textile chemical processing).
Students will learn theory and hands-on skills, with assignments and projects to apply knowledge.",7.0,"['Modeling & Simulation', 'Engineering Analysis', 'Technical Writing', 'Project Management', 'Problem Solving', 'Research']",ARCHANA SAMANTA,[],X,30.0,TXN,1.18,[],0.0
TXP212,Manufactured Fibre Techno. Lab,"Manufactured Fibre Techno. Lab introduces core concepts and practical techniques related to manufactured fibre techno. lab.
Students will learn theory and hands-on skills, with assignments and projects to apply knowledge.",2.0,"['Foundational Knowledge', 'Problem Solving']",SOURABH GHOSH,[],C,200.0,TXP,2.58,[],0.0
TXP221,Yarn Manufacture Laboratoryi,"Yarn Manufacture Laboratoryi introduces core concepts and practical techniques related to yarn manufacture laboratoryi.
Students will learn theory and hands-on skills, with assignments and projects to apply knowledge.",2.0,"['Foundational Knowledge', 'Problem Solving']",SOHEL RANA,[],E,120.0,TXP,3.4,[],0.0
TXP231,Fabric Manufacture Lab. - I,"Fabric Manufacture Lab. - I introduces core concepts and practical techniques related to fabric manufacture lab. - i.
Students will learn theory and hands-on skills, with assignments and projects to apply knowledge.",2.0,"['Foundational Knowledge', 'Problem Solving']",AMIT RAWAL,[],B,120.0,TXP,1.03,[],0.0
TXP241,Tech. Of Tex. Pre. & Fin. Lab.,"Tech. Of Tex. Pre. & Fin. Lab. introduces core concepts and practical techniques related to tech. of tex. pre. & fin. lab..
Students will learn theory and hands-on skills, with assignments and projects to apply knowledge.",2.0,"['Foundational Knowledge', 'Problem Solving']","HARUN VENKATESAN , MD. S. WAZED ALI , SAMRAT MUKHOPADHYAY   , BHUPENDRA SINGH BUTOLA",[],F,120.0,TXP,2.21,[],0.0
TXP361,Evaluation Of Textiles Lab,"Evaluation Of Textiles Lab introduces core concepts and practical techniques related to evaluation of textiles lab.
Students will learn theory and hands-on skills, with assignments and projects to apply knowledge.",3.0,"['Foundational Knowledge', 'Problem Solving']",BIPIN  KUMAR,[],D,120.0,TXP,1.84,[],0.0
TXP7103,Fibre Manufacturing Lab,"Fibre Manufacturing Lab introduces core concepts and practical techniques related to fibre manufacturing lab.
Students will learn theory and hands-on skills, with assignments and projects to apply knowledge.",7.0,"['Foundational Knowledge', 'Problem Solving']",ARCHANA SAMANTA,[],B,40.0,TXP,1.55,[],0.0
TXP7402,Analysis Of Chemicals And Finished Textiles Lab,"Analysis Of Chemicals And Finished Textiles Lab introduces core concepts and practical techniques related to analysis of chemicals and finished textiles lab.
Students will learn theory and hands-on skills, with assignments and projects to apply knowledge.",7.0,"['Foundational Knowledge', 'Problem Solving']",JAVED NABIBAKSHA SHEIKH,[],P,30.0,TXP,2.02,[],0.0
TXQ302,Seminar Course 2,"Seminar Course 2 introduces core concepts and practical techniques related to seminar course 2.
Students will learn theory and hands-on skills, with assignments and projects to apply knowledge.",3.0,"['Technical Writing', 'Project Management', 'Research']",APURBA DAS,[],P,120.0,TXQ,2.31,[],0.0
TXV7003,Technology Of Industrial Fabric Care,"Technology Of Industrial Fabric Care introduces core concepts and practical techniques related to technology of industrial fabric care.
Students will learn theory and hands-on skills, with assignments and projects to apply knowledge.",7.0,"['Foundational Knowledge', 'Problem Solving']",JAVED NABIBAKSHA SHEIKH,[],X,20.0,TXV,1.03,[],1.0
TRL7101,Transportation Safety And Injury Prevention Principles,"Transportation Safety And Injury Prevention Principles introduces core concepts and practical techniques related to transportation safety and injury prevention principles.
Students will learn theory and hands-on skills, with assignments and projects to apply knowledge.",7.0,"['Foundational Knowledge', 'Problem Solving']",GEETAM TIWARI,[],K,20.0,TRL,3.99,[],3.0
TRL7201,Transport Planning For Sustainable Cities,"Transport Planning For Sustainable Cities introduces core concepts and practical techniques related to transport planning for sustainable cities.
Students will learn theory and hands-on skills, with assignments and projects to apply knowledge.",7.0,"['Foundational Knowledge', 'Problem Solving']",DEEPTY JAIN,[],B,20.0,TRL,1.7,[],2.0
TRL7203,Transport Law &Amp; Policy,"Transport Law &Amp; Policy introduces core concepts and practical techniques related to transport law &amp; policy.
Students will learn theory and hands-on skills, with assignments and projects to apply knowledge.",7.0,"['Foundational Knowledge', 'Problem Solving']",GIRISH  AGRAWAL,[],K,20.0,TRL,2.52,[],2.0
TRL7206,Traffic Simulation And Modelling: Theory And Applications,"Traffic Simulation And Modelling: Theory And Applications introduces core concepts and practical techniques related to traffic simulation and modelling: theory and applications.
Students will learn theory and hands-on skills, with assignments and projects to apply knowledge.",7.0,"['Foundational Knowledge', 'Problem Solving']",CHAKKA MOHANA NAGA SAI CHAND,[],AB,20.0,TRL,3.81,[],2.0
TRL7500,The City: A Multiple Perspective Construct,"The City: A Multiple Perspective Construct introduces core concepts and practical techniques related to the city: a multiple perspective construct.
Students will learn theory and hands-on skills, with assignments and projects to apply knowledge.",7.0,"['Foundational Knowledge', 'Problem Solving']",GIRISH  AGRAWAL,[],AD,20.0,TRL,3.0,[],3.0
TRL8054,Epidemiology Methods For Road Traffic Injuries,"Epidemiology Methods For Road Traffic Injuries introduces core concepts and practical techniques related to epidemiology methods for road traffic injuries.
Students will learn theory and hands-on skills, with assignments and projects to apply knowledge.",8.0,"['Foundational Knowledge', 'Problem Solving']",RAHUL GOEL,[],H,15.0,TRL,4.33,[],3.0
TRL8200,"Special Topics In Transportation, Environment &Amp; Health","Special Topics In Transportation, Environment &Amp; Health introduces core concepts and practical techniques related to special topics in transportation, environment &amp; health.
Students will learn theory and hands-on skills, with assignments and projects to apply knowledge.",8.0,"['Foundational Knowledge', 'Problem Solving']",GIRISH  AGRAWAL,[],J,20.0,TRL,4.22,[],3.0
TRP7001,Road Safety Audit Methods,"Road Safety Audit Methods introduces core concepts and practical techniques related to road safety audit methods.
Students will learn theory and hands-on skills, with assignments and projects to apply knowledge.",7.0,"['Foundational Knowledge', 'Problem Solving']",DEEPTY JAIN,[],J,20.0,TRP,1.29,[],0.0
TRV7002,Cost Of Transportation Externalities,"Cost Of Transportation Externalities introduces core concepts and practical techniques related to cost of transportation externalities.
Students will learn theory and hands-on skills, with assignments and projects to apply knowledge.",7.0,"['Foundational Knowledge', 'Problem Solving']",GEETAM TIWARI,[],A,20.0,TRV,4.45,[],1.0
